<?xml version="1.0"?>
<gpx version="1.1" creator="GDAL 3.8.4" xmlns:xsi="http://www.w3.org/2001/XMLSchema-instance" xmlns="http://www.topografix.com/GPX/1/1" xsi:schemaLocation="http://www.topografix.com/GPX/1/1 http://www.topografix.com/GPX/1/1/gpx.xsd">
<metadata>
<bounds minlat="47.279104616059186" minlon="6.177737491774982" maxlat="55.049243291198110" maxlon="15.017688761924420"/>                                        
</metadata>
<wpt lat="47.279104616059186" lon="10.174532546094706">
</wpt>
<wpt lat="47.279104616059186" lon="10.187788515467306">
</wpt>
<wpt lat="47.288097832118375" lon="10.188523222030382">
</wpt>
<wpt lat="47.288097832118375" lon="10.201781445104094">
</wpt>
<wpt lat="47.297091048177563" lon="10.189258284977443">
</wpt>
<wpt lat="47.297091048177563" lon="10.202518762845472">
</wpt>
<wpt lat="47.297091048177563" lon="10.2157792407135">
</wpt>
<wpt lat="47.297091048177563" lon="10.229039718581529">
</wpt>
<wpt lat="47.306084264236752" lon="10.18999370452754">
</wpt>
<wpt lat="47.306084264236752" lon="10.203256438283759">
</wpt>
<wpt lat="47.306084264236752" lon="10.216519172039979">
</wpt>
<wpt lat="47.306084264236752" lon="10.229781905796198">
</wpt>
<wpt lat="47.306084264236752" lon="10.243044639552418">
</wpt>
<wpt lat="47.306084264236752" lon="10.256307373308637">
</wpt>
<wpt lat="47.31507748029594" lon="10.203994471637067">
</wpt>
<wpt lat="47.31507748029594" lon="10.217259462376019">
</wpt>
<wpt lat="47.31507748029594" lon="10.23052445311497">
</wpt>
<wpt lat="47.31507748029594" lon="10.243789443853922">
</wpt>
<wpt lat="47.31507748029594" lon="10.257054434592874">
</wpt>
<wpt lat="47.31507748029594" lon="10.270319425331826">
</wpt>
<wpt lat="47.324070696355129" lon="10.204732863124667">
</wpt>
<wpt lat="47.324070696355129" lon="10.218000111941562">
</wpt>
<wpt lat="47.324070696355129" lon="10.231267360758457">
</wpt>
<wpt lat="47.324070696355129" lon="10.244534609575352">
</wpt>
<wpt lat="47.324070696355129" lon="10.257801858392247">
</wpt>
<wpt lat="47.324070696355129" lon="10.271069107209142">
</wpt>
<wpt lat="47.324070696355129" lon="10.284336356026037">
</wpt>
<wpt lat="47.324070696355129" lon="10.297603604842932">
</wpt>
<wpt lat="47.467962153302146" lon="13.010336800756759">
</wpt>
<wpt lat="47.476955369361335" lon="12.998253637801595">
</wpt>
<wpt lat="47.476955369361335" lon="13.011559442163165">
</wpt>
<wpt lat="47.485948585420523" lon="12.972858431423523">
</wpt>
<wpt lat="47.485948585420523" lon="12.986166513692107">
</wpt>
<wpt lat="47.485948585420523" lon="12.99947459596069">
</wpt>
<wpt lat="47.485948585420523" lon="13.012782678229273">
</wpt>
<wpt lat="47.494941801479712" lon="12.960765064185969">
</wpt>
<wpt lat="47.494941801479712" lon="12.97407542546962">
</wpt>
<wpt lat="47.494941801479712" lon="12.98738578675327">
</wpt>
<wpt lat="47.494941801479712" lon="13.000696148036921">
</wpt>
<wpt lat="47.494941801479712" lon="13.014006509320572">
</wpt>
<wpt lat="47.494941801479712" lon="13.027316870604222">
</wpt>
<wpt lat="47.5039350175389" lon="12.935355087358207">
</wpt>
<wpt lat="47.5039350175389" lon="12.948667728765662">
</wpt>
<wpt lat="47.5039350175389" lon="12.961980370173116">
</wpt>
<wpt lat="47.5039350175389" lon="12.97529301158057">
</wpt>
<wpt lat="47.5039350175389" lon="12.988605652988024">
</wpt>
<wpt lat="47.5039350175389" lon="13.001918294395479">
</wpt>
<wpt lat="47.5039350175389" lon="13.015230935802933">
</wpt>
<wpt lat="47.5039350175389" lon="13.028543577210387">
</wpt>
<wpt lat="47.512928233598089" lon="11.57844431285006">
</wpt>
<wpt lat="47.512928233598089" lon="12.909936576917673">
</wpt>
<wpt lat="47.512928233598089" lon="12.923251499558349">
</wpt>
<wpt lat="47.512928233598089" lon="12.936566422199025">
</wpt>
<wpt lat="47.512928233598089" lon="12.949881344839701">
</wpt>
<wpt lat="47.512928233598089" lon="12.963196267480377">
</wpt>
<wpt lat="47.512928233598089" lon="12.98982611276173">
</wpt>
<wpt lat="47.512928233598089" lon="13.003141035402406">
</wpt>
<wpt lat="47.512928233598089" lon="13.016455958043082">
</wpt>
<wpt lat="47.512928233598089" lon="13.029770880683758">
</wpt>
<wpt lat="47.521921449657277" lon="10.793708344079432">
</wpt>
<wpt lat="47.521921449657277" lon="12.89782673155119">
</wpt>
<wpt lat="47.521921449657277" lon="12.911143936535188">
</wpt>
<wpt lat="47.521921449657277" lon="12.924461141519187">
</wpt>
<wpt lat="47.521921449657277" lon="12.937778346503185">
</wpt>
<wpt lat="47.521921449657277" lon="12.951095551487183">
</wpt>
<wpt lat="47.521921449657277" lon="12.964412756471182">
</wpt>
<wpt lat="47.521921449657277" lon="12.991047166439179">
</wpt>
<wpt lat="47.530914665716466" lon="10.794553222098907">
</wpt>
<wpt lat="47.530914665716466" lon="10.807872710537012">
</wpt>
<wpt lat="47.530914665716466" lon="12.872393418443311">
</wpt>
<wpt lat="47.530914665716466" lon="12.885712906881416">
</wpt>
<wpt lat="47.530914665716466" lon="12.899032395319521">
</wpt>
<wpt lat="47.530914665716466" lon="12.912351883757626">
</wpt>
<wpt lat="47.530914665716466" lon="12.925671372195731">
</wpt>
<wpt lat="47.530914665716466" lon="12.938990860633837">
</wpt>
<wpt lat="47.539907881775655" lon="10.795398511361634">
</wpt>
<wpt lat="47.539907881775655" lon="10.808720284365315">
</wpt>
<wpt lat="47.539907881775655" lon="11.59470489158244">
</wpt>
<wpt lat="47.539907881775655" lon="12.860273326932049">
</wpt>
<wpt lat="47.539907881775655" lon="12.873595099935729">
</wpt>
<wpt lat="47.539907881775655" lon="12.886916872939409">
</wpt>
<wpt lat="47.539907881775655" lon="12.900238645943089">
</wpt>
<wpt lat="47.539907881775655" lon="12.913560418946769">
</wpt>
<wpt lat="47.539907881775655" lon="12.926882191950449">
</wpt>
<wpt lat="47.539907881775655" lon="12.940203964954129">
</wpt>
<wpt lat="47.548901097834843" lon="10.809568270802581">
</wpt>
<wpt lat="47.548901097834843" lon="12.834825190376742">
</wpt>
<wpt lat="47.548901097834843" lon="12.848149249058151">
</wpt>
<wpt lat="47.548901097834843" lon="12.86147330773956">
</wpt>
<wpt lat="47.548901097834843" lon="12.874797366420969">
</wpt>
<wpt lat="47.548901097834843" lon="12.888121425102378">
</wpt>
<wpt lat="47.548901097834843" lon="12.901445483783787">
</wpt>
<wpt lat="47.548901097834843" lon="12.914769542465196">
</wpt>
<wpt lat="47.548901097834843" lon="12.928093601146605">
</wpt>
<wpt lat="47.557894313894032" lon="11.609997398420878">
</wpt>
<wpt lat="47.557894313894032" lon="12.809368490898526">
</wpt>
<wpt lat="47.557894313894032" lon="12.8226948363705">
</wpt>
<wpt lat="47.557894313894032" lon="12.836021181842474">
</wpt>
<wpt lat="47.557894313894032" lon="12.849347527314448">
</wpt>
<wpt lat="47.557894313894032" lon="12.862673872786422">
</wpt>
<wpt lat="47.557894313894032" lon="12.876000218258396">
</wpt>
<wpt lat="47.557894313894032" lon="12.88932656373037">
</wpt>
<wpt lat="47.56688752995322" lon="11.610983485084228">
</wpt>
<wpt lat="47.56688752995322" lon="12.810560488930152">
</wpt>
<wpt lat="47.56688752995322" lon="12.823889122306218">
</wpt>
<wpt lat="47.56688752995322" lon="12.837217755682284">
</wpt>
<wpt lat="47.56688752995322" lon="12.85054638905835">
</wpt>
<wpt lat="47.56688752995322" lon="12.863875022434415">
</wpt>
<wpt lat="47.575880746012409" lon="11.611970051972014">
</wpt>
<wpt lat="47.575880746012409" lon="12.811753067465039">
</wpt>
<wpt lat="47.575880746012409" lon="12.825083989859406">
</wpt>
<wpt lat="47.575880746012409" lon="12.838414912253773">
</wpt>
<wpt lat="47.575880746012409" lon="12.85174583464814">
</wpt>
<wpt lat="47.584873962071597" lon="10.786297922671373">
</wpt>
<wpt lat="47.584873962071597" lon="10.799631135198938">
</wpt>
<wpt lat="47.584873962071597" lon="11.612957099380385">
</wpt>
<wpt lat="47.584873962071597" lon="12.812946226861207">
</wpt>
<wpt lat="47.584873962071597" lon="12.826279439388772">
</wpt>
<wpt lat="47.593867178130786" lon="10.773807889696029">
</wpt>
<wpt lat="47.602860394189975" lon="10.774651480036594">
</wpt>
<wpt lat="47.611853610249163" lon="10.775495481419453">
</wpt>
<wpt lat="47.62984004236754" lon="10.750495358443393">
</wpt>
<wpt lat="47.62984004236754" lon="11.617899554615059">
</wpt>
<wpt lat="47.62984004236754" lon="11.631244234556162">
</wpt>
<wpt lat="47.638833258426729" lon="10.684601116910164">
</wpt>
<wpt lat="47.638833258426729" lon="11.618889491380306">
</wpt>
<wpt lat="47.638833258426729" lon="11.632236468158451">
</wpt>
<wpt lat="47.647826474485917" lon="10.685430679301945">
</wpt>
<wpt lat="47.656819690545106" lon="11.620870813009814">
</wpt>
<wpt lat="47.665812906604295" lon="10.660383269724194">
</wpt>
<wpt lat="47.665812906604295" lon="10.673737143734568">
</wpt>
<wpt lat="47.665812906604295" lon="11.621862198471108">
</wpt>
<wpt lat="47.674806122663483" lon="10.634497092974009">
</wpt>
<wpt lat="47.674806122663483" lon="10.647853268304468">
</wpt>
<wpt lat="47.674806122663483" lon="10.661209443634927">
</wpt>
<wpt lat="47.674806122663483" lon="10.674565618965387">
</wpt>
<wpt lat="47.674806122663483" lon="10.687921794295846">
</wpt>
<wpt lat="47.674806122663483" lon="10.701277969626306">
</wpt>
<wpt lat="47.683799338722672" lon="10.64867754274786">
</wpt>
<wpt lat="47.683799338722672" lon="10.662036020520899">
</wpt>
<wpt lat="47.683799338722672" lon="10.675394498293938">
</wpt>
<wpt lat="47.683799338722672" lon="10.688752976066977">
</wpt>
<wpt lat="47.683799338722672" lon="10.702111453840017">
</wpt>
<wpt lat="47.69279255478186" lon="8.17775767161322">
</wpt>
<wpt lat="47.69279255478186" lon="8.191118452952024">
</wpt>
<wpt lat="47.69279255478186" lon="8.204479234290828">
</wpt>
<wpt lat="47.69279255478186" lon="10.649502219291945">
</wpt>
<wpt lat="47.69279255478186" lon="10.662863000630749">
</wpt>
<wpt lat="47.69279255478186" lon="10.676223781969552">
</wpt>
<wpt lat="47.69279255478186" lon="10.689584563308356">
</wpt>
<wpt lat="47.701785770841049" lon="8.178156382922184">
</wpt>
<wpt lat="47.701785770841049" lon="8.191519468950636">
</wpt>
<wpt lat="47.701785770841049" lon="8.204882554979088">
</wpt>
<wpt lat="47.701785770841049" lon="10.650327298185791">
</wpt>
<wpt lat="47.701785770841049" lon="10.663690384214243">
</wpt>
<wpt lat="47.701785770841049" lon="10.677053470242695">
</wpt>
<wpt lat="47.701785770841049" lon="10.690416556271147">
</wpt>
<wpt lat="47.710778986900237" lon="8.205286072468599">
</wpt>
<wpt lat="47.710778986900237" lon="8.218651464311277">
</wpt>
<wpt lat="47.710778986900237" lon="10.65115277967862">
</wpt>
<wpt lat="47.710778986900237" lon="10.664518171521298">
</wpt>
<wpt lat="47.710778986900237" lon="10.677883563363975">
</wpt>
<wpt lat="47.719772202959426" lon="8.205689786880766">
</wpt>
<wpt lat="47.719772202959426" lon="8.219057485662942">
</wpt>
<wpt lat="47.719772202959426" lon="10.651978664018939">
</wpt>
<wpt lat="47.728765419018615" lon="10.064524650159905">
</wpt>
<wpt lat="47.728765419018615" lon="10.077894657007548">
</wpt>
<wpt lat="47.728765419018615" lon="10.532474889827395">
</wpt>
<wpt lat="47.728765419018615" lon="10.639434944608535">
</wpt>
<wpt lat="47.737758635077803" lon="8.246614755080456">
</wpt>
<wpt lat="47.737758635077803" lon="10.051877420450465">
</wpt>
<wpt lat="47.737758635077803" lon="10.065249736490243">
</wpt>
<wpt lat="47.737758635077803" lon="10.078622052530021">
</wpt>
<wpt lat="47.737758635077803" lon="10.519908481842689">
</wpt>
<wpt lat="47.737758635077803" lon="10.533280797882467">
</wpt>
<wpt lat="47.737758635077803" lon="10.546653113922245">
</wpt>
<wpt lat="47.737758635077803" lon="10.560025429962023">
</wpt>
<wpt lat="47.746751851136992" lon="8.247025991951167">
</wpt>
<wpt lat="47.746751851136992" lon="9.985727418657076">
</wpt>
<wpt lat="47.746751851136992" lon="10.065975176812733">
</wpt>
<wpt lat="47.746751851136992" lon="10.079349803172009">
</wpt>
<wpt lat="47.746751851136992" lon="10.507337846668849">
</wpt>
<wpt lat="47.746751851136992" lon="10.520712473028125">
</wpt>
<wpt lat="47.746751851136992" lon="10.534087099387401">
</wpt>
<wpt lat="47.746751851136992" lon="10.547461725746677">
</wpt>
<wpt lat="47.746751851136992" lon="10.560836352105953">
</wpt>
<wpt lat="47.746751851136992" lon="10.587585604824506">
</wpt>
<wpt lat="47.75574506719618" lon="9.986439344505973">
</wpt>
<wpt lat="47.75574506719618" lon="10.026570157926486">
</wpt>
<wpt lat="47.764738283255369" lon="9.987151618013426">
</wpt>
<wpt lat="47.764738283255369" lon="10.000530868396586">
</wpt>
<wpt lat="47.764738283255369" lon="10.013910118779746">
</wpt>
<wpt lat="47.764738283255369" lon="10.027289369162906">
</wpt>
<wpt lat="47.773731499314557" lon="10.001245803483924">
</wpt>
<wpt lat="47.791717931432935" lon="8.262471385613626">
</wpt>
<wpt lat="47.791717931432935" lon="10.52473832231029">
</wpt>
<wpt lat="47.791717931432935" lon="10.538124517201986">
</wpt>
<wpt lat="47.791717931432935" lon="11.434999574945634">
</wpt>
<wpt lat="47.791717931432935" lon="11.44838576983733">
</wpt>
<wpt lat="47.800711147492123" lon="8.262886146221884">
</wpt>
<wpt lat="47.800711147492123" lon="8.276274658211952">
</wpt>
<wpt lat="47.800711147492123" lon="10.498767648563105">
</wpt>
<wpt lat="47.800711147492123" lon="10.512156160553172">
</wpt>
<wpt lat="47.800711147492123" lon="10.525544672543239">
</wpt>
<wpt lat="47.800711147492123" lon="10.538933184533306">
</wpt>
<wpt lat="47.800711147492123" lon="11.435963487867808">
</wpt>
<wpt lat="47.800711147492123" lon="11.449351999857875">
</wpt>
<wpt lat="47.809704363551312" lon="8.263301109505552">
</wpt>
<wpt lat="47.809704363551312" lon="8.276691939726254">
</wpt>
<wpt lat="47.809704363551312" lon="8.290082769946956">
</wpt>
<wpt lat="47.809704363551312" lon="9.856809905769113">
</wpt>
<wpt lat="47.809704363551312" lon="9.937154887093326">
</wpt>
<wpt lat="47.809704363551312" lon="10.164799000845264">
</wpt>
<wpt lat="47.809704363551312" lon="10.486178926142117">
</wpt>
<wpt lat="47.809704363551312" lon="10.499569756362819">
</wpt>
<wpt lat="47.809704363551312" lon="10.512960586583521">
</wpt>
<wpt lat="47.809704363551312" lon="10.526351416804223">
</wpt>
<wpt lat="47.809704363551312" lon="11.450318702032675">
</wpt>
<wpt lat="47.8186975796105" lon="8.277109425174705">
</wpt>
<wpt lat="47.8186975796105" lon="8.29050257475901">
</wpt>
<wpt lat="47.8186975796105" lon="9.857501076122661">
</wpt>
<wpt lat="47.8186975796105" lon="9.870894225706966">
</wpt>
<wpt lat="47.8186975796105" lon="9.884287375291271">
</wpt>
<wpt lat="47.8186975796105" lon="9.91107367445988">
</wpt>
<wpt lat="47.8186975796105" lon="9.924466824044185">
</wpt>
<wpt lat="47.8186975796105" lon="9.937859973628489">
</wpt>
<wpt lat="47.8186975796105" lon="10.152150366977365">
</wpt>
<wpt lat="47.8186975796105" lon="10.165543516561669">
</wpt>
<wpt lat="47.8186975796105" lon="10.178936666145974">
</wpt>
<wpt lat="47.8186975796105" lon="10.192329815730279">
</wpt>
<wpt lat="47.8186975796105" lon="10.205722965314584">
</wpt>
<wpt lat="47.8186975796105" lon="10.513765405753592">
</wpt>
<wpt lat="47.827690795669689" lon="8.277527114683926">
</wpt>
<wpt lat="47.827690795669689" lon="9.84479711422857">
</wpt>
<wpt lat="47.827690795669689" lon="9.858192584310148">
</wpt>
<wpt lat="47.827690795669689" lon="9.871588054391726">
</wpt>
<wpt lat="47.827690795669689" lon="9.884983524473304">
</wpt>
<wpt lat="47.827690795669689" lon="9.898378994554882">
</wpt>
<wpt lat="47.827690795669689" lon="9.91177446463646">
</wpt>
<wpt lat="47.827690795669689" lon="9.925169934718038">
</wpt>
<wpt lat="47.827690795669689" lon="9.938565404799617">
</wpt>
<wpt lat="47.827690795669689" lon="9.951960874881195">
</wpt>
<wpt lat="47.827690795669689" lon="10.085915575696976">
</wpt>
<wpt lat="47.827690795669689" lon="10.099311045778554">
</wpt>
<wpt lat="47.827690795669689" lon="10.179683866268023">
</wpt>
<wpt lat="47.827690795669689" lon="10.193079336349602">
</wpt>
<wpt lat="47.827690795669689" lon="11.532626344507417">
</wpt>
<wpt lat="47.836684011728877" lon="9.832088847114745">
</wpt>
<wpt lat="47.836684011728877" lon="9.845486638827971">
</wpt>
<wpt lat="47.836684011728877" lon="9.858884430541197">
</wpt>
<wpt lat="47.836684011728877" lon="9.872282222254423">
</wpt>
<wpt lat="47.836684011728877" lon="9.885680013967649">
</wpt>
<wpt lat="47.836684011728877" lon="9.899077805680875">
</wpt>
<wpt lat="47.836684011728877" lon="9.912475597394101">
</wpt>
<wpt lat="47.836684011728877" lon="9.925873389107327">
</wpt>
<wpt lat="47.836684011728877" lon="9.939271180820553">
</wpt>
<wpt lat="47.836684011728877" lon="9.952668972533779">
</wpt>
<wpt lat="47.836684011728877" lon="11.547006186407669">
</wpt>
<wpt lat="47.836684011728877" lon="11.560403978120895">
</wpt>
<wpt lat="47.836684011728877" lon="11.573801769834121">
</wpt>
<wpt lat="47.845677227788066" lon="9.846176500545624">
</wpt>
<wpt lat="47.845677227788066" lon="9.859576615025576">
</wpt>
<wpt lat="47.845677227788066" lon="9.872976729505528">
</wpt>
<wpt lat="47.845677227788066" lon="9.899776958465431">
</wpt>
<wpt lat="47.845677227788066" lon="9.913177072945382">
</wpt>
<wpt lat="47.845677227788066" lon="9.926577187425334">
</wpt>
<wpt lat="47.845677227788066" lon="11.547991039499477">
</wpt>
<wpt lat="47.845677227788066" lon="11.561391153979429">
</wpt>
<wpt lat="47.854670443847255" lon="9.846866699591221">
</wpt>
<wpt lat="47.854670443847255" lon="11.56237881254636">
</wpt>
<wpt lat="47.863663659906443" lon="9.847557236173824">
</wpt>
<wpt lat="47.863663659906443" lon="9.941390580124049">
</wpt>
<wpt lat="47.872656875965632" lon="9.848248110503794">
</wpt>
<wpt lat="47.872656875965632" lon="9.928690648089733">
</wpt>
<wpt lat="47.872656875965632" lon="9.942097737687389">
</wpt>
<wpt lat="47.872656875965632" lon="9.955504827285045">
</wpt>
<wpt lat="47.872656875965632" lon="9.982319006480358">
</wpt>
<wpt lat="47.872656875965632" lon="11.564355579003808">
</wpt>
<wpt lat="47.88165009202482" lon="9.969624074996252">
</wpt>
<wpt lat="47.88165009202482" lon="9.983033491908005">
</wpt>
<wpt lat="47.88165009202482" lon="11.551935270583042">
</wpt>
<wpt lat="47.88165009202482" lon="11.565344687494795">
</wpt>
<wpt lat="47.890643308084009" lon="9.983748326889081">
</wpt>
<wpt lat="47.890643308084009" lon="9.997160072253541">
</wpt>
<wpt lat="47.890643308084009" lon="11.52609904380193">
</wpt>
<wpt lat="47.890643308084009" lon="11.539510789166389">
</wpt>
<wpt lat="47.890643308084009" lon="11.552922534530849">
</wpt>
<wpt lat="47.890643308084009" lon="11.566334279895308">
</wpt>
<wpt lat="47.890643308084009" lon="11.579746025259768">
</wpt>
<wpt lat="47.899636524143197" lon="9.152790864338437">
</wpt>
<wpt lat="47.899636524143197" lon="9.984463511640373">
</wpt>
<wpt lat="47.899636524143197" lon="9.997877586596855">
</wpt>
<wpt lat="47.899636524143197" lon="11.527082131635899">
</wpt>
<wpt lat="47.899636524143197" lon="11.540496206592382">
</wpt>
<wpt lat="47.899636524143197" lon="11.553910281548864">
</wpt>
<wpt lat="47.908629740202386" lon="9.059447053870963">
</wpt>
<wpt lat="47.908629740202386" lon="9.072863459559496">
</wpt>
<wpt lat="47.908629740202386" lon="9.086279865248029">
</wpt>
<wpt lat="47.908629740202386" lon="9.099696270936562">
</wpt>
<wpt lat="47.908629740202386" lon="9.113112676625095">
</wpt>
<wpt lat="47.908629740202386" lon="9.126529082313628">
</wpt>
<wpt lat="47.908629740202386" lon="9.13994548800216">
</wpt>
<wpt lat="47.908629740202386" lon="9.998595452068264">
</wpt>
<wpt lat="47.908629740202386" lon="10.012011857756796">
</wpt>
<wpt lat="47.917622956261575" lon="8.295133998598809">
</wpt>
<wpt lat="47.917622956261575" lon="8.308552736160129">
</wpt>
<wpt lat="47.917622956261575" lon="9.060002039594059">
</wpt>
<wpt lat="47.917622956261575" lon="9.073420777155379">
</wpt>
<wpt lat="47.917622956261575" lon="9.086839514716699">
</wpt>
<wpt lat="47.917622956261575" lon="9.100258252278019">
</wpt>
<wpt lat="47.917622956261575" lon="9.113676989839339">
</wpt>
<wpt lat="47.917622956261575" lon="9.127095727400659">
</wpt>
<wpt lat="47.917622956261575" lon="9.98589493132515">
</wpt>
<wpt lat="47.917622956261575" lon="9.999313668886471">
</wpt>
<wpt lat="47.917622956261575" lon="10.012732406447791">
</wpt>
<wpt lat="47.917622956261575" lon="10.026151144009111">
</wpt>
<wpt lat="47.917622956261575" lon="11.354606162579808">
</wpt>
<wpt lat="47.917622956261575" lon="11.770587026980733">
</wpt>
<wpt lat="47.926616172320763" lon="8.282135203599136">
</wpt>
<wpt lat="47.926616172320763" lon="8.295556274174686">
</wpt>
<wpt lat="47.926616172320763" lon="8.308977344750236">
</wpt>
<wpt lat="47.926616172320763" lon="9.060557296981035">
</wpt>
<wpt lat="47.926616172320763" lon="9.073978367556585">
</wpt>
<wpt lat="47.926616172320763" lon="9.087399438132135">
</wpt>
<wpt lat="47.926616172320763" lon="9.100820508707685">
</wpt>
<wpt lat="47.926616172320763" lon="9.597400120003034">
</wpt>
<wpt lat="47.926616172320763" lon="9.865821531514033">
</wpt>
<wpt lat="47.926616172320763" lon="9.879242602089583">
</wpt>
<wpt lat="47.926616172320763" lon="10.000032237269533">
</wpt>
<wpt lat="47.926616172320763" lon="10.013453307845083">
</wpt>
<wpt lat="47.926616172320763" lon="10.026874378420633">
</wpt>
<wpt lat="47.926616172320763" lon="11.342139294824531">
</wpt>
<wpt lat="47.926616172320763" lon="11.77161355324213">
</wpt>
<wpt lat="47.926616172320763" lon="11.79845569439323">
</wpt>
<wpt lat="47.935609388379952" lon="8.295978756480624">
</wpt>
<wpt lat="47.935609388379952" lon="8.30940216121256">
</wpt>
<wpt lat="47.935609388379952" lon="9.584625610746516">
</wpt>
<wpt lat="47.935609388379952" lon="9.598049015478452">
</wpt>
<wpt lat="47.935609388379952" lon="9.692012848602007">
</wpt>
<wpt lat="47.935609388379952" lon="9.879940514849116">
</wpt>
<wpt lat="47.935609388379952" lon="10.014174562168479">
</wpt>
<wpt lat="47.935609388379952" lon="11.329668225898244">
</wpt>
<wpt lat="47.935609388379952" lon="11.34309163063018">
</wpt>
<wpt lat="47.935609388379952" lon="11.772640582052144">
</wpt>
<wpt lat="47.94460260443914" lon="8.296401445645513">
</wpt>
<wpt lat="47.94460260443914" lon="8.309827185676703">
</wpt>
<wpt lat="47.94460260443914" lon="9.894064509357111">
</wpt>
<wpt lat="47.953595820498329" lon="9.07565277729147">
</wpt>
<wpt lat="47.953595820498329" lon="9.693344295096523">
</wpt>
<wpt lat="47.953595820498329" lon="9.827625059836752">
</wpt>
<wpt lat="47.962589036557517" lon="9.076211460613722">
</wpt>
<wpt lat="47.962589036557517" lon="12.205497936860709">
</wpt>
<wpt lat="47.962589036557517" lon="12.218928350921855">
</wpt>
<wpt lat="47.971582252616706" lon="9.721542551668824">
</wpt>
<wpt lat="47.971582252616706" lon="11.924514009765295">
</wpt>
<wpt lat="47.980575468675895" lon="9.493817521200954">
</wpt>
<wpt lat="47.980575468675895" lon="9.507252613872069">
</wpt>
<wpt lat="47.980575468675895" lon="9.534122799214298">
</wpt>
<wpt lat="47.980575468675895" lon="9.547557891885413">
</wpt>
<wpt lat="47.980575468675895" lon="9.560992984556528">
</wpt>
<wpt lat="47.980575468675895" lon="9.708779003938789">
</wpt>
<wpt lat="47.980575468675895" lon="9.722214096609903">
</wpt>
<wpt lat="47.980575468675895" lon="9.735649189281018">
</wpt>
<wpt lat="47.989568684735083" lon="9.548199332536832">
</wpt>
<wpt lat="47.989568684735083" lon="9.709448536881517">
</wpt>
<wpt lat="47.989568684735083" lon="9.722885970576908">
</wpt>
<wpt lat="47.989568684735083" lon="9.736323404272298">
</wpt>
<wpt lat="47.989568684735083" lon="9.991634644484716">
</wpt>
<wpt lat="47.998561900794272" lon="8.218303276691886">
</wpt>
<wpt lat="47.998561900794272" lon="9.065009156300965">
</wpt>
<wpt lat="47.998561900794272" lon="9.696678622041071">
</wpt>
<wpt lat="47.998561900794272" lon="9.710118397907882">
</wpt>
<wpt lat="47.998561900794272" lon="9.723558173774693">
</wpt>
<wpt lat="47.998561900794272" lon="9.992353691110909">
</wpt>
<wpt lat="48.00755511685346" lon="9.065566866290228">
</wpt>
<wpt lat="48.00755511685346" lon="9.186545938965068">
</wpt>
<wpt lat="48.00755511685346" lon="9.697346468036617">
</wpt>
<wpt lat="48.00755511685346" lon="9.724230706408804">
</wpt>
<wpt lat="48.00755511685346" lon="9.966188851758485">
</wpt>
<wpt lat="48.00755511685346" lon="9.979630970944578">
</wpt>
<wpt lat="48.00755511685346" lon="9.993073090130672">
</wpt>
<wpt lat="48.016548332912649" lon="8.272901494057649">
</wpt>
<wpt lat="48.016548332912649" lon="9.052680385986989">
</wpt>
<wpt lat="48.016548332912649" lon="9.066124849640943">
</wpt>
<wpt lat="48.016548332912649" lon="9.173680558872576">
</wpt>
<wpt lat="48.016548332912649" lon="9.18712502252653">
</wpt>
<wpt lat="48.016548332912649" lon="9.684570177722833">
</wpt>
<wpt lat="48.016548332912649" lon="9.980348378109824">
</wpt>
<wpt lat="48.016548332912649" lon="9.993792841763778">
</wpt>
<wpt lat="48.025541548971837" lon="8.246427740986094">
</wpt>
<wpt lat="48.025541548971837" lon="8.259874550257202">
</wpt>
<wpt lat="48.025541548971837" lon="9.066683106523627">
</wpt>
<wpt lat="48.025541548971837" lon="9.080129915794734">
</wpt>
<wpt lat="48.025541548971837" lon="9.174257580692483">
</wpt>
<wpt lat="48.025541548971837" lon="9.18770438996359">
</wpt>
<wpt lat="48.025541548971837" lon="9.994512946230016">
</wpt>
<wpt lat="48.034534765031026" lon="8.260292274812675">
</wpt>
<wpt lat="48.034534765031026" lon="9.080690793147356">
</wpt>
<wpt lat="48.034534765031026" lon="9.174834885415271">
</wpt>
<wpt lat="48.034534765031026" lon="9.188284041453544">
</wpt>
<wpt lat="48.034534765031026" lon="9.282428133721458">
</wpt>
<wpt lat="48.034534765031026" lon="9.672453658831389">
</wpt>
<wpt lat="48.034534765031026" lon="9.685902814869662">
</wpt>
<wpt lat="48.034534765031026" lon="9.995233403749952">
</wpt>
<wpt lat="48.034534765031026" lon="10.008682559788225">
</wpt>
<wpt lat="48.043527981090214" lon="8.260710204197963">
</wpt>
<wpt lat="48.043527981090214" lon="9.081251945524279">
</wpt>
<wpt lat="48.043527981090214" lon="9.659666615639551">
</wpt>
<wpt lat="48.043527981090214" lon="9.673118119595721">
</wpt>
<wpt lat="48.043527981090214" lon="9.68656962355189">
</wpt>
<wpt lat="48.052521197149403" lon="8.261128338541086">
</wpt>
<wpt lat="48.052521197149403" lon="9.081813373097301">
</wpt>
<wpt lat="48.052521197149403" lon="9.485428963862653">
</wpt>
<wpt lat="48.052521197149403" lon="9.660329053194305">
</wpt>
<wpt lat="48.052521197149403" lon="9.673782906219817">
</wpt>
<wpt lat="48.052521197149403" lon="9.687236759245328">
</wpt>
<wpt lat="48.052521197149403" lon="9.70069061227084">
</wpt>
<wpt lat="48.052521197149403" lon="9.714144465296352">
</wpt>
<wpt lat="48.052521197149403" lon="9.727598318321864">
</wpt>
<wpt lat="48.052521197149403" lon="9.902498407653516">
</wpt>
<wpt lat="48.061514413208592" lon="8.248090474722801">
</wpt>
<wpt lat="48.061514413208592" lon="8.261546677969822">
</wpt>
<wpt lat="48.061514413208592" lon="8.275002881216842">
</wpt>
<wpt lat="48.061514413208592" lon="9.472604970201683">
</wpt>
<wpt lat="48.061514413208592" lon="9.486061173448704">
</wpt>
<wpt lat="48.061514413208592" lon="9.660991815659973">
</wpt>
<wpt lat="48.061514413208592" lon="9.674448018906993">
</wpt>
<wpt lat="48.061514413208592" lon="9.687904222154014">
</wpt>
<wpt lat="48.061514413208592" lon="9.701360425401035">
</wpt>
<wpt lat="48.061514413208592" lon="9.714816628648055">
</wpt>
<wpt lat="48.061514413208592" lon="9.903203474106345">
</wpt>
<wpt lat="48.061514413208592" lon="10.064677913070593">
</wpt>
<wpt lat="48.07050762926778" lon="7.992794130183919">
</wpt>
<wpt lat="48.07050762926778" lon="8.235048113369428">
</wpt>
<wpt lat="48.07050762926778" lon="8.248506667990846">
</wpt>
<wpt lat="48.07050762926778" lon="8.261965222612263">
</wpt>
<wpt lat="48.07050762926778" lon="8.27542377723368">
</wpt>
<wpt lat="48.07050762926778" lon="8.288882331855097">
</wpt>
<wpt lat="48.07050762926778" lon="9.486693693161229">
</wpt>
<wpt lat="48.07050762926778" lon="9.500152247782646">
</wpt>
<wpt lat="48.07050762926778" lon="9.553986466268315">
</wpt>
<wpt lat="48.07050762926778" lon="9.648196348618235">
</wpt>
<wpt lat="48.07050762926778" lon="9.661654903239652">
</wpt>
<wpt lat="48.07050762926778" lon="9.67511345786107">
</wpt>
<wpt lat="48.07050762926778" lon="9.688572012482487">
</wpt>
<wpt lat="48.07050762926778" lon="9.702030567103904">
</wpt>
<wpt lat="48.079500845326969" lon="8.006626736757894">
</wpt>
<wpt lat="48.079500845326969" lon="8.235462158298047">
</wpt>
<wpt lat="48.079500845326969" lon="8.248923065447467">
</wpt>
<wpt lat="48.079500845326969" lon="8.262383972596888">
</wpt>
<wpt lat="48.079500845326969" lon="8.275844879746309">
</wpt>
<wpt lat="48.079500845326969" lon="8.28930578689573">
</wpt>
<wpt lat="48.079500845326969" lon="8.30276669404515">
</wpt>
<wpt lat="48.079500845326969" lon="9.070038401562131">
</wpt>
<wpt lat="48.079500845326969" lon="9.500787430343594">
</wpt>
<wpt lat="48.079500845326969" lon="9.514248337493015">
</wpt>
<wpt lat="48.079500845326969" lon="9.527709244642436">
</wpt>
<wpt lat="48.079500845326969" lon="9.541170151791857">
</wpt>
<wpt lat="48.079500845326969" lon="9.554631058941277">
</wpt>
<wpt lat="48.079500845326969" lon="9.568091966090698">
</wpt>
<wpt lat="48.079500845326969" lon="9.648857408987222">
</wpt>
<wpt lat="48.079500845326969" lon="9.662318316136643">
</wpt>
<wpt lat="48.079500845326969" lon="9.675779223286064">
</wpt>
<wpt lat="48.079500845326969" lon="9.689240130435484">
</wpt>
<wpt lat="48.079500845326969" lon="10.012301902021582">
</wpt>
<wpt lat="48.088494061386157" lon="8.235876406388426">
</wpt>
<wpt lat="48.088494061386157" lon="8.976355752134809">
</wpt>
<wpt lat="48.088494061386157" lon="9.057135317125324">
</wpt>
<wpt lat="48.088494061386157" lon="9.541812707068411">
</wpt>
<wpt lat="48.088494061386157" lon="9.555275967900164">
</wpt>
<wpt lat="48.088494061386157" lon="9.568739228731916">
</wpt>
<wpt lat="48.088494061386157" lon="9.582202489563668">
</wpt>
<wpt lat="48.088494061386157" lon="9.595665750395421">
</wpt>
<wpt lat="48.088494061386157" lon="9.609129011227173">
</wpt>
<wpt lat="48.088494061386157" lon="9.622592272058926">
</wpt>
<wpt lat="48.088494061386157" lon="9.636055532890678">
</wpt>
<wpt lat="48.088494061386157" lon="9.64951879372243">
</wpt>
<wpt lat="48.088494061386157" lon="9.662982054554183">
</wpt>
<wpt lat="48.088494061386157" lon="9.676445315385935">
</wpt>
<wpt lat="48.088494061386157" lon="9.689908576217688">
</wpt>
<wpt lat="48.088494061386157" lon="10.013026836179746">
</wpt>
<wpt lat="48.097487277445346" lon="9.044227797915509">
</wpt>
<wpt lat="48.097487277445346" lon="9.057693413584643">
</wpt>
<wpt lat="48.097487277445346" lon="9.39433380531298">
</wpt>
<wpt lat="48.097487277445346" lon="9.407799420982114">
</wpt>
<wpt lat="48.097487277445346" lon="9.569386809011716">
</wpt>
<wpt lat="48.097487277445346" lon="9.58285242468085">
</wpt>
<wpt lat="48.097487277445346" lon="9.596318040349983">
</wpt>
<wpt lat="48.097487277445346" lon="9.609783656019117">
</wpt>
<wpt lat="48.097487277445346" lon="9.62324927168825">
</wpt>
<wpt lat="48.097487277445346" lon="9.677111734364784">
</wpt>
<wpt lat="48.097487277445346" lon="9.690577350033918">
</wpt>
<wpt lat="48.097487277445346" lon="9.906027200740054">
</wpt>
<wpt lat="48.097487277445346" lon="9.919492816409187">
</wpt>
<wpt lat="48.106480493504534" lon="8.290577399211655">
</wpt>
<wpt lat="48.106480493504534" lon="8.923572067339142">
</wpt>
<wpt lat="48.106480493504534" lon="8.937040039001429">
</wpt>
<wpt lat="48.106480493504534" lon="9.044783812299725">
</wpt>
<wpt lat="48.106480493504534" lon="9.354547160532325">
</wpt>
<wpt lat="48.106480493504534" lon="9.368015132194612">
</wpt>
<wpt lat="48.106480493504534" lon="9.381483103856899">
</wpt>
<wpt lat="48.106480493504534" lon="9.394951075519186">
</wpt>
<wpt lat="48.106480493504534" lon="9.596970650453491">
</wpt>
<wpt lat="48.106480493504534" lon="9.610438622115778">
</wpt>
<wpt lat="48.106480493504534" lon="9.920201970348378">
</wpt>
<wpt lat="48.106480493504534" lon="9.933669942010665">
</wpt>
<wpt lat="48.115473709563723" lon="8.924107140309157">
</wpt>
<wpt lat="48.115473709563723" lon="8.937577469121091">
</wpt>
<wpt lat="48.115473709563723" lon="9.355157662291045">
</wpt>
<wpt lat="48.115473709563723" lon="9.368627991102979">
</wpt>
<wpt lat="48.115473709563723" lon="9.382098319914913">
</wpt>
<wpt lat="48.115473709563723" lon="12.493744275471666">
</wpt>
<wpt lat="48.124466925622912" lon="7.927663629176571">
</wpt>
<wpt lat="48.124466925622912" lon="9.35576846376949">
</wpt>
<wpt lat="48.124466925622912" lon="9.369241150888291">
</wpt>
<wpt lat="48.1334601416821" lon="7.887599487541431">
</wpt>
<wpt lat="48.1334601416821" lon="7.901074534125041">
</wpt>
<wpt lat="48.1334601416821" lon="7.91454958070865">
</wpt>
<wpt lat="48.1334601416821" lon="9.733680869495938">
</wpt>
<wpt lat="48.142453357741289" lon="7.887953581062735">
</wpt>
<wpt lat="48.142453357741289" lon="7.90143098826982">
</wpt>
<wpt lat="48.142453357741289" lon="7.914908395476905">
</wpt>
<wpt lat="48.142453357741289" lon="9.734358368433481">
</wpt>
<wpt lat="48.142453357741289" lon="9.747835775640567">
</wpt>
<wpt lat="48.151446573800477" lon="7.861348310513153">
</wpt>
<wpt lat="48.151446573800477" lon="7.874828079503106">
</wpt>
<wpt lat="48.151446573800477" lon="7.88830784849306">
</wpt>
<wpt lat="48.151446573800477" lon="9.330643130418022">
</wpt>
<wpt lat="48.151446573800477" lon="9.721556431126654">
</wpt>
<wpt lat="48.160439789859666" lon="7.875180158008178">
</wpt>
<wpt lat="48.160439789859666" lon="7.888662289941118">
</wpt>
<wpt lat="48.160439789859666" lon="9.317768274832842">
</wpt>
<wpt lat="48.160439789859666" lon="9.708750100888125">
</wpt>
<wpt lat="48.169433005918854" lon="8.037346361920529">
</wpt>
<wpt lat="48.169433005918854" lon="9.318373485413925">
</wpt>
<wpt lat="48.178426221978043" lon="8.024240308348537">
</wpt>
<wpt lat="48.178426221978043" lon="8.037727169650715">
</wpt>
<wpt lat="48.178426221978043" lon="8.199569505276855">
</wpt>
<wpt lat="48.178426221978043" lon="8.213056366579034">
</wpt>
<wpt lat="48.187419438037232" lon="8.186489669539984">
</wpt>
<wpt lat="48.187419438037232" lon="8.199978897269867">
</wpt>
<wpt lat="48.19641265409642" lon="9.630497594452375">
</wpt>
<wpt lat="48.205405870155609" lon="7.863449183116403">
</wpt>
<wpt lat="48.205405870155609" lon="7.876943147191514">
</wpt>
<wpt lat="48.205405870155609" lon="7.890437111266625">
</wpt>
<wpt lat="48.205405870155609" lon="9.307303339153348">
</wpt>
<wpt lat="48.205405870155609" lon="9.590676584730694">
</wpt>
<wpt lat="48.205405870155609" lon="9.631158476956029">
</wpt>
<wpt lat="48.214399086214797" lon="7.850303597131508">
</wpt>
<wpt lat="48.214399086214797" lon="7.8637999311256">
</wpt>
<wpt lat="48.214399086214797" lon="7.877296265119692">
</wpt>
<wpt lat="48.214399086214797" lon="7.890792599113784">
</wpt>
<wpt lat="48.214399086214797" lon="9.294411334499255">
</wpt>
<wpt lat="48.214399086214797" lon="9.307907668493346">
</wpt>
<wpt lat="48.214399086214797" lon="9.321404002487437">
</wpt>
<wpt lat="48.214399086214797" lon="9.564338014381075">
</wpt>
<wpt lat="48.214399086214797" lon="9.577834348375166">
</wpt>
<wpt lat="48.214399086214797" lon="9.591330682369257">
</wpt>
<wpt lat="48.223392302273986" lon="7.891148261743664">
</wpt>
<wpt lat="48.223392302273986" lon="9.281514884807647">
</wpt>
<wpt lat="48.223392302273986" lon="9.308512294964229">
</wpt>
<wpt lat="48.223392302273986" lon="9.32201100004252">
</wpt>
<wpt lat="48.223392302273986" lon="9.551488986373469">
</wpt>
<wpt lat="48.232385518333174" lon="9.336119373409158">
</wpt>
<wpt lat="48.241378734392363" lon="9.336729341534515">
</wpt>
<wpt lat="48.241378734392363" lon="9.350232792279785">
</wpt>
<wpt lat="48.250371950451552" lon="9.377857085673972">
</wpt>
<wpt lat="48.250371950451552" lon="9.512915338969124">
</wpt>
<wpt lat="48.25936516651074" lon="8.689556526118466">
</wpt>
<wpt lat="48.25936516651074" lon="9.391982982377606">
</wpt>
<wpt lat="48.25936516651074" lon="9.405491183459512">
</wpt>
<wpt lat="48.25936516651074" lon="9.513556792114764">
</wpt>
<wpt lat="48.268358382569929" lon="9.406113936832609">
</wpt>
<wpt lat="48.268358382569929" lon="9.419624514835787">
</wpt>
<wpt lat="48.268358382569929" lon="9.433135092838965">
</wpt>
<wpt lat="48.268358382569929" lon="9.514198560858032">
</wpt>
<wpt lat="48.268358382569929" lon="9.52770913886121">
</wpt>
<wpt lat="48.277351598629117" lon="9.285120391798079">
</wpt>
<wpt lat="48.277351598629117" lon="9.406736996644646">
</wpt>
<wpt lat="48.277351598629117" lon="9.420249952738709">
</wpt>
<wpt lat="48.277351598629117" lon="9.433762908832772">
</wpt>
<wpt lat="48.277351598629117" lon="9.568892469773402">
</wpt>
<wpt lat="48.286344814688306" lon="9.285722344890795">
</wpt>
<wpt lat="48.286344814688306" lon="9.420875698443785">
</wpt>
<wpt lat="48.286344814688306" lon="9.434391033799084">
</wpt>
<wpt lat="48.295338030747494" lon="9.299842310055695">
</wpt>
<wpt lat="48.295338030747494" lon="9.313360025843316">
</wpt>
<wpt lat="48.295338030747494" lon="9.421501752144287">
</wpt>
<wpt lat="48.295338030747494" lon="9.435019467931909">
</wpt>
<wpt lat="48.295338030747494" lon="9.44853718371953">
</wpt>
<wpt lat="48.304331246806683" lon="9.30044723750785">
</wpt>
<wpt lat="48.304331246806683" lon="9.313967334899614">
</wpt>
<wpt lat="48.304331246806683" lon="9.327487432291377">
</wpt>
<wpt lat="48.304331246806683" lon="9.381567821858432">
</wpt>
<wpt lat="48.304331246806683" lon="9.395087919250196">
</wpt>
<wpt lat="48.304331246806683" lon="9.40860801664196">
</wpt>
<wpt lat="48.304331246806683" lon="9.422128114033724">
</wpt>
<wpt lat="48.304331246806683" lon="9.435648211425487">
</wpt>
<wpt lat="48.304331246806683" lon="9.449168308817251">
</wpt>
<wpt lat="48.304331246806683" lon="9.489728600992542">
</wpt>
<wpt lat="48.313324462865872" lon="9.328097423126732">
</wpt>
<wpt lat="48.313324462865872" lon="9.368664863632121">
</wpt>
<wpt lat="48.313324462865872" lon="9.382187343800585">
</wpt>
<wpt lat="48.313324462865872" lon="9.395709823969048">
</wpt>
<wpt lat="48.313324462865872" lon="9.409232304137511">
</wpt>
<wpt lat="48.313324462865872" lon="9.422754784305974">
</wpt>
<wpt lat="48.313324462865872" lon="9.436277264474437">
</wpt>
<wpt lat="48.313324462865872" lon="9.449799744642901">
</wpt>
<wpt lat="48.32231767892506" lon="9.38280717079977">
</wpt>
<wpt lat="48.32231767892506" lon="9.396332034918231">
</wpt>
<wpt lat="48.32231767892506" lon="9.409856899036692">
</wpt>
<wpt lat="48.32231767892506" lon="9.423381763155152">
</wpt>
<wpt lat="48.32231767892506" lon="9.436906627273613">
</wpt>
<wpt lat="48.32231767892506" lon="9.450431491392074">
</wpt>
<wpt lat="48.32231767892506" lon="9.545105540221298">
</wpt>
<wpt lat="48.331310894984249" lon="9.383427303047759">
</wpt>
<wpt lat="48.331310894984249" lon="9.39695455229025">
</wpt>
<wpt lat="48.331310894984249" lon="9.410481801532741">
</wpt>
<wpt lat="48.331310894984249" lon="9.424009050775233">
</wpt>
<wpt lat="48.331310894984249" lon="9.437536300017724">
</wpt>
<wpt lat="48.331310894984249" lon="9.451063549260216">
</wpt>
<wpt lat="48.331310894984249" lon="9.545754293957655">
</wpt>
<wpt lat="48.340304111043437" lon="9.370518105195245">
</wpt>
<wpt lat="48.340304111043437" lon="9.384047740736539">
</wpt>
<wpt lat="48.340304111043437" lon="9.397577376277834">
</wpt>
<wpt lat="48.340304111043437" lon="9.411107011819128">
</wpt>
<wpt lat="48.340304111043437" lon="9.424636647360423">
</wpt>
<wpt lat="48.340304111043437" lon="9.438166282901717">
</wpt>
<wpt lat="48.349297327102626" lon="9.344072415011734">
</wpt>
<wpt lat="48.349297327102626" lon="9.357604438027344">
</wpt>
<wpt lat="48.349297327102626" lon="9.371136461042955">
</wpt>
<wpt lat="48.349297327102626" lon="9.384668484058565">
</wpt>
<wpt lat="48.349297327102626" lon="9.398200507074176">
</wpt>
<wpt lat="48.358290543161814" lon="9.385289533206247">
</wpt>
<wpt lat="48.394263407398569" lon="9.455496682135879">
</wpt>
<wpt lat="48.403256623457757" lon="9.442584863429602">
</wpt>
<wpt lat="48.403256623457757" lon="9.456131236018351">
</wpt>
<wpt lat="48.421243055576134" lon="8.40041039567592">
</wpt>
<wpt lat="48.430236271635323" lon="8.387305274697438">
</wpt>
<wpt lat="48.430236271635323" lon="8.400858838002263">
</wpt>
<wpt lat="48.439229487694512" lon="9.485784507544638">
</wpt>
<wpt lat="48.4482227037537" lon="8.320406208250997">
</wpt>
<wpt lat="48.51117521616802" lon="8.47278078724028">
</wpt>
<wpt lat="48.538154864345586" lon="13.74415354487145">
</wpt>
<wpt lat="48.547148080404774" lon="13.745553388777523">
</wpt>
<wpt lat="48.556141296463963" lon="13.746953924448565">
</wpt>
<wpt lat="48.556141296463963" lon="13.7605411855252">
</wpt>
<wpt lat="48.565134512523151" lon="13.761944829310432">
</wpt>
<wpt lat="48.565134512523151" lon="13.775534506297197">
</wpt>
<wpt lat="48.57412772858234" lon="8.543985035947458">
</wpt>
<wpt lat="48.57412772858234" lon="8.557577130038561">
</wpt>
<wpt lat="48.583120944641529" lon="8.517272416129687">
</wpt>
<wpt lat="48.583120944641529" lon="8.530866928520096">
</wpt>
<wpt lat="48.583120944641529" lon="8.544461440910505">
</wpt>
<wpt lat="48.583120944641529" lon="8.558055953300913">
</wpt>
<wpt lat="48.583120944641529" lon="10.338937076444447">
</wpt>
<wpt lat="48.592114160700717" lon="8.504147285774946">
</wpt>
<wpt lat="48.592114160700717" lon="8.517744217660384">
</wpt>
<wpt lat="48.592114160700717" lon="8.531341149545822">
</wpt>
<wpt lat="48.592114160700717" lon="8.54493808143126">
</wpt>
<wpt lat="48.592114160700717" lon="8.558535013316698">
</wpt>
<wpt lat="48.592114160700717" lon="10.326136158423621">
</wpt>
<wpt lat="48.601107376759906" lon="8.504616899927816">
</wpt>
<wpt lat="48.601107376759906" lon="8.518216252504764">
</wpt>
<wpt lat="48.601107376759906" lon="8.531815605081713">
</wpt>
<wpt lat="48.601107376759906" lon="8.545414957658661">
</wpt>
<wpt lat="48.601107376759906" lon="8.559014310235609">
</wpt>
<wpt lat="48.601107376759906" lon="8.572613662812557">
</wpt>
<wpt lat="48.610100592819094" lon="8.545892069742337">
</wpt>
<wpt lat="48.610100592819094" lon="8.559493844208033">
</wpt>
<wpt lat="48.646073457055849" lon="10.072287968560234">
</wpt>
<wpt lat="48.655066673115037" lon="8.861400916819415">
</wpt>
<wpt lat="48.655066673115037" lon="10.045810381652492">
</wpt>
<wpt lat="48.655066673115037" lon="10.059424283547125">
</wpt>
<wpt lat="48.655066673115037" lon="10.073038185441758">
</wpt>
<wpt lat="48.70003275341098" lon="12.774754599939278">
</wpt>
<wpt lat="48.709025969470169" lon="12.775989200018302">
</wpt>
<wpt lat="48.709025969470169" lon="12.816874683450363">
</wpt>
<wpt lat="48.709025969470169" lon="12.830503177927717">
</wpt>
<wpt lat="48.718019185529357" lon="12.818117204115206">
</wpt>
<wpt lat="48.718019185529357" lon="12.831748134907588">
</wpt>
<wpt lat="48.753992049766111" lon="9.562968983714693">
</wpt>
<wpt lat="48.753992049766111" lon="11.772760461064436">
</wpt>
<wpt lat="48.7629852658253" lon="11.078018347297133">
</wpt>
<wpt lat="48.7629852658253" lon="13.80664444535846">
</wpt>
<wpt lat="48.7629852658253" lon="13.820287575848766">
</wpt>
<wpt lat="48.771978481884489" lon="11.078951790855493">
</wpt>
<wpt lat="48.771978481884489" lon="13.794421028761889">
</wpt>
<wpt lat="48.771978481884489" lon="13.80806660282172">
</wpt>
<wpt lat="48.771978481884489" lon="13.821712176881551">
</wpt>
<wpt lat="48.780971697943677" lon="13.809489465539533">
</wpt>
<wpt lat="48.780971697943677" lon="13.823137484380666">
</wpt>
<wpt lat="48.789964914002866" lon="13.76996163945714">
</wpt>
<wpt lat="48.789964914002866" lon="13.8109130339621">
</wpt>
<wpt lat="48.798958130062054" lon="13.744072748327097">
</wpt>
<wpt lat="48.798958130062054" lon="13.757725660369259">
</wpt>
<wpt lat="48.798958130062054" lon="13.77137857241142">
</wpt>
<wpt lat="48.798958130062054" lon="13.785031484453581">
</wpt>
<wpt lat="48.798958130062054" lon="13.798684396495743">
</wpt>
<wpt lat="48.807951346121243" lon="13.718174766473124">
</wpt>
<wpt lat="48.807951346121243" lon="13.731830126936556">
</wpt>
<wpt lat="48.807951346121243" lon="13.745485487399987">
</wpt>
<wpt lat="48.816944562180431" lon="9.649555897581354">
</wpt>
<wpt lat="48.816944562180431" lon="9.663213707680926">
</wpt>
<wpt lat="48.816944562180431" lon="9.704187137979641">
</wpt>
<wpt lat="48.816944562180431" lon="13.719583307253714">
</wpt>
<wpt lat="48.816944562180431" lon="13.733241117353286">
</wpt>
<wpt lat="48.82593777823962" lon="13.720992547030015">
</wpt>
<wpt lat="48.82593777823962" lon="13.734652807981371">
</wpt>
<wpt lat="48.870903858535563" lon="9.708324405662085">
</wpt>
<wpt lat="48.870903858535563" lon="9.721996939134192">
</wpt>
<wpt lat="48.879897074594751" lon="9.709015149172265">
</wpt>
<wpt lat="48.879897074594751" lon="12.717513308666673">
</wpt>
<wpt lat="48.88889029065394" lon="12.705068008553939">
</wpt>
<wpt lat="48.915869938831506" lon="9.834945085162646">
</wpt>
<wpt lat="48.915869938831506" lon="13.625644795818001">
</wpt>
<wpt lat="48.915869938831506" lon="13.666699305319684">
</wpt>
<wpt lat="48.924863154890694" lon="9.835659724969725">
</wpt>
<wpt lat="48.924863154890694" lon="13.61335473907871">
</wpt>
<wpt lat="48.924863154890694" lon="13.627042039854468">
</wpt>
<wpt lat="48.924863154890694" lon="13.640729340630225">
</wpt>
<wpt lat="48.924863154890694" lon="13.654416641405982">
</wpt>
<wpt lat="48.933856370949883" lon="9.82268495374919">
</wpt>
<wpt lat="48.933856370949883" lon="13.614750212186996">
</wpt>
<wpt lat="48.933856370949883" lon="13.628439978462945">
</wpt>
<wpt lat="48.933856370949883" lon="13.642129744738893">
</wpt>
<wpt lat="48.942849587009071" lon="9.809705604552134">
</wpt>
<wpt lat="48.942849587009071" lon="12.808304631971986">
</wpt>
<wpt lat="48.942849587009071" lon="13.616146379085096">
</wpt>
<wpt lat="48.942849587009071" lon="13.629838612087013">
</wpt>
<wpt lat="48.95184280306826" lon="9.783026972971838">
</wpt>
<wpt lat="48.95184280306826" lon="9.796721673926285">
</wpt>
<wpt lat="48.95184280306826" lon="9.810416374880733">
</wpt>
<wpt lat="48.95184280306826" lon="12.809555883904729">
</wpt>
<wpt lat="48.95184280306826" lon="13.617543240217129">
</wpt>
<wpt lat="48.960836019127449" lon="9.797430328550881">
</wpt>
<wpt lat="48.960836019127449" lon="9.811127498685204">
</wpt>
<wpt lat="49.005802099423391" lon="8.142125222258011">
</wpt>
<wpt lat="49.032781747600957" lon="8.143359163474157">
</wpt>
<wpt lat="49.041774963660146" lon="8.143770886872867">
</wpt>
<wpt lat="49.041774963660146" lon="8.157490334986559">
</wpt>
<wpt lat="49.050768179719334" lon="8.130460885710233">
</wpt>
<wpt lat="49.050768179719334" lon="8.144182815320599">
</wpt>
<wpt lat="49.050768179719334" lon="8.157904744930965">
</wpt>
<wpt lat="49.086741043956089" lon="8.324346865784172">
</wpt>
<wpt lat="49.086741043956089" lon="8.338078733749446">
</wpt>
<wpt lat="49.086741043956089" lon="10.109489701269883">
</wpt>
<wpt lat="49.086741043956089" lon="10.123221569235158">
</wpt>
<wpt lat="49.095734260015277" lon="8.311057805705163">
</wpt>
<wpt lat="49.095734260015277" lon="8.324792161355193">
</wpt>
<wpt lat="49.095734260015277" lon="8.338526517005223">
</wpt>
<wpt lat="49.095734260015277" lon="8.942838165606533">
</wpt>
<wpt lat="49.095734260015277" lon="10.110258395859065">
</wpt>
<wpt lat="49.104727476074466" lon="9.025816752200543">
</wpt>
<wpt lat="49.149693556370408" lon="8.368716524424931">
</wpt>
<wpt lat="49.149693556370408" lon="8.382465832251441">
</wpt>
<wpt lat="49.158686772429597" lon="8.369170865862918">
</wpt>
<wpt lat="49.158686772429597" lon="8.382922670070956">
</wpt>
<wpt lat="49.167679988488786" lon="8.369625433999309">
</wpt>
<wpt lat="49.176673204547974" lon="7.998646609845626">
</wpt>
<wpt lat="49.185666420607163" lon="8.714517771686195">
</wpt>
<wpt lat="49.185666420607163" lon="8.728277072515597">
</wpt>
<wpt lat="49.194659636666351" lon="8.715035555011957">
</wpt>
<wpt lat="49.194659636666351" lon="8.728797357210082">
</wpt>
<wpt lat="49.20365285272554" lon="10.752670709557838">
</wpt>
<wpt lat="49.212646068784728" lon="8.234233593441486">
</wpt>
<wpt lat="49.221639284843917" lon="7.890431628652896">
</wpt>
<wpt lat="49.221639284843917" lon="10.768218212928103">
</wpt>
<wpt lat="49.257612149080671" lon="7.878127131473018">
</wpt>
<wpt lat="49.257612149080671" lon="12.480428959637031">
</wpt>
<wpt lat="49.26660536513986" lon="11.792541514246171">
</wpt>
<wpt lat="49.26660536513986" lon="12.481634422879431">
</wpt>
<wpt lat="49.275598581199048" lon="11.793621948165249">
</wpt>
<wpt lat="49.275598581199048" lon="12.482840488649565">
</wpt>
<wpt lat="49.284591797258237" lon="7.865440781903615">
</wpt>
<wpt lat="49.302578229376614" lon="12.27958356110997">
</wpt>
<wpt lat="49.302578229376614" lon="12.293375477370422">
</wpt>
<wpt lat="49.302578229376614" lon="12.307167393630873">
</wpt>
<wpt lat="49.302578229376614" lon="12.320959309891325">
</wpt>
<wpt lat="49.311571445435803" lon="9.190801076321801">
</wpt>
<wpt lat="49.311571445435803" lon="12.294548709817258">
</wpt>
<wpt lat="49.311571445435803" lon="12.308343143743905">
</wpt>
<wpt lat="49.320564661494991" lon="9.191408137372346">
</wpt>
<wpt lat="49.320564661494991" lon="12.309519481962308">
</wpt>
<wpt lat="49.32955787755418" lon="9.302411286419206">
</wpt>
<wpt lat="49.338551093613368" lon="9.303039126626134">
</wpt>
<wpt lat="49.338551093613368" lon="9.316841121110576">
</wpt>
<wpt lat="49.356537525731746" lon="12.42468705280457">
</wpt>
<wpt lat="49.365530741790934" lon="12.412076972733997">
</wpt>
<wpt lat="49.365530741790934" lon="12.42588653913217">
</wpt>
<wpt lat="49.374523957850123" lon="12.413274533068554">
</wpt>
<wpt lat="49.374523957850123" lon="12.427086625965323">
</wpt>
<wpt lat="49.383517173909311" lon="12.414472693031895">
</wpt>
<wpt lat="49.383517173909311" lon="12.4282873136923">
</wpt>
<wpt lat="49.3925103899685" lon="9.320629922474915">
</wpt>
<wpt lat="49.3925103899685" lon="9.334447072164814">
</wpt>
<wpt lat="49.401503606027688" lon="9.321262496518283">
</wpt>
<wpt lat="49.401503606027688" lon="9.335082176504356">
</wpt>
<wpt lat="49.410496822086877" lon="9.321895387436793">
</wpt>
<wpt lat="49.635327223566591" lon="11.601225392836291">
</wpt>
<wpt lat="49.653313655684968" lon="10.797663795577513">
</wpt>
<wpt lat="49.653313655684968" lon="10.811554841480548">
</wpt>
<wpt lat="49.662306871744157" lon="7.047299629898497">
</wpt>
<wpt lat="49.662306871744157" lon="7.06119324319142">
</wpt>
<wpt lat="49.662306871744157" lon="10.770787992401992">
</wpt>
<wpt lat="49.662306871744157" lon="10.784681605694916">
</wpt>
<wpt lat="49.662306871744157" lon="10.798575218987839">
</wpt>
<wpt lat="49.662306871744157" lon="11.368213363997702">
</wpt>
<wpt lat="49.662306871744157" lon="12.438021587552811">
</wpt>
<wpt lat="49.662306871744157" lon="12.451915200845734">
</wpt>
<wpt lat="49.671300087803345" lon="7.061414149801447">
</wpt>
<wpt lat="49.671300087803345" lon="7.075310331775882">
</wpt>
<wpt lat="49.671300087803345" lon="7.089206513750318">
</wpt>
<wpt lat="49.671300087803345" lon="7.103102695724753">
</wpt>
<wpt lat="49.671300087803345" lon="10.507667279461273">
</wpt>
<wpt lat="49.671300087803345" lon="11.369230561876215">
</wpt>
<wpt lat="49.671300087803345" lon="11.383126743850649">
</wpt>
<wpt lat="49.671300087803345" lon="12.42534039193324">
</wpt>
<wpt lat="49.671300087803345" lon="12.439236573907674">
</wpt>
<wpt lat="49.680293303862534" lon="7.061635167563599">
</wpt>
<wpt lat="49.680293303862534" lon="7.075533919512013">
</wpt>
<wpt lat="49.680293303862534" lon="7.089432671460427">
</wpt>
<wpt lat="49.680293303862534" lon="7.103331423408841">
</wpt>
<wpt lat="49.680293303862534" lon="10.494626898821844">
</wpt>
<wpt lat="49.680293303862534" lon="12.426553419651382">
</wpt>
<wpt lat="49.680293303862534" lon="12.440452171599796">
</wpt>
<wpt lat="49.689286519921723" lon="7.04795497333489">
</wpt>
<wpt lat="49.689286519921723" lon="7.061856296550594">
</wpt>
<wpt lat="49.689286519921723" lon="7.075757619766299">
</wpt>
<wpt lat="49.689286519921723" lon="7.089658942982004">
</wpt>
<wpt lat="49.689286519921723" lon="7.103560266197708">
</wpt>
<wpt lat="49.689286519921723" lon="10.495483130829468">
</wpt>
<wpt lat="49.698279735980911" lon="7.034269745280545">
</wpt>
<wpt lat="49.698279735980911" lon="7.048173641057694">
</wpt>
<wpt lat="49.698279735980911" lon="7.062077536834844">
</wpt>
<wpt lat="49.698279735980911" lon="7.075981432611993">
</wpt>
<wpt lat="49.698279735980911" lon="7.089885328389142">
</wpt>
<wpt lat="49.698279735980911" lon="7.103789224166292">
</wpt>
<wpt lat="49.698279735980911" lon="10.482435898013582">
</wpt>
<wpt lat="49.698279735980911" lon="10.496339793790732">
</wpt>
<wpt lat="49.7072729520401" lon="7.117924767023679">
</wpt>
<wpt lat="49.7072729520401" lon="10.483290418354015">
</wpt>
<wpt lat="49.7072729520401" lon="10.497196887987611">
</wpt>
<wpt lat="49.7072729520401" lon="11.720966215744097">
</wpt>
<wpt lat="49.7072729520401" lon="12.388476758156726">
</wpt>
<wpt lat="49.716266168099288" lon="7.465882650377305">
</wpt>
<wpt lat="49.716266168099288" lon="10.4980544137014">
</wpt>
<wpt lat="49.716266168099288" lon="10.511963458487291">
</wpt>
<wpt lat="49.716266168099288" lon="12.473138773297851">
</wpt>
<wpt lat="49.734252600217665" lon="12.419930220242613">
</wpt>
<wpt lat="49.734252600217665" lon="12.43384441922402">
</wpt>
<wpt lat="49.743245816276854" lon="12.421144950399579">
</wpt>
<wpt lat="49.761232248395231" lon="7.592663061826949">
</wpt>
<wpt lat="49.761232248395231" lon="7.606585001841682">
</wpt>
<wpt lat="49.761232248395231" lon="7.620506941856416">
</wpt>
<wpt lat="49.761232248395231" lon="12.284356846792397">
</wpt>
<wpt lat="49.761232248395231" lon="12.409654306925006">
</wpt>
<wpt lat="49.77022546445442" lon="7.509436209270779">
</wpt>
<wpt lat="49.77022546445442" lon="12.341245676363664">
</wpt>
<wpt lat="49.77022546445442" lon="12.38301924524343">
</wpt>
<wpt lat="49.77022546445442" lon="12.396943768203352">
</wpt>
<wpt lat="49.77022546445442" lon="12.410868291163274">
</wpt>
<wpt lat="49.77022546445442" lon="12.424792814123196">
</wpt>
<wpt lat="49.779218680513608" lon="7.523668257621423">
</wpt>
<wpt lat="49.779218680513608" lon="11.980342563830543">
</wpt>
<wpt lat="49.779218680513608" lon="11.994269671037447">
</wpt>
<wpt lat="49.779218680513608" lon="12.008196778244351">
</wpt>
<wpt lat="49.779218680513608" lon="12.356374458416941">
</wpt>
<wpt lat="49.779218680513608" lon="12.370301565623844">
</wpt>
<wpt lat="49.779218680513608" lon="12.384228672830748">
</wpt>
<wpt lat="49.779218680513608" lon="12.398155780037651">
</wpt>
<wpt lat="49.779218680513608" lon="12.412082887244555">
</wpt>
<wpt lat="49.779218680513608" lon="12.426009994451459">
</wpt>
<wpt lat="49.779218680513608" lon="12.439937101658362">
</wpt>
<wpt lat="49.788211896572797" lon="11.995407312871832">
</wpt>
<wpt lat="49.788211896572797" lon="12.009337005628359">
</wpt>
<wpt lat="49.788211896572797" lon="12.023266698384885">
</wpt>
<wpt lat="49.788211896572797" lon="12.357579324541531">
</wpt>
<wpt lat="49.788211896572797" lon="12.371509017298058">
</wpt>
<wpt lat="49.788211896572797" lon="12.385438710054585">
</wpt>
<wpt lat="49.788211896572797" lon="12.399368402811112">
</wpt>
<wpt lat="49.788211896572797" lon="12.413298095567638">
</wpt>
<wpt lat="49.788211896572797" lon="12.427227788324165">
</wpt>
<wpt lat="49.788211896572797" lon="12.441157481080692">
</wpt>
<wpt lat="49.797205112631985" lon="7.315299579403478">
</wpt>
<wpt lat="49.797205112631985" lon="8.402017388956061">
</wpt>
<wpt lat="49.797205112631985" lon="12.024410087464524">
</wpt>
<wpt lat="49.797205112631985" lon="12.372717077705722">
</wpt>
<wpt lat="49.797205112631985" lon="12.38664935731537">
</wpt>
<wpt lat="49.797205112631985" lon="12.400581636925018">
</wpt>
<wpt lat="49.797205112631985" lon="12.414513916534666">
</wpt>
<wpt lat="49.806198328691174" lon="8.374618698081809">
</wpt>
<wpt lat="49.806198328691174" lon="8.38855356584893">
</wpt>
<wpt lat="49.806198328691174" lon="8.402488433616051">
</wpt>
<wpt lat="49.815191544750363" lon="8.37508480136386">
</wpt>
<wpt lat="49.815191544750363" lon="8.389022258593659">
</wpt>
<wpt lat="49.815191544750363" lon="8.402959715823458">
</wpt>
<wpt lat="49.815191544750363" lon="12.472697226924831">
</wpt>
<wpt lat="49.824184760809551" lon="12.487865299305701">
</wpt>
<wpt lat="49.83317797686874" lon="7.553401948977553">
</wpt>
<wpt lat="49.83317797686874" lon="12.126587893313401">
</wpt>
<wpt lat="49.83317797686874" lon="12.279956934129542">
</wpt>
<wpt lat="49.842171192927928" lon="6.312589970644011">
</wpt>
<wpt lat="49.842171192927928" lon="6.326535204101636">
</wpt>
<wpt lat="49.842171192927928" lon="7.553715748372665">
</wpt>
<wpt lat="49.842171192927928" lon="12.113807089015886">
</wpt>
<wpt lat="49.842171192927928" lon="12.12775232247351">
</wpt>
<wpt lat="49.842171192927928" lon="12.225368956676881">
</wpt>
<wpt lat="49.842171192927928" lon="12.239314190134506">
</wpt>
<wpt lat="49.842171192927928" lon="12.25325942359213">
</wpt>
<wpt lat="49.842171192927928" lon="12.267204657049755">
</wpt>
<wpt lat="49.842171192927928" lon="12.281149890507379">
</wpt>
<wpt lat="49.851164408987117" lon="6.312673000789998">
</wpt>
<wpt lat="49.851164408987117" lon="7.540081877962491">
</wpt>
<wpt lat="49.851164408987117" lon="7.554029706112178">
</wpt>
<wpt lat="49.851164408987117" lon="12.240499964407153">
</wpt>
<wpt lat="49.851164408987117" lon="12.25444779255684">
</wpt>
<wpt lat="49.851164408987117" lon="12.268395620706528">
</wpt>
<wpt lat="49.851164408987117" lon="12.282343448856215">
</wpt>
<wpt lat="49.851164408987117" lon="12.296291277005903">
</wpt>
<wpt lat="49.851164408987117" lon="12.36603041775434">
</wpt>
<wpt lat="49.860157625046305" lon="7.526442973997538">
</wpt>
<wpt lat="49.860157625046305" lon="7.540393398148778">
</wpt>
<wpt lat="49.860157625046305" lon="7.554343822300018">
</wpt>
<wpt lat="49.860157625046305" lon="7.721748912114895">
</wpt>
<wpt lat="49.860157625046305" lon="10.41418077330418">
</wpt>
<wpt lat="49.860157625046305" lon="12.255636761267835">
</wpt>
<wpt lat="49.860157625046305" lon="12.269587185419075">
</wpt>
<wpt lat="49.860157625046305" lon="12.283537609570315">
</wpt>
<wpt lat="49.869150841105494" lon="7.526752054113823">
</wpt>
<wpt lat="49.869150841105494" lon="7.540705075576964">
</wpt>
<wpt lat="49.869150841105494" lon="7.554658097040106">
</wpt>
<wpt lat="49.869150841105494" lon="7.638376225818954">
</wpt>
<wpt lat="49.869150841105494" lon="7.652329247282095">
</wpt>
<wpt lat="49.869150841105494" lon="7.666282268745237">
</wpt>
<wpt lat="49.869150841105494" lon="10.415027496984086">
</wpt>
<wpt lat="49.869150841105494" lon="10.428980518447228">
</wpt>
<wpt lat="49.869150841105494" lon="10.442933539910369">
</wpt>
<wpt lat="49.869150841105494" lon="10.45688656137351">
</wpt>
<wpt lat="49.878144057164683" lon="7.513105670177822">
</wpt>
<wpt lat="49.878144057164683" lon="7.527061290264075">
</wpt>
<wpt lat="49.878144057164683" lon="7.541016910350328">
</wpt>
<wpt lat="49.878144057164683" lon="7.55497253043658">
</wpt>
<wpt lat="49.878144057164683" lon="7.568928150522833">
</wpt>
<wpt lat="49.878144057164683" lon="7.582883770609086">
</wpt>
<wpt lat="49.878144057164683" lon="7.610795010781591">
</wpt>
<wpt lat="49.878144057164683" lon="7.624750630867844">
</wpt>
<wpt lat="49.878144057164683" lon="7.638706250954097">
</wpt>
<wpt lat="49.878144057164683" lon="7.652661871040349">
</wpt>
<wpt lat="49.878144057164683" lon="10.401919028032291">
</wpt>
<wpt lat="49.878144057164683" lon="10.415874648118544">
</wpt>
<wpt lat="49.878144057164683" lon="10.429830268204798">
</wpt>
<wpt lat="49.878144057164683" lon="10.443785888291051">
</wpt>
<wpt lat="49.878144057164683" lon="10.457741508377305">
</wpt>
<wpt lat="49.887137273223871" lon="7.527370682550711">
</wpt>
<wpt lat="49.887137273223871" lon="7.541328902572145">
</wpt>
<wpt lat="49.887137273223871" lon="7.55528712259358">
</wpt>
<wpt lat="49.887137273223871" lon="7.569245342615014">
</wpt>
<wpt lat="49.887137273223871" lon="7.583203562636449">
</wpt>
<wpt lat="49.887137273223871" lon="7.611120002679318">
</wpt>
<wpt lat="49.887137273223871" lon="7.625078222700752">
</wpt>
<wpt lat="49.887137273223871" lon="7.639036442722187">
</wpt>
<wpt lat="49.887137273223871" lon="7.652994662743621">
</wpt>
<wpt lat="49.887137273223871" lon="10.430680447009095">
</wpt>
<wpt lat="49.887137273223871" lon="10.44463866703053">
</wpt>
<wpt lat="49.887137273223871" lon="10.458596887051964">
</wpt>
<wpt lat="49.887137273223871" lon="12.273165489838455">
</wpt>
<wpt lat="49.89613048928306" lon="7.541641052345801">
</wpt>
<wpt lat="49.89613048928306" lon="7.555601873615349">
</wpt>
<wpt lat="49.89613048928306" lon="7.569562694884898">
</wpt>
<wpt lat="49.89613048928306" lon="7.653327622502188">
</wpt>
<wpt lat="49.89613048928306" lon="7.667288443771736">
</wpt>
<wpt lat="49.89613048928306" lon="10.445491876412012">
</wpt>
<wpt lat="49.89613048928306" lon="10.459452697681561">
</wpt>
<wpt lat="49.89613048928306" lon="12.274359462722961">
</wpt>
<wpt lat="49.905123705342248" lon="7.541953359774785">
</wpt>
<wpt lat="49.905123705342248" lon="7.555916783606242">
</wpt>
<wpt lat="49.905123705342248" lon="7.569880207437699">
</wpt>
<wpt lat="49.905123705342248" lon="7.653660750426438">
</wpt>
<wpt lat="49.905123705342248" lon="10.446345516717903">
</wpt>
<wpt lat="49.905123705342248" lon="10.460308940549361">
</wpt>
<wpt lat="49.905123705342248" lon="12.275554038638827">
</wpt>
<wpt lat="49.905123705342248" lon="12.289517462470284">
</wpt>
<wpt lat="49.914116921401437" lon="7.570197880378741">
</wpt>
<wpt lat="49.914116921401437" lon="7.653994046626876">
</wpt>
<wpt lat="49.914116921401437" lon="10.447199588231369">
</wpt>
<wpt lat="49.914116921401437" lon="10.461165615939391">
</wpt>
<wpt lat="49.914116921401437" lon="10.475131643647414">
</wpt>
<wpt lat="49.914116921401437" lon="12.276749217982312">
</wpt>
<wpt lat="49.914116921401437" lon="12.290715245690334">
</wpt>
<wpt lat="49.923110137460625" lon="10.434085458335778">
</wpt>
<wpt lat="49.923110137460625" lon="10.448054091235887">
</wpt>
<wpt lat="49.923110137460625" lon="10.462022724135997">
</wpt>
<wpt lat="50.0220355141117" lon="6.468229714670293">
</wpt>
<wpt lat="50.0220355141117" lon="7.909959554461924">
</wpt>
<wpt lat="50.031028730170888" lon="6.41234242712359">
</wpt>
<wpt lat="50.031028730170888" lon="7.728342251472754">
</wpt>
<wpt lat="50.040021946230077" lon="6.41244469966441">
</wpt>
<wpt lat="50.040021946230077" lon="6.426447320168625">
</wpt>
<wpt lat="50.040021946230077" lon="7.728691027060679">
</wpt>
<wpt lat="50.040021946230077" lon="7.840711991094405">
</wpt>
<wpt lat="50.049015162289265" lon="6.412547023985519">
</wpt>
<wpt lat="50.049015162289265" lon="7.855087177075481">
</wpt>
<wpt lat="50.058008378348454" lon="6.412649400121072">
</wpt>
<wpt lat="50.058008378348454" lon="6.986972038709892">
</wpt>
<wpt lat="50.058008378348454" lon="7.855459931210058">
</wpt>
<wpt lat="50.067001594407643" lon="6.959161156210445">
</wpt>
<wpt lat="50.067001594407643" lon="6.973171651802887">
</wpt>
<wpt lat="50.067001594407643" lon="6.987182147395329">
</wpt>
<wpt lat="50.067001594407643" lon="7.799790891756942">
</wpt>
<wpt lat="50.067001594407643" lon="7.813801387349383">
</wpt>
<wpt lat="50.067001594407643" lon="7.855832874126708">
</wpt>
<wpt lat="50.075994810466831" lon="6.959366115944388">
</wpt>
<wpt lat="50.075994810466831" lon="6.973379239225726">
</wpt>
<wpt lat="50.075994810466831" lon="6.987392362507064">
</wpt>
<wpt lat="50.075994810466831" lon="7.001405485788402">
</wpt>
<wpt lat="50.075994810466831" lon="7.099497348757771">
</wpt>
<wpt lat="50.08498802652602" lon="6.987602684115371">
</wpt>
<wpt lat="50.08498802652602" lon="7.001618436416813">
</wpt>
<wpt lat="50.08498802652602" lon="7.015634188718256">
</wpt>
<wpt lat="50.08498802652602" lon="7.057681445622582">
</wpt>
<wpt lat="50.093981242585208" lon="7.001831494944226">
</wpt>
<wpt lat="50.093981242585208" lon="7.015849877597859">
</wpt>
<wpt lat="50.093981242585208" lon="7.814897688854907">
</wpt>
<wpt lat="50.093981242585208" lon="7.856952836815804">
</wpt>
<wpt lat="50.093981242585208" lon="7.870971219469436">
</wpt>
<wpt lat="50.093981242585208" lon="7.884989602123069">
</wpt>
<wpt lat="50.093981242585208" lon="7.899007984776701">
</wpt>
<wpt lat="50.102974458644397" lon="7.254422919539968">
</wpt>
<wpt lat="50.102974458644397" lon="7.843305521769045">
</wpt>
<wpt lat="50.102974458644397" lon="7.857326536107832">
</wpt>
<wpt lat="50.102974458644397" lon="7.899389579124195">
</wpt>
<wpt lat="50.111967674703585" lon="7.254683588421248">
</wpt>
<wpt lat="50.111967674703585" lon="7.843676777448444">
</wpt>
<wpt lat="50.120960890762774" lon="6.932339910075536">
</wpt>
<wpt lat="50.120960890762774" lon="7.661706559074586">
</wpt>
<wpt lat="50.129954106821963" lon="6.946569139866279">
</wpt>
<wpt lat="50.129954106821963" lon="7.662043927310178">
</wpt>
<wpt lat="50.138947322881151" lon="7.66238146661672">
</wpt>
<wpt lat="50.14794053894034" lon="6.554017946705238">
</wpt>
<wpt lat="50.156933754999528" lon="10.470423557170816">
</wpt>
<wpt lat="50.165926971058717" lon="7.888026688606812">
</wpt>
<wpt lat="50.165926971058717" lon="10.541487186153415">
</wpt>
<wpt lat="50.165926971058717" lon="10.62572402734537">
</wpt>
<wpt lat="50.165926971058717" lon="10.639763500877363">
</wpt>
<wpt lat="50.174920187117905" lon="7.439059482216008">
</wpt>
<wpt lat="50.174920187117905" lon="7.888407191420582">
</wpt>
<wpt lat="50.174920187117905" lon="10.542367098910095">
</wpt>
<wpt lat="50.174920187117905" lon="10.626619794385952">
</wpt>
<wpt lat="50.183913403177094" lon="7.411266059763483">
</wpt>
<wpt lat="50.183913403177094" lon="7.425310819397696">
</wpt>
<wpt lat="50.183913403177094" lon="7.439355579031909">
</wpt>
<wpt lat="50.183913403177094" lon="7.902832646960954">
</wpt>
<wpt lat="50.183913403177094" lon="10.43088938111938">
</wpt>
<wpt lat="50.183913403177094" lon="10.444934140753594">
</wpt>
<wpt lat="50.183913403177094" lon="10.543247458193088">
</wpt>
<wpt lat="50.183913403177094" lon="10.557292217827301">
</wpt>
<wpt lat="50.192906619236282" lon="7.425604421432666">
</wpt>
<wpt lat="50.192906619236282" lon="9.504620316676125">
</wpt>
<wpt lat="50.192906619236282" lon="9.532715126071306">
</wpt>
<wpt lat="50.192906619236282" lon="9.546762530768897">
</wpt>
<wpt lat="50.192906619236282" lon="10.41770162201952">
</wpt>
<wpt lat="50.192906619236282" lon="10.43174902671711">
</wpt>
<wpt lat="50.192906619236282" lon="10.445796431414701">
</wpt>
<wpt lat="50.192906619236282" lon="10.544128264297836">
</wpt>
<wpt lat="50.192906619236282" lon="10.558175668995426">
</wpt>
<wpt lat="50.201899835295471" lon="7.285397661470297">
</wpt>
<wpt lat="50.201899835295471" lon="7.720949245683952">
</wpt>
<wpt lat="50.201899835295471" lon="9.491255684745907">
</wpt>
<wpt lat="50.201899835295471" lon="9.505305735849573">
</wpt>
<wpt lat="50.201899835295471" lon="9.519355786953239">
</wpt>
<wpt lat="50.201899835295471" lon="9.533405838056906">
</wpt>
<wpt lat="50.201899835295471" lon="9.547455889160572">
</wpt>
<wpt lat="50.201899835295471" lon="9.561505940264238">
</wpt>
<wpt lat="50.201899835295471" lon="10.404509006484217">
</wpt>
<wpt lat="50.201899835295471" lon="10.418559057587883">
</wpt>
<wpt lat="50.201899835295471" lon="10.446659159795216">
</wpt>
<wpt lat="50.201899835295471" lon="10.559059568624546">
</wpt>
<wpt lat="50.21089305135466" lon="7.735351447492335">
</wpt>
<wpt lat="50.21089305135466" lon="9.477886105304831">
</wpt>
<wpt lat="50.21089305135466" lon="9.491938804158158">
</wpt>
<wpt lat="50.21089305135466" lon="9.505991503011485">
</wpt>
<wpt lat="50.21089305135466" lon="9.520044201864811">
</wpt>
<wpt lat="50.21089305135466" lon="9.534096900718138">
</wpt>
<wpt lat="50.21089305135466" lon="9.548149599571465">
</wpt>
<wpt lat="50.21089305135466" lon="9.562202298424792">
</wpt>
<wpt lat="50.21089305135466" lon="9.576254997278118">
</wpt>
<wpt lat="50.21089305135466" lon="10.391311530771068">
</wpt>
<wpt lat="50.21089305135466" lon="10.405364229624395">
</wpt>
<wpt lat="50.21089305135466" lon="10.419416928477721">
</wpt>
<wpt lat="50.21089305135466" lon="10.447522326184375">
</wpt>
<wpt lat="50.21089305135466" lon="10.461575025037702">
</wpt>
<wpt lat="50.219886267413848" lon="9.464511574550377">
</wpt>
<wpt lat="50.219886267413848" lon="9.534788314287686">
</wpt>
<wpt lat="50.219886267413848" lon="9.548843662235148">
</wpt>
<wpt lat="50.219886267413848" lon="9.56289901018261">
</wpt>
<wpt lat="50.219886267413848" lon="9.576954358130072">
</wpt>
<wpt lat="50.219886267413848" lon="10.420275234977785">
</wpt>
<wpt lat="50.219886267413848" lon="10.434330582925247">
</wpt>
<wpt lat="50.219886267413848" lon="10.448385930872709">
</wpt>
<wpt lat="50.219886267413848" lon="10.462441278820171">
</wpt>
<wpt lat="50.219886267413848" lon="10.476496626767632">
</wpt>
<wpt lat="50.219886267413848" lon="10.560828714452404">
</wpt>
<wpt lat="50.228879483473037" lon="7.764172282240437">
</wpt>
<wpt lat="50.228879483473037" lon="7.778230280627403">
</wpt>
<wpt lat="50.228879483473037" lon="9.535480078998081">
</wpt>
<wpt lat="50.228879483473037" lon="9.549538077385046">
</wpt>
<wpt lat="50.228879483473037" lon="9.563596075772011">
</wpt>
<wpt lat="50.228879483473037" lon="10.421133977376895">
</wpt>
<wpt lat="50.228879483473037" lon="10.43519197576386">
</wpt>
<wpt lat="50.228879483473037" lon="10.449249974150826">
</wpt>
<wpt lat="50.228879483473037" lon="10.463307972537791">
</wpt>
<wpt lat="50.228879483473037" lon="10.477365970924756">
</wpt>
<wpt lat="50.228879483473037" lon="10.491423969311722">
</wpt>
<wpt lat="50.237872699532225" lon="7.778590923490986">
</wpt>
<wpt lat="50.237872699532225" lon="7.792651573663714">
</wpt>
<wpt lat="50.237872699532225" lon="9.550232845254792">
</wpt>
<wpt lat="50.237872699532225" lon="10.436053806136702">
</wpt>
<wpt lat="50.237872699532225" lon="10.45011445630943">
</wpt>
<wpt lat="50.237872699532225" lon="10.464175106482159">
</wpt>
<wpt lat="50.237872699532225" lon="10.478235756654888">
</wpt>
<wpt lat="50.237872699532225" lon="10.492296406827617">
</wpt>
<wpt lat="50.237872699532225" lon="10.506357057000345">
</wpt>
<wpt lat="50.246865915591414" lon="7.778951749567325">
</wpt>
<wpt lat="50.246865915591414" lon="7.793015052872967">
</wpt>
<wpt lat="50.246865915591414" lon="7.807078356178609">
</wpt>
<wpt lat="50.246865915591414" lon="9.438421539633092">
</wpt>
<wpt lat="50.246865915591414" lon="9.550927966078229">
</wpt>
<wpt lat="50.246865915591414" lon="10.450979377639323">
</wpt>
<wpt lat="50.246865915591414" lon="10.465042680944965">
</wpt>
<wpt lat="50.246865915591414" lon="10.479105984250607">
</wpt>
<wpt lat="50.246865915591414" lon="10.493169287556249">
</wpt>
<wpt lat="50.246865915591414" lon="10.591612410695744">
</wpt>
<wpt lat="50.246865915591414" lon="10.605675714001386">
</wpt>
<wpt lat="50.246865915591414" lon="10.619739017307028">
</wpt>
<wpt lat="50.246865915591414" lon="10.63380232061267">
</wpt>
<wpt lat="50.255859131650602" lon="7.793378716764416">
</wpt>
<wpt lat="50.255859131650602" lon="7.807444674551018">
</wpt>
<wpt lat="50.255859131650602" lon="9.42502982001011">
</wpt>
<wpt lat="50.255859131650602" lon="9.439095777796711">
</wpt>
<wpt lat="50.255859131650602" lon="9.453161735583311">
</wpt>
<wpt lat="50.255859131650602" lon="9.537557482302915">
</wpt>
<wpt lat="50.255859131650602" lon="9.551623440089516">
</wpt>
<wpt lat="50.255859131650602" lon="9.565689397876117">
</wpt>
<wpt lat="50.255859131650602" lon="10.45184473843196">
</wpt>
<wpt lat="50.255859131650602" lon="10.465910696218561">
</wpt>
<wpt lat="50.255859131650602" lon="10.479976654005162">
</wpt>
<wpt lat="50.255859131650602" lon="10.592504316297967">
</wpt>
<wpt lat="50.255859131650602" lon="10.606570274084568">
</wpt>
<wpt lat="50.255859131650602" lon="10.620636231871169">
</wpt>
<wpt lat="50.264852347709791" lon="7.807811179076973">
</wpt>
<wpt lat="50.264852347709791" lon="7.906291474392471">
</wpt>
<wpt lat="50.264852347709791" lon="7.920360088008971">
</wpt>
<wpt lat="50.264852347709791" lon="9.42570174497445">
</wpt>
<wpt lat="50.264852347709791" lon="9.43977035859095">
</wpt>
<wpt lat="50.264852347709791" lon="9.45383897220745">
</wpt>
<wpt lat="50.264852347709791" lon="9.524182040289949">
</wpt>
<wpt lat="50.264852347709791" lon="9.538250653906449">
</wpt>
<wpt lat="50.264852347709791" lon="9.552319267522948">
</wpt>
<wpt lat="50.264852347709791" lon="9.566387881139448">
</wpt>
<wpt lat="50.264852347709791" lon="9.580456494755948">
</wpt>
<wpt lat="50.264852347709791" lon="10.579328061527434">
</wpt>
<wpt lat="50.264852347709791" lon="10.593396675143934">
</wpt>
<wpt lat="50.264852347709791" lon="10.607465288760434">
</wpt>
<wpt lat="50.264852347709791" lon="10.621533902376934">
</wpt>
<wpt lat="50.264852347709791" lon="10.635602515993433">
</wpt>
<wpt lat="50.27384556376898" lon="7.020186705291101">
</wpt>
<wpt lat="50.27384556376898" lon="9.426374011446933">
</wpt>
<wpt lat="50.27384556376898" lon="9.440445282243166">
</wpt>
<wpt lat="50.27384556376898" lon="9.454516553039399">
</wpt>
<wpt lat="50.27384556376898" lon="9.524872907020564">
</wpt>
<wpt lat="50.27384556376898" lon="9.538944177816797">
</wpt>
<wpt lat="50.27384556376898" lon="9.55301544861303">
</wpt>
<wpt lat="50.27384556376898" lon="9.567086719409263">
</wpt>
<wpt lat="50.27384556376898" lon="9.581157990205496">
</wpt>
<wpt lat="50.27384556376898" lon="10.552075675145568">
</wpt>
<wpt lat="50.27384556376898" lon="10.566146945941801">
</wpt>
<wpt lat="50.27384556376898" lon="10.580218216738034">
</wpt>
<wpt lat="50.27384556376898" lon="10.594289487534267">
</wpt>
<wpt lat="50.27384556376898" lon="10.6083607583305">
</wpt>
<wpt lat="50.27384556376898" lon="10.622432029126733">
</wpt>
<wpt lat="50.27384556376898" lon="10.636503299922966">
</wpt>
<wpt lat="50.282838779828168" lon="7.006330775462398">
</wpt>
<wpt lat="50.282838779828168" lon="7.020404704789094">
</wpt>
<wpt lat="50.282838779828168" lon="7.03447863411579">
</wpt>
<wpt lat="50.282838779828168" lon="9.441120548980942">
</wpt>
<wpt lat="50.282838779828168" lon="9.553711983594519">
</wpt>
<wpt lat="50.282838779828168" lon="9.567785912921217">
</wpt>
<wpt lat="50.282838779828168" lon="10.412221672523046">
</wpt>
<wpt lat="50.282838779828168" lon="10.53888703646332">
</wpt>
<wpt lat="50.282838779828168" lon="10.552960965790017">
</wpt>
<wpt lat="50.282838779828168" lon="10.567034895116715">
</wpt>
<wpt lat="50.282838779828168" lon="10.581108824443412">
</wpt>
<wpt lat="50.282838779828168" lon="10.595182753770109">
</wpt>
<wpt lat="50.282838779828168" lon="10.609256683096806">
</wpt>
<wpt lat="50.282838779828168" lon="10.623330612423503">
</wpt>
<wpt lat="50.291831995887357" lon="7.006546225911807">
</wpt>
<wpt lat="50.291831995887357" lon="10.384927636020864">
</wpt>
<wpt lat="50.291831995887357" lon="10.399004225229652">
</wpt>
<wpt lat="50.291831995887357" lon="10.413080814438439">
</wpt>
<wpt lat="50.291831995887357" lon="10.525693528108741">
</wpt>
<wpt lat="50.291831995887357" lon="10.539770117317529">
</wpt>
<wpt lat="50.291831995887357" lon="10.553846706526317">
</wpt>
<wpt lat="50.291831995887357" lon="10.567923295735104">
</wpt>
<wpt lat="50.291831995887357" lon="10.581999884943892">
</wpt>
<wpt lat="50.291831995887357" lon="10.59607647415268">
</wpt>
<wpt lat="50.291831995887357" lon="10.610153063361468">
</wpt>
<wpt lat="50.291831995887357" lon="10.624229652570255">
</wpt>
<wpt lat="50.300825211946545" lon="6.556225771726773">
</wpt>
<wpt lat="50.300825211946545" lon="7.950071565623722">
</wpt>
<wpt lat="50.300825211946545" lon="7.964150816067125">
</wpt>
<wpt lat="50.300825211946545" lon="7.978230066510529">
</wpt>
<wpt lat="50.300825211946545" lon="8.020467817840739">
</wpt>
<wpt lat="50.300825211946545" lon="10.399861142775935">
</wpt>
<wpt lat="50.300825211946545" lon="10.413940393219338">
</wpt>
<wpt lat="50.300825211946545" lon="10.554732897653373">
</wpt>
<wpt lat="50.300825211946545" lon="10.568812148096777">
</wpt>
<wpt lat="50.300825211946545" lon="10.58289139854018">
</wpt>
<wpt lat="50.300825211946545" lon="10.596970648983584">
</wpt>
<wpt lat="50.300825211946545" lon="10.611049899426988">
</wpt>
<wpt lat="50.309818428005734" lon="7.992711367747812">
</wpt>
<wpt lat="50.309818428005734" lon="10.400718496124322">
</wpt>
<wpt lat="50.309818428005734" lon="10.555619539470179">
</wpt>
<wpt lat="50.309818428005734" lon="10.56970145250162">
</wpt>
<wpt lat="50.309818428005734" lon="10.583783365533062">
</wpt>
<wpt lat="50.309818428005734" lon="10.597865278564504">
</wpt>
<wpt lat="50.309818428005734" lon="10.611947191595945">
</wpt>
<wpt lat="50.318811644064922" lon="10.556506632276824">
</wpt>
<wpt lat="50.318811644064922" lon="10.570591209250628">
</wpt>
<wpt lat="50.318811644064922" lon="10.584675786224432">
</wpt>
<wpt lat="50.318811644064922" lon="10.598760363198236">
</wpt>
<wpt lat="50.318811644064922" lon="10.612844940172041">
</wpt>
<wpt lat="50.327804860124111" lon="9.402240310118561">
</wpt>
<wpt lat="50.327804860124111" lon="10.557394176372433">
</wpt>
<wpt lat="50.327804860124111" lon="10.571481418643822">
</wpt>
<wpt lat="50.327804860124111" lon="10.585568660915211">
</wpt>
<wpt lat="50.327804860124111" lon="10.5996559031866">
</wpt>
<wpt lat="50.327804860124111" lon="10.613743145457988">
</wpt>
<wpt lat="50.327804860124111" lon="10.627830387729377">
</wpt>
<wpt lat="50.3367980761833" lon="9.374729822348897">
</wpt>
<wpt lat="50.3367980761833" lon="10.544192263131817">
</wpt>
<wpt lat="50.3367980761833" lon="10.558282172056913">
</wpt>
<wpt lat="50.3367980761833" lon="10.572372080982008">
</wpt>
<wpt lat="50.3367980761833" lon="10.586461989907104">
</wpt>
<wpt lat="50.3367980761833" lon="10.600551898832199">
</wpt>
<wpt lat="50.3367980761833" lon="10.614641807757295">
</wpt>
<wpt lat="50.3367980761833" lon="10.62873171668239">
</wpt>
<wpt lat="50.3367980761833" lon="10.642821625607485">
</wpt>
<wpt lat="50.3367980761833" lon="10.656911534532581">
</wpt>
<wpt lat="50.345791292242488" lon="6.641434231470576">
</wpt>
<wpt lat="50.345791292242488" lon="10.460522581080143">
</wpt>
<wpt lat="50.345791292242488" lon="10.545078042695115">
</wpt>
<wpt lat="50.345791292242488" lon="10.559170619630944">
</wpt>
<wpt lat="50.345791292242488" lon="10.573263196566772">
</wpt>
<wpt lat="50.345791292242488" lon="10.587355773502601">
</wpt>
<wpt lat="50.345791292242488" lon="10.60144835043843">
</wpt>
<wpt lat="50.345791292242488" lon="10.615540927374258">
</wpt>
<wpt lat="50.345791292242488" lon="10.629633504310087">
</wpt>
<wpt lat="50.345791292242488" lon="10.643726081245916">
</wpt>
<wpt lat="50.345791292242488" lon="10.657818658181744">
</wpt>
<wpt lat="50.354784508301677" lon="6.838914495009802">
</wpt>
<wpt lat="50.354784508301677" lon="9.361963583513406">
</wpt>
<wpt lat="50.354784508301677" lon="10.503678534177014">
</wpt>
<wpt lat="50.354784508301677" lon="10.517773780481503">
</wpt>
<wpt lat="50.354784508301677" lon="10.531869026785992">
</wpt>
<wpt lat="50.354784508301677" lon="10.545964273090481">
</wpt>
<wpt lat="50.354784508301677" lon="10.56005951939497">
</wpt>
<wpt lat="50.354784508301677" lon="10.616440504612926">
</wpt>
<wpt lat="50.354784508301677" lon="10.630535750917415">
</wpt>
<wpt lat="50.354784508301677" lon="10.644630997221904">
</wpt>
<wpt lat="50.363777724360865" lon="10.504557203521752">
</wpt>
<wpt lat="50.363777724360865" lon="10.518655120553733">
</wpt>
<wpt lat="50.363777724360865" lon="10.532753037585714">
</wpt>
<wpt lat="50.363777724360865" lon="10.546850954617694">
</wpt>
<wpt lat="50.363777724360865" lon="10.645536373841558">
</wpt>
<wpt lat="50.372770940420054" lon="6.670076079794836">
</wpt>
<wpt lat="50.372770940420054" lon="8.362146774099752">
</wpt>
<wpt lat="50.372770940420054" lon="10.505436320219314">
</wpt>
<wpt lat="50.372770940420054" lon="10.519536909338521">
</wpt>
<wpt lat="50.372770940420054" lon="10.533637498457729">
</wpt>
<wpt lat="50.381764156479242" lon="8.517755862610164">
</wpt>
<wpt lat="50.381764156479242" lon="8.53185912517724">
</wpt>
<wpt lat="50.381764156479242" lon="10.407593046598356">
</wpt>
<wpt lat="50.381764156479242" lon="10.492212622000812">
</wpt>
<wpt lat="50.381764156479242" lon="10.506315884567888">
</wpt>
<wpt lat="50.390757372538431" lon="8.51825872677979">
</wpt>
<wpt lat="50.390757372538431" lon="10.408454335229214">
</wpt>
<wpt lat="50.390757372538431" lon="10.478984022111655">
</wpt>
<wpt lat="50.390757372538431" lon="10.493089959488143">
</wpt>
<wpt lat="50.390757372538431" lon="10.662361208006002">
</wpt>
<wpt lat="50.39975058859762" lon="6.656424858707856">
</wpt>
<wpt lat="50.39975058859762" lon="7.291312468383812">
</wpt>
<wpt lat="50.39975058859762" lon="7.756896715479513">
</wpt>
<wpt lat="50.39975058859762" lon="7.771005329027868">
</wpt>
<wpt lat="50.39975058859762" lon="8.405892938703799">
</wpt>
<wpt lat="50.39975058859762" lon="8.518761847090628">
</wpt>
<wpt lat="50.39975058859762" lon="10.465750516763437">
</wpt>
<wpt lat="50.39975058859762" lon="10.479859130311791">
</wpt>
<wpt lat="50.39975058859762" lon="10.493967743860145">
</wpt>
<wpt lat="50.408743804656808" lon="7.771366796283435">
</wpt>
<wpt lat="50.408743804656808" lon="8.519265223713196">
</wpt>
<wpt lat="50.408743804656808" lon="10.466623393247252">
</wpt>
<wpt lat="50.408743804656808" lon="10.480734684330832">
</wpt>
<wpt lat="50.408743804656808" lon="10.494845975414412">
</wpt>
<wpt lat="50.417737020715997" lon="6.797864518882966">
</wpt>
<wpt lat="50.417737020715997" lon="6.811978488866041">
</wpt>
<wpt lat="50.417737020715997" lon="8.195147547207414">
</wpt>
<wpt lat="50.417737020715997" lon="10.467496714482527">
</wpt>
<wpt lat="50.417737020715997" lon="10.481610684465602">
</wpt>
<wpt lat="50.417737020715997" lon="10.495724654448678">
</wpt>
<wpt lat="50.417737020715997" lon="10.622750384296355">
</wpt>
<wpt lat="50.417737020715997" lon="10.63686435427943">
</wpt>
<wpt lat="50.426730236775185" lon="6.783924766103656">
</wpt>
<wpt lat="50.426730236775185" lon="6.798041416351404">
</wpt>
<wpt lat="50.426730236775185" lon="6.812158066599153">
</wpt>
<wpt lat="50.426730236775185" lon="8.153239840135265">
</wpt>
<wpt lat="50.426730236775185" lon="8.167356490383014">
</wpt>
<wpt lat="50.426730236775185" lon="8.181473140630763">
</wpt>
<wpt lat="50.426730236775185" lon="10.496603781261525">
</wpt>
<wpt lat="50.426730236775185" lon="10.510720431509274">
</wpt>
<wpt lat="50.426730236775185" lon="10.524837081757022">
</wpt>
<wpt lat="50.426730236775185" lon="10.538953732004771">
</wpt>
<wpt lat="50.426730236775185" lon="10.553070382252519">
</wpt>
<wpt lat="50.426730236775185" lon="10.567187032500268">
</wpt>
<wpt lat="50.426730236775185" lon="10.581303682748016">
</wpt>
<wpt lat="50.426730236775185" lon="10.595420332995765">
</wpt>
<wpt lat="50.426730236775185" lon="10.637770283739011">
</wpt>
<wpt lat="50.435723452834374" lon="6.784099072103063">
</wpt>
<wpt lat="50.435723452834374" lon="6.798218403981572">
</wpt>
<wpt lat="50.435723452834374" lon="6.812337735860081">
</wpt>
<wpt lat="50.435723452834374" lon="6.826457067738589">
</wpt>
<wpt lat="50.435723452834374" lon="8.167793596196903">
</wpt>
<wpt lat="50.435723452834374" lon="8.238390255589442">
</wpt>
<wpt lat="50.435723452834374" lon="8.25250958746795">
</wpt>
<wpt lat="50.435723452834374" lon="10.511602688029194">
</wpt>
<wpt lat="50.435723452834374" lon="10.525722019907702">
</wpt>
<wpt lat="50.435723452834374" lon="10.53984135178621">
</wpt>
<wpt lat="50.435723452834374" lon="10.553960683664718">
</wpt>
<wpt lat="50.444716668893562" lon="6.770151452081135">
</wpt>
<wpt lat="50.444716668893562" lon="6.784273466957403">
</wpt>
<wpt lat="50.444716668893562" lon="6.798395481833671">
</wpt>
<wpt lat="50.444716668893562" lon="6.812517496709939">
</wpt>
<wpt lat="50.444716668893562" lon="6.826639511586206">
</wpt>
<wpt lat="50.444716668893562" lon="6.840761526462474">
</wpt>
<wpt lat="50.444716668893562" lon="8.18235293970791">
</wpt>
<wpt lat="50.444716668893562" lon="8.238840999212981">
</wpt>
<wpt lat="50.444716668893562" lon="10.512485394292087">
</wpt>
<wpt lat="50.444716668893562" lon="10.526607409168355">
</wpt>
<wpt lat="50.444716668893562" lon="10.540729424044622">
</wpt>
<wpt lat="50.453709884952751" lon="6.770323251483971">
</wpt>
<wpt lat="50.453709884952751" lon="6.784447950725908">
</wpt>
<wpt lat="50.453709884952751" lon="6.798572649967845">
</wpt>
<wpt lat="50.453709884952751" lon="6.812697349209782">
</wpt>
<wpt lat="50.453709884952751" lon="6.826822048451719">
</wpt>
<wpt lat="50.453709884952751" lon="6.840946747693656">
</wpt>
<wpt lat="50.453709884952751" lon="8.196917874919601">
</wpt>
<wpt lat="50.453709884952751" lon="8.211042574161537">
</wpt>
<wpt lat="50.453709884952751" lon="8.225167273403473">
</wpt>
<wpt lat="50.453709884952751" lon="8.239291972645409">
</wpt>
<wpt lat="50.453709884952751" lon="8.987901032468026">
</wpt>
<wpt lat="50.453709884952751" lon="10.51336855059713">
</wpt>
<wpt lat="50.453709884952751" lon="10.527493249839067">
</wpt>
<wpt lat="50.453709884952751" lon="10.541617949081003">
</wpt>
<wpt lat="50.46270310101194" lon="6.75636775351501">
</wpt>
<wpt lat="50.46270310101194" lon="6.770495138491439">
</wpt>
<wpt lat="50.46270310101194" lon="6.784622523467868">
</wpt>
<wpt lat="50.46270310101194" lon="6.798749908444297">
</wpt>
<wpt lat="50.46270310101194" lon="8.833093345050086">
</wpt>
<wpt lat="50.46270310101194" lon="9.511207823918708">
</wpt>
<wpt lat="50.46270310101194" lon="9.525335208895138">
</wpt>
<wpt lat="50.46270310101194" lon="10.387105692457345">
</wpt>
<wpt lat="50.46270310101194" lon="10.542506927198071">
</wpt>
<wpt lat="50.46270310101194" lon="10.5566343121745">
</wpt>
<wpt lat="50.471696317071128" lon="6.728276896920062">
</wpt>
<wpt lat="50.471696317071128" lon="6.742406969000719">
</wpt>
<wpt lat="50.471696317071128" lon="6.756537041081375">
</wpt>
<wpt lat="50.471696317071128" lon="6.770667113162032">
</wpt>
<wpt lat="50.471696317071128" lon="6.784797185242689">
</wpt>
<wpt lat="50.471696317071128" lon="8.536926123244159">
</wpt>
<wpt lat="50.471696317071128" lon="8.946698213583231">
</wpt>
<wpt lat="50.471696317071128" lon="8.989088429825204">
</wpt>
<wpt lat="50.471696317071128" lon="9.497771024728879">
</wpt>
<wpt lat="50.471696317071128" lon="9.511901096809536">
</wpt>
<wpt lat="50.471696317071128" lon="9.526031168890194">
</wpt>
<wpt lat="50.471696317071128" lon="9.540161240970852">
</wpt>
<wpt lat="50.471696317071128" lon="9.554291313051509">
</wpt>
<wpt lat="50.471696317071128" lon="10.38796556581031">
</wpt>
<wpt lat="50.471696317071128" lon="10.543396358697544">
</wpt>
<wpt lat="50.471696317071128" lon="10.557526430778202">
</wpt>
<wpt lat="50.471696317071128" lon="10.571656502858859">
</wpt>
<wpt lat="50.480689533130317" lon="6.742573654443227">
</wpt>
<wpt lat="50.480689533130317" lon="6.756706414998763">
</wpt>
<wpt lat="50.480689533130317" lon="6.770839175554299">
</wpt>
<wpt lat="50.480689533130317" lon="6.784971936109835">
</wpt>
<wpt lat="50.480689533130317" lon="8.537434244996254">
</wpt>
<wpt lat="50.480689533130317" lon="8.94728430110677">
</wpt>
<wpt lat="50.480689533130317" lon="8.961417061662305">
</wpt>
<wpt lat="50.480689533130317" lon="8.97554982221784">
</wpt>
<wpt lat="50.480689533130317" lon="8.989682582773375">
</wpt>
<wpt lat="50.480689533130317" lon="9.00381534332891">
</wpt>
<wpt lat="50.480689533130317" lon="9.484329202217101">
</wpt>
<wpt lat="50.480689533130317" lon="9.498461962772636">
</wpt>
<wpt lat="50.480689533130317" lon="9.512594723328171">
</wpt>
<wpt lat="50.480689533130317" lon="9.526727483883706">
</wpt>
<wpt lat="50.480689533130317" lon="9.540860244439241">
</wpt>
<wpt lat="50.480689533130317" lon="9.554993004994776">
</wpt>
<wpt lat="50.480689533130317" lon="10.558419004437763">
</wpt>
<wpt lat="50.480689533130317" lon="10.572551764993298">
</wpt>
<wpt lat="50.480689533130317" lon="10.586684525548833">
</wpt>
<wpt lat="50.489682749189505" lon="6.771011325726674">
</wpt>
<wpt lat="50.489682749189505" lon="6.785146776128653">
</wpt>
<wpt lat="50.489682749189505" lon="8.947870687631543">
</wpt>
<wpt lat="50.489682749189505" lon="8.962006138033523">
</wpt>
<wpt lat="50.489682749189505" lon="8.976141588435503">
</wpt>
<wpt lat="50.489682749189505" lon="8.990277038837483">
</wpt>
<wpt lat="50.489682749189505" lon="9.004412489239463">
</wpt>
<wpt lat="50.489682749189505" lon="9.018547939641444">
</wpt>
<wpt lat="50.489682749189505" lon="9.032683390043424">
</wpt>
<wpt lat="50.489682749189505" lon="9.499153253308769">
</wpt>
<wpt lat="50.489682749189505" lon="9.513288703710749">
</wpt>
<wpt lat="50.498675965248694" lon="8.976733656598951">
</wpt>
<wpt lat="50.498675965248694" lon="8.990871798219855">
</wpt>
<wpt lat="50.498675965248694" lon="9.005009939840759">
</wpt>
<wpt lat="50.498675965248694" lon="9.019148081461664">
</wpt>
<wpt lat="50.498675965248694" lon="9.033286223082568">
</wpt>
<wpt lat="50.498675965248694" lon="9.047424364703472">
</wpt>
<wpt lat="50.498675965248694" lon="9.513983038193315">
</wpt>
<wpt lat="50.507669181307882" lon="8.355129321527933">
</wpt>
<wpt lat="50.507669181307882" lon="8.991466861123177">
</wpt>
<wpt lat="50.507669181307882" lon="9.048030197976088">
</wpt>
<wpt lat="50.507669181307882" lon="9.500536892799373">
</wpt>
<wpt lat="50.507669181307882" lon="9.5146777270126">
</wpt>
<wpt lat="50.516662397367071" lon="8.864770474131507">
</wpt>
<wpt lat="50.516662397367071" lon="8.878914002311372">
</wpt>
<wpt lat="50.516662397367071" lon="9.048636340469752">
</wpt>
<wpt lat="50.52565561342626" lon="8.86534188660837">
</wpt>
<wpt lat="50.52565561342626" lon="8.879488110130108">
</wpt>
<wpt lat="50.534648829485448" lon="8.851764670589962">
</wpt>
<wpt lat="50.534648829485448" lon="8.865913590829724">
</wpt>
<wpt lat="50.543642045544637" lon="6.191829721701816">
</wpt>
<wpt lat="50.543642045544637" lon="8.852333968655735">
</wpt>
<wpt lat="50.543642045544637" lon="8.866485586990596">
</wpt>
<wpt lat="50.552635261603825" lon="6.177737491774982">
</wpt>
<wpt lat="50.552635261603825" lon="6.191891809582936">
</wpt>
<wpt lat="50.552635261603825" lon="6.800527475324946">
</wpt>
<wpt lat="50.552635261603825" lon="8.852903557478237">
</wpt>
<wpt lat="50.552635261603825" lon="10.537267376624731">
</wpt>
<wpt lat="50.552635261603825" lon="11.966853475228058">
</wpt>
<wpt lat="50.561628477663014" lon="6.191953929179116">
</wpt>
<wpt lat="50.561628477663014" lon="6.800705731557462">
</wpt>
<wpt lat="50.561628477663014" lon="6.814862750217424">
</wpt>
<wpt lat="50.561628477663014" lon="10.538158657787312">
</wpt>
<wpt lat="50.561628477663014" lon="10.594786732427158">
</wpt>
<wpt lat="50.570621693722202" lon="8.400932539633736">
</wpt>
<wpt lat="50.570621693722202" lon="10.595689277863951">
</wpt>
<wpt lat="50.579614909781391" lon="6.41867705567227">
</wpt>
<wpt lat="50.579614909781391" lon="6.432839480176687">
</wpt>
<wpt lat="50.58860812584058" lon="6.404617420951071">
</wpt>
<wpt lat="50.58860812584058" lon="6.418782550449784">
</wpt>
<wpt lat="50.58860812584058" lon="6.432947679948496">
</wpt>
<wpt lat="50.597601341899768" lon="6.41888809914914">
</wpt>
<wpt lat="50.597601341899768" lon="6.433055935024759">
</wpt>
<wpt lat="50.597601341899768" lon="6.447223770900378">
</wpt>
<wpt lat="50.606594557958957" lon="6.504016963622808">
</wpt>
<wpt lat="50.606594557958957" lon="10.330063745359658">
</wpt>
<wpt lat="50.606594557958957" lon="10.34423428899572">
</wpt>
<wpt lat="50.615587774018145" lon="10.345090378786777">
</wpt>
<wpt lat="50.615587774018145" lon="10.359263631567748">
</wpt>
<wpt lat="50.624580990077334" lon="10.246715163182609">
</wpt>
<wpt lat="50.624580990077334" lon="10.345946906361503">
</wpt>
<wpt lat="50.624580990077334" lon="10.360122869672773">
</wpt>
<wpt lat="50.624580990077334" lon="10.459354612851667">
</wpt>
<wpt lat="50.633574206136522" lon="9.311760580377747">
</wpt>
<wpt lat="50.633574206136522" lon="10.233374470190761">
</wpt>
<wpt lat="50.633574206136522" lon="10.247553145418653">
</wpt>
<wpt lat="50.633574206136522" lon="10.346803872013901">
</wpt>
<wpt lat="50.633574206136522" lon="10.446054598609148">
</wpt>
<wpt lat="50.633574206136522" lon="10.460233273837041">
</wpt>
<wpt lat="50.633574206136522" lon="10.474411949064933">
</wpt>
<wpt lat="50.633574206136522" lon="10.488590624292826">
</wpt>
<wpt lat="50.633574206136522" lon="11.750492719575259">
</wpt>
<wpt lat="50.633574206136522" lon="11.892279471854184">
</wpt>
<wpt lat="50.642567422195711" lon="9.085517696710129">
</wpt>
<wpt lat="50.642567422195711" lon="9.893856843020568">
</wpt>
<wpt lat="50.642567422195711" lon="9.908038231552331">
</wpt>
<wpt lat="50.642567422195711" lon="9.922219620084093">
</wpt>
<wpt lat="50.642567422195711" lon="9.936401008615855">
</wpt>
<wpt lat="50.642567422195711" lon="9.950582397147617">
</wpt>
<wpt lat="50.642567422195711" lon="9.964763785679379">
</wpt>
<wpt lat="50.642567422195711" lon="9.978945174211141">
</wpt>
<wpt lat="50.642567422195711" lon="10.234210167782859">
</wpt>
<wpt lat="50.642567422195711" lon="10.248391556314621">
</wpt>
<wpt lat="50.642567422195711" lon="10.262572944846383">
</wpt>
<wpt lat="50.642567422195711" lon="10.333479887505193">
</wpt>
<wpt lat="50.642567422195711" lon="10.432749607227528">
</wpt>
<wpt lat="50.642567422195711" lon="10.44693099575929">
</wpt>
<wpt lat="50.642567422195711" lon="10.489475161354576">
</wpt>
<wpt lat="50.642567422195711" lon="10.503656549886339">
</wpt>
<wpt lat="50.642567422195711" lon="10.517837938418101">
</wpt>
<wpt lat="50.642567422195711" lon="10.532019326949863">
</wpt>
<wpt lat="50.642567422195711" lon="10.546200715481625">
</wpt>
<wpt lat="50.642567422195711" lon="11.751618740681403">
</wpt>
<wpt lat="50.6515606382549" lon="7.483330267514862">
</wpt>
<wpt lat="50.6515606382549" lon="7.625171299753008">
</wpt>
<wpt lat="50.6515606382549" lon="7.639355402976823">
</wpt>
<wpt lat="50.6515606382549" lon="9.880443712339408">
</wpt>
<wpt lat="50.6515606382549" lon="9.894627815563222">
</wpt>
<wpt lat="50.6515606382549" lon="9.908811918787036">
</wpt>
<wpt lat="50.6515606382549" lon="10.235046292934751">
</wpt>
<wpt lat="50.6515606382549" lon="10.249230396158564">
</wpt>
<wpt lat="50.6515606382549" lon="10.263414499382378">
</wpt>
<wpt lat="50.6515606382549" lon="10.277598602606192">
</wpt>
<wpt lat="50.6515606382549" lon="10.291782705830006">
</wpt>
<wpt lat="50.6515606382549" lon="10.518728357411025">
</wpt>
<wpt lat="50.6515606382549" lon="11.752745337882816">
</wpt>
<wpt lat="50.660553854314088" lon="7.483639900767404">
</wpt>
<wpt lat="50.660553854314088" lon="7.497826720072381">
</wpt>
<wpt lat="50.660553854314088" lon="9.129310940144691">
</wpt>
<wpt lat="50.660553854314088" lon="9.143497759449668">
</wpt>
<wpt lat="50.660553854314088" lon="9.895399182613414">
</wpt>
<wpt lat="50.660553854314088" lon="10.221696026627869">
</wpt>
<wpt lat="50.660553854314088" lon="10.235882845932846">
</wpt>
<wpt lat="50.660553854314088" lon="10.250069665237822">
</wpt>
<wpt lat="50.660553854314088" lon="10.264256484542798">
</wpt>
<wpt lat="50.660553854314088" lon="10.278443303847775">
</wpt>
<wpt lat="50.660553854314088" lon="10.292630123152751">
</wpt>
<wpt lat="50.660553854314088" lon="10.306816942457727">
</wpt>
<wpt lat="50.669547070373277" lon="7.48394969248492">
</wpt>
<wpt lat="50.669547070373277" lon="9.129935958522278">
</wpt>
<wpt lat="50.669547070373277" lon="10.208340753512292">
</wpt>
<wpt lat="50.669547070373277" lon="10.222530290288477">
</wpt>
<wpt lat="50.669547070373277" lon="10.293477974169399">
</wpt>
<wpt lat="50.669547070373277" lon="10.307667510945583">
</wpt>
<wpt lat="50.678540286432465" lon="7.47006738713546">
</wpt>
<wpt lat="50.678540286432465" lon="9.130561296824387">
</wpt>
<wpt lat="50.678540286432465" lon="9.244099341931323">
</wpt>
<wpt lat="50.678540286432465" lon="10.038865657679869">
</wpt>
<wpt lat="50.678540286432465" lon="10.053057913318236">
</wpt>
<wpt lat="50.678540286432465" lon="10.194980469701905">
</wpt>
<wpt lat="50.678540286432465" lon="10.209172725340272">
</wpt>
<wpt lat="50.687533502491654" lon="7.456179799955519">
</wpt>
<wpt lat="50.687533502491654" lon="10.025470436490778">
</wpt>
<wpt lat="50.687533502491654" lon="10.039665412383238">
</wpt>
<wpt lat="50.687533502491654" lon="10.053860388275698">
</wpt>
<wpt lat="50.687533502491654" lon="10.195810147200298">
</wpt>
<wpt lat="50.696526718550842" lon="10.012070181504226">
</wpt>
<wpt lat="50.696526718550842" lon="10.026267879043624">
</wpt>
<wpt lat="50.696526718550842" lon="10.040465576583022">
</wpt>
<wpt lat="50.696526718550842" lon="10.05466327412242">
</wpt>
<wpt lat="50.705519934610031" lon="8.820029980664135">
</wpt>
<wpt lat="50.705519934610031" lon="8.83423040124425">
</wpt>
<wpt lat="50.705519934610031" lon="9.842460262432443">
</wpt>
<wpt lat="50.705519934610031" lon="9.856660683012558">
</wpt>
<wpt lat="50.705519934610031" lon="9.870861103592674">
</wpt>
<wpt lat="50.705519934610031" lon="9.998664888813712">
</wpt>
<wpt lat="50.705519934610031" lon="10.012865309393828">
</wpt>
<wpt lat="50.705519934610031" lon="10.027065729973943">
</wpt>
<wpt lat="50.705519934610031" lon="10.041266150554058">
</wpt>
<wpt lat="50.705519934610031" lon="10.055466571134174">
</wpt>
<wpt lat="50.705519934610031" lon="10.069666991714289">
</wpt>
<wpt lat="50.714513150669219" lon="8.834799808250079">
</wpt>
<wpt lat="50.714513150669219" lon="9.843223104354127">
</wpt>
<wpt lat="50.714513150669219" lon="9.857426249369677">
</wpt>
<wpt lat="50.714513150669219" lon="9.871629394385227">
</wpt>
<wpt lat="50.714513150669219" lon="9.999457699525177">
</wpt>
<wpt lat="50.714513150669219" lon="10.056270279587377">
</wpt>
<wpt lat="50.714513150669219" lon="10.070473424602927">
</wpt>
<wpt lat="50.714513150669219" lon="10.084676569618477">
</wpt>
<wpt lat="50.714513150669219" lon="13.621259678490421">
</wpt>
<wpt lat="50.723506366728408" lon="10.071280270605222">
</wpt>
<wpt lat="50.723506366728408" lon="10.085486141451861">
</wpt>
<wpt lat="50.723506366728408" lon="10.199133108224979">
</wpt>
<wpt lat="50.723506366728408" lon="13.807424303271466">
</wpt>
<wpt lat="50.723506366728408" lon="13.821630174118106">
</wpt>
<wpt lat="50.723506366728408" lon="13.835836044964745">
</wpt>
<wpt lat="50.723506366728408" lon="13.850041915811385">
</wpt>
<wpt lat="50.732499582787597" lon="9.81633276466067">
</wpt>
<wpt lat="50.732499582787597" lon="10.08629612807273">
</wpt>
<wpt lat="50.732499582787597" lon="10.185756314592963">
</wpt>
<wpt lat="50.732499582787597" lon="10.199964912667282">
</wpt>
<wpt lat="50.732499582787597" lon="13.808948823544297">
</wpt>
<wpt lat="50.732499582787597" lon="13.823157421618616">
</wpt>
<wpt lat="50.732499582787597" lon="13.837366019692935">
</wpt>
<wpt lat="50.732499582787597" lon="13.851574617767254">
</wpt>
<wpt lat="50.741492798846785" lon="9.134947640891987">
</wpt>
<wpt lat="50.741492798846785" lon="9.149158967591518">
</wpt>
<wpt lat="50.741492798846785" lon="9.163370294291049">
</wpt>
<wpt lat="50.741492798846785" lon="9.817091322469473">
</wpt>
<wpt lat="50.741492798846785" lon="9.902359282666659">
</wpt>
<wpt lat="50.741492798846785" lon="10.087106529760561">
</wpt>
<wpt lat="50.741492798846785" lon="10.101317856460092">
</wpt>
<wpt lat="50.741492798846785" lon="10.115529183159623">
</wpt>
<wpt lat="50.741492798846785" lon="10.129740509859154">
</wpt>
<wpt lat="50.741492798846785" lon="10.143951836558685">
</wpt>
<wpt lat="50.741492798846785" lon="10.158163163258216">
</wpt>
<wpt lat="50.741492798846785" lon="10.172374489957747">
</wpt>
<wpt lat="50.741492798846785" lon="10.186585816657278">
</wpt>
<wpt lat="50.741492798846785" lon="13.810474125037672">
</wpt>
<wpt lat="50.741492798846785" lon="13.824685451737203">
</wpt>
<wpt lat="50.741492798846785" lon="13.838896778436734">
</wpt>
<wpt lat="50.741492798846785" lon="13.853108105136265">
</wpt>
<wpt lat="50.741492798846785" lon="13.867319431835796">
</wpt>
<wpt lat="50.750486014905974" lon="9.135575546338726">
</wpt>
<wpt lat="50.750486014905974" lon="9.149789603061938">
</wpt>
<wpt lat="50.750486014905974" lon="10.087917346793921">
</wpt>
<wpt lat="50.750486014905974" lon="10.102131403517133">
</wpt>
<wpt lat="50.750486014905974" lon="10.116345460240344">
</wpt>
<wpt lat="50.750486014905974" lon="10.130559516963556">
</wpt>
<wpt lat="50.750486014905974" lon="10.144773573686768">
</wpt>
<wpt lat="50.750486014905974" lon="10.15898763040998">
</wpt>
<wpt lat="50.750486014905974" lon="10.173201687133192">
</wpt>
<wpt lat="50.750486014905974" lon="10.187415743856404">
</wpt>
<wpt lat="50.750486014905974" lon="13.826214264998638">
</wpt>
<wpt lat="50.750486014905974" lon="13.84042832172185">
</wpt>
<wpt lat="50.750486014905974" lon="13.854642378445062">
</wpt>
<wpt lat="50.750486014905974" lon="13.868856435168274">
</wpt>
<wpt lat="50.759479230965162" lon="9.15042056179643">
</wpt>
<wpt lat="50.759479230965162" lon="10.102945367598858">
</wpt>
<wpt lat="50.759479230965162" lon="10.145595732037773">
</wpt>
<wpt lat="50.759479230965162" lon="10.159812520184078">
</wpt>
<wpt lat="50.759479230965162" lon="10.174029308330383">
</wpt>
<wpt lat="50.768472447024351" lon="9.847808371529934">
</wpt>
<wpt lat="50.768472447024351" lon="9.862027892499684">
</wpt>
<wpt lat="50.777465663083539" lon="13.574804815413561">
</wpt>
<wpt lat="50.786458879142728" lon="13.348687672093101">
</wpt>
<wpt lat="50.795452095201917" lon="7.417164835827726">
</wpt>
<wpt lat="50.795452095201917" lon="10.134660855489287">
</wpt>
<wpt lat="50.795452095201917" lon="13.591998723435717">
</wpt>
<wpt lat="50.795452095201917" lon="13.606226451287348">
</wpt>
<wpt lat="50.804445311261105" lon="7.445924257737078">
</wpt>
<wpt lat="50.804445311261105" lon="9.068197414331914">
</wpt>
<wpt lat="50.804445311261105" lon="13.593485693254353">
</wpt>
<wpt lat="50.813438527320294" lon="9.068813878188543">
</wpt>
<wpt lat="50.813438527320294" lon="13.580740219903255">
</wpt>
<wpt lat="50.831424959438671" lon="10.807167937986332">
</wpt>
<wpt lat="50.840418175497859" lon="10.80812012689881">
</wpt>
<wpt lat="50.849411391557048" lon="13.50122274009447">
</wpt>
<wpt lat="50.858404607616237" lon="10.069185797252263">
</wpt>
<wpt lat="50.858404607616237" lon="10.083432723683627">
</wpt>
<wpt lat="50.858404607616237" lon="13.502695067210892">
</wpt>
<wpt lat="50.867397823675425" lon="10.098495892160454">
</wpt>
<wpt lat="50.876391039734614" lon="10.099312553486644">
</wpt>
<wpt lat="50.876391039734614" lon="10.113564977909158">
</wpt>
<wpt lat="50.885384255793802" lon="10.100129634376611">
</wpt>
<wpt lat="50.885384255793802" lon="10.114384809913233">
</wpt>
<wpt lat="50.894377471852991" lon="10.100947135113401">
</wpt>
<wpt lat="50.894377471852991" lon="10.115205063177756">
</wpt>
<wpt lat="50.894377471852991" lon="10.129462991242111">
</wpt>
<wpt lat="50.894377471852991" lon="10.143720919306466">
</wpt>
<wpt lat="50.903370687912179" lon="6.508073190300069">
</wpt>
<wpt lat="50.921357120030557" lon="9.832344470603623">
</wpt>
<wpt lat="50.948336768208122" lon="9.62052889122166">
</wpt>
<wpt lat="50.948336768208122" lon="9.691901256073781">
</wpt>
<wpt lat="50.948336768208122" lon="9.734724674985053">
</wpt>
<wpt lat="50.957329984267311" lon="9.635532650964832">
</wpt>
<wpt lat="50.957329984267311" lon="9.649809886385153">
</wpt>
<wpt lat="50.957329984267311" lon="9.664087121805474">
</wpt>
<wpt lat="50.957329984267311" lon="9.678364357225796">
</wpt>
<wpt lat="50.957329984267311" lon="9.692641592646117">
</wpt>
<wpt lat="50.957329984267311" lon="9.706918828066438">
</wpt>
<wpt lat="50.957329984267311" lon="9.72119606348676">
</wpt>
<wpt lat="50.966323200326499" lon="9.650542312248907">
</wpt>
<wpt lat="50.966323200326499" lon="9.664822311540412">
</wpt>
<wpt lat="50.966323200326499" lon="9.679102310831917">
</wpt>
<wpt lat="50.966323200326499" lon="9.693382310123422">
</wpt>
<wpt lat="50.966323200326499" lon="9.707662309414927">
</wpt>
<wpt lat="50.966323200326499" lon="9.721942308706431">
</wpt>
<wpt lat="50.966323200326499" lon="9.864742301621479">
</wpt>
<wpt lat="50.966323200326499" lon="9.879022300912984">
</wpt>
<wpt lat="50.966323200326499" lon="9.964702296662013">
</wpt>
<wpt lat="50.966323200326499" lon="9.978982295953518">
</wpt>
<wpt lat="50.975316416385688" lon="9.408468117065324">
</wpt>
<wpt lat="50.975316416385688" lon="9.651275115009318">
</wpt>
<wpt lat="50.975316416385688" lon="9.951213171293075">
</wpt>
<wpt lat="50.984309632444877" lon="9.509152981905094">
</wpt>
<wpt lat="50.984309632444877" lon="9.637722763619392">
</wpt>
<wpt lat="50.993302848504065" lon="9.338399264506291">
</wpt>
<wpt lat="50.993302848504065" lon="9.352687563948704">
</wpt>
<wpt lat="50.993302848504065" lon="9.509858857815244">
</wpt>
<wpt lat="50.993302848504065" lon="10.024237637742102">
</wpt>
<wpt lat="50.993302848504065" lon="10.038525937184515">
</wpt>
<wpt lat="50.993302848504065" lon="12.810456029012583">
</wpt>
<wpt lat="51.002296064563254" lon="9.2676169239939">
</wpt>
<wpt lat="51.002296064563254" lon="9.281907993002278">
</wpt>
<wpt lat="51.002296064563254" lon="9.324781200027411">
</wpt>
<wpt lat="51.002296064563254" lon="9.339072269035789">
</wpt>
<wpt lat="51.002296064563254" lon="9.996461443421165">
</wpt>
<wpt lat="51.002296064563254" lon="10.010752512429542">
</wpt>
<wpt lat="51.002296064563254" lon="10.02504358143792">
</wpt>
<wpt lat="51.002296064563254" lon="10.039334650446298">
</wpt>
<wpt lat="51.002296064563254" lon="10.053625719454676">
</wpt>
<wpt lat="51.002296064563254" lon="12.811802038071578">
</wpt>
<wpt lat="51.002296064563254" lon="12.826093107079956">
</wpt>
<wpt lat="51.011289280622442" lon="9.325451780108894">
</wpt>
<wpt lat="51.011289280622442" lon="10.054437620131843">
</wpt>
<wpt lat="51.011289280622442" lon="12.813148740218688">
</wpt>
<wpt lat="51.020282496681631" lon="10.06954655136064">
</wpt>
<wpt lat="51.029275712740819" lon="10.07036206243272">
</wpt>
<wpt lat="51.029275712740819" lon="10.084661448699498">
</wpt>
<wpt lat="51.038268928800008" lon="10.071177993633292">
</wpt>
<wpt lat="51.038268928800008" lon="10.085480155176262">
</wpt>
<wpt lat="51.047262144859197" lon="9.542711630028931">
</wpt>
<wpt lat="51.047262144859197" lon="10.772936319454955">
</wpt>
<wpt lat="51.047262144859197" lon="12.847152365580227">
</wpt>
<wpt lat="51.047262144859197" lon="12.861457303829367">
</wpt>
<wpt lat="51.056255360918385" lon="9.54342561126772">
</wpt>
<wpt lat="51.056255360918385" lon="10.416196310829319">
</wpt>
<wpt lat="51.056255360918385" lon="10.430504027215575">
</wpt>
<wpt lat="51.056255360918385" lon="10.44481174360183">
</wpt>
<wpt lat="51.056255360918385" lon="10.54496575830562">
</wpt>
<wpt lat="51.056255360918385" lon="10.559273474691876">
</wpt>
<wpt lat="51.056255360918385" lon="10.773889220485712">
</wpt>
<wpt lat="51.056255360918385" lon="12.848508096492791">
</wpt>
<wpt lat="51.065248576977574" lon="10.402769717826716">
</wpt>
<wpt lat="51.065248576977574" lon="10.417080213782006">
</wpt>
<wpt lat="51.065248576977574" lon="10.431390709737295">
</wpt>
<wpt lat="51.065248576977574" lon="10.445701205692584">
</wpt>
<wpt lat="51.065248576977574" lon="10.54587467737961">
</wpt>
<wpt lat="51.074241793036762" lon="9.3587820775598">
</wpt>
<wpt lat="51.074241793036762" lon="10.375024741521873">
</wpt>
<wpt lat="51.074241793036762" lon="10.389338018479085">
</wpt>
<wpt lat="51.074241793036762" lon="10.403651295436298">
</wpt>
<wpt lat="51.074241793036762" lon="10.41796457239351">
</wpt>
<wpt lat="51.074241793036762" lon="10.432277849350722">
</wpt>
<wpt lat="51.074241793036762" lon="10.446591126307935">
</wpt>
<wpt lat="51.074241793036762" lon="10.60403717283727">
</wpt>
<wpt lat="51.083235009095951" lon="10.189792436685417">
</wpt>
<wpt lat="51.083235009095951" lon="10.375901208794392">
</wpt>
<wpt lat="51.083235009095951" lon="10.39021726818739">
</wpt>
<wpt lat="51.083235009095951" lon="10.404533327580388">
</wpt>
<wpt lat="51.083235009095951" lon="10.418849386973386">
</wpt>
<wpt lat="51.083235009095951" lon="10.433165446366385">
</wpt>
<wpt lat="51.083235009095951" lon="10.447481505759383">
</wpt>
<wpt lat="51.083235009095951" lon="10.461797565152381">
</wpt>
<wpt lat="51.083235009095951" lon="12.809631305604064">
</wpt>
<wpt lat="51.092228225155139" lon="8.744429995987282">
</wpt>
<wpt lat="51.092228225155139" lon="10.161995479085496">
</wpt>
<wpt lat="51.092228225155139" lon="10.176314322349114">
</wpt>
<wpt lat="51.092228225155139" lon="10.376778128039771">
</wpt>
<wpt lat="51.092228225155139" lon="10.391096971303389">
</wpt>
<wpt lat="51.092228225155139" lon="10.405415814567007">
</wpt>
<wpt lat="51.092228225155139" lon="10.419734657830626">
</wpt>
<wpt lat="51.092228225155139" lon="10.434053501094244">
</wpt>
<wpt lat="51.092228225155139" lon="10.448372344357862">
</wpt>
<wpt lat="51.092228225155139" lon="12.810981482854885">
</wpt>
<wpt lat="51.101221441214328" lon="8.730668214009652">
</wpt>
<wpt lat="51.101221441214328" lon="8.744989842579701">
</wpt>
<wpt lat="51.101221441214328" lon="8.759311471149749">
</wpt>
<wpt lat="51.101221441214328" lon="10.162831071014478">
</wpt>
<wpt lat="51.101221441214328" lon="10.177152699584527">
</wpt>
<wpt lat="51.101221441214328" lon="10.391977128135251">
</wpt>
<wpt lat="51.101221441214328" lon="10.406298756705299">
</wpt>
<wpt lat="51.101221441214328" lon="10.420620385275347">
</wpt>
<wpt lat="51.101221441214328" lon="10.434942013845395">
</wpt>
<wpt lat="51.101221441214328" lon="10.449263642415444">
</wpt>
<wpt lat="51.110214657273517" lon="8.716901147339582">
</wpt>
<wpt lat="51.110214657273517" lon="8.731225562652847">
</wpt>
<wpt lat="51.110214657273517" lon="8.745549977966112">
</wpt>
<wpt lat="51.110214657273517" lon="8.759874393279377">
</wpt>
<wpt lat="51.110214657273517" lon="8.774198808592642">
</wpt>
<wpt lat="51.110214657273517" lon="8.788523223905907">
</wpt>
<wpt lat="51.110214657273517" lon="9.232580098617118">
</wpt>
<wpt lat="51.110214657273517" lon="10.177991509292601">
</wpt>
<wpt lat="51.110214657273517" lon="10.278262416485456">
</wpt>
<wpt lat="51.110214657273517" lon="10.292586831798721">
</wpt>
<wpt lat="51.110214657273517" lon="10.392857738991575">
</wpt>
<wpt lat="51.110214657273517" lon="10.40718215430484">
</wpt>
<wpt lat="51.110214657273517" lon="10.421506569618105">
</wpt>
<wpt lat="51.110214657273517" lon="10.43583098493137">
</wpt>
<wpt lat="51.110214657273517" lon="10.879887859642581">
</wpt>
<wpt lat="51.119207873332705" lon="8.717455995353959">
</wpt>
<wpt lat="51.119207873332705" lon="8.7317831988482">
</wpt>
<wpt lat="51.119207873332705" lon="8.746110402342442">
</wpt>
<wpt lat="51.119207873332705" lon="9.233235321146658">
</wpt>
<wpt lat="51.119207873332705" lon="10.393738804180233">
</wpt>
<wpt lat="51.119207873332705" lon="10.408066007674474">
</wpt>
<wpt lat="51.119207873332705" lon="10.422393211168716">
</wpt>
<wpt lat="51.119207873332705" lon="10.436720414662958">
</wpt>
<wpt lat="51.119207873332705" lon="13.259179503028564">
</wpt>
<wpt lat="51.128201089391894" lon="10.394620324010384">
</wpt>
<wpt lat="51.128201089391894" lon="10.408950317124342">
</wpt>
<wpt lat="51.128201089391894" lon="10.423280310238299">
</wpt>
<wpt lat="51.128201089391894" lon="10.437610303352256">
</wpt>
<wpt lat="51.128201089391894" lon="13.26061894680185">
</wpt>
<wpt lat="51.128201089391894" lon="13.274948939915808">
</wpt>
<wpt lat="51.137194305451082" lon="8.833228823891503">
</wpt>
<wpt lat="51.137194305451082" lon="10.381169514617504">
</wpt>
<wpt lat="51.137194305451082" lon="10.395502298790893">
</wpt>
<wpt lat="51.137194305451082" lon="10.624826845565115">
</wpt>
<wpt lat="51.137194305451082" lon="13.247726349295284">
</wpt>
<wpt lat="51.137194305451082" lon="13.262059133468673">
</wpt>
<wpt lat="51.137194305451082" lon="13.276391917642062">
</wpt>
<wpt lat="51.146187521510271" lon="8.848142448091521">
</wpt>
<wpt lat="51.146187521510271" lon="10.339042422137281">
</wpt>
<wpt lat="51.146187521510271" lon="10.353377998810798">
</wpt>
<wpt lat="51.146187521510271" lon="10.367713575484315">
</wpt>
<wpt lat="51.146187521510271" lon="10.382049152157832">
</wpt>
<wpt lat="51.146187521510271" lon="10.66876068562817">
</wpt>
<wpt lat="51.146187521510271" lon="10.683096262301687">
</wpt>
<wpt lat="51.146187521510271" lon="10.926801065751475">
</wpt>
<wpt lat="51.146187521510271" lon="10.941136642424992">
</wpt>
<wpt lat="51.146187521510271" lon="10.955472219098509">
</wpt>
<wpt lat="51.146187521510271" lon="13.249164486861217">
</wpt>
<wpt lat="51.146187521510271" lon="13.263500063534734">
</wpt>
<wpt lat="51.155180737569459" lon="7.386209785223938">
</wpt>
<wpt lat="51.155180737569459" lon="7.400548155839259">
</wpt>
<wpt lat="51.155180737569459" lon="8.834385217371276">
</wpt>
<wpt lat="51.155180737569459" lon="8.848723587986596">
</wpt>
<wpt lat="51.155180737569459" lon="10.354252502595214">
</wpt>
<wpt lat="51.155180737569459" lon="10.368590873210534">
</wpt>
<wpt lat="51.155180737569459" lon="10.382929243825854">
</wpt>
<wpt lat="51.155180737569459" lon="10.483297838133096">
</wpt>
<wpt lat="51.155180737569459" lon="10.497636208748416">
</wpt>
<wpt lat="51.155180737569459" lon="10.655358285516938">
</wpt>
<wpt lat="51.155180737569459" lon="10.669696656132258">
</wpt>
<wpt lat="51.155180737569459" lon="10.684035026747578">
</wpt>
<wpt lat="51.155180737569459" lon="10.927787327208021">
</wpt>
<wpt lat="51.155180737569459" lon="10.942125697823341">
</wpt>
<wpt lat="51.155180737569459" lon="13.250603366889889">
</wpt>
<wpt lat="51.164173953628648" lon="8.9210108579531">
</wpt>
<wpt lat="51.164173953628648" lon="8.935352023952879">
</wpt>
<wpt lat="51.164173953628648" lon="8.949693189952658">
</wpt>
<wpt lat="51.164173953628648" lon="10.355127457931019">
</wpt>
<wpt lat="51.164173953628648" lon="10.369468623930798">
</wpt>
<wpt lat="51.164173953628648" lon="10.383809789930577">
</wpt>
<wpt lat="51.164173953628648" lon="10.484197951929032">
</wpt>
<wpt lat="51.164173953628648" lon="10.641950777926603">
</wpt>
<wpt lat="51.164173953628648" lon="10.656291943926382">
</wpt>
<wpt lat="51.164173953628648" lon="10.670633109926161">
</wpt>
<wpt lat="51.164173953628648" lon="10.943115263921966">
</wpt>
<wpt lat="51.164173953628648" lon="11.516761903913133">
</wpt>
<wpt lat="51.164173953628648" lon="13.252042989886416">
</wpt>
<wpt lat="51.173167169687837" lon="8.821198842542886">
</wpt>
<wpt lat="51.173167169687837" lon="8.964638470821667">
</wpt>
<wpt lat="51.173167169687837" lon="8.978982433649545">
</wpt>
<wpt lat="51.173167169687837" lon="8.993326396477423">
</wpt>
<wpt lat="51.173167169687837" lon="10.356002865125841">
</wpt>
<wpt lat="51.173167169687837" lon="10.370346827953719">
</wpt>
<wpt lat="51.173167169687837" lon="10.470754567748866">
</wpt>
<wpt lat="51.173167169687837" lon="10.628538158855525">
</wpt>
<wpt lat="51.173167169687837" lon="10.642882121683403">
</wpt>
<wpt lat="51.173167169687837" lon="10.657226084511281">
</wpt>
<wpt lat="51.173167169687837" lon="10.81500967561794">
</wpt>
<wpt lat="51.173167169687837" lon="11.517863854183966">
</wpt>
<wpt lat="51.173167169687837" lon="13.253483356357215">
</wpt>
<wpt lat="51.173167169687837" lon="13.382579021808118">
</wpt>
<wpt lat="51.182160385747025" lon="8.864815570024618">
</wpt>
<wpt lat="51.182160385747025" lon="8.979589658829383">
</wpt>
<wpt lat="51.182160385747025" lon="8.993936419929978">
</wpt>
<wpt lat="51.182160385747025" lon="10.213411113480607">
</wpt>
<wpt lat="51.182160385747025" lon="10.557733379894902">
</wpt>
<wpt lat="51.182160385747025" lon="10.615120424297285">
</wpt>
<wpt lat="51.182160385747025" lon="10.62946718539788">
</wpt>
<wpt lat="51.182160385747025" lon="10.643813946498476">
</wpt>
<wpt lat="51.182160385747025" lon="10.658160707599071">
</wpt>
<wpt lat="51.182160385747025" lon="13.269271227907476">
</wpt>
<wpt lat="51.182160385747025" lon="13.384045316712241">
</wpt>
<wpt lat="51.182160385747025" lon="13.398392077812836">
</wpt>
<wpt lat="51.182160385747025" lon="13.412738838913432">
</wpt>
<wpt lat="51.191153601806214" lon="8.764953785421602">
</wpt>
<wpt lat="51.191153601806214" lon="9.023245880162152">
</wpt>
<wpt lat="51.191153601806214" lon="9.09499368425675">
</wpt>
<wpt lat="51.191153601806214" lon="10.199909867313549">
</wpt>
<wpt lat="51.191153601806214" lon="10.214259428132468">
</wpt>
<wpt lat="51.191153601806214" lon="10.601697570243294">
</wpt>
<wpt lat="51.191153601806214" lon="10.616047131062214">
</wpt>
<wpt lat="51.191153601806214" lon="10.630396691881133">
</wpt>
<wpt lat="51.191153601806214" lon="10.644746252700052">
</wpt>
<wpt lat="51.191153601806214" lon="10.659095813518972">
</wpt>
<wpt lat="51.200146817865402" lon="8.621996000895392">
</wpt>
<wpt lat="51.200146817865402" lon="8.765519620733693">
</wpt>
<wpt lat="51.200146817865402" lon="10.20075581911671">
</wpt>
<wpt lat="51.200146817865402" lon="10.588269592680124">
</wpt>
<wpt lat="51.200146817865402" lon="10.602621954663954">
</wpt>
<wpt lat="51.200146817865402" lon="10.616974316647784">
</wpt>
<wpt lat="51.200146817865402" lon="10.631326678631615">
</wpt>
<wpt lat="51.200146817865402" lon="10.645679040615445">
</wpt>
<wpt lat="51.200146817865402" lon="10.660031402599275">
</wpt>
<wpt lat="51.209140033924591" lon="8.636889267088865">
</wpt>
<wpt lat="51.209140033924591" lon="10.617901981380385">
</wpt>
<wpt lat="51.209140033924591" lon="10.6322571459767">
</wpt>
<wpt lat="51.218133249983779" lon="8.651788419528154">
</wpt>
<wpt lat="51.218133249983779" lon="8.838442012073846">
</wpt>
<wpt lat="51.227126466042968" lon="8.795940430262862">
</wpt>
<wpt lat="51.227126466042968" lon="8.810301204430816">
</wpt>
<wpt lat="51.227126466042968" lon="8.824661978598771">
</wpt>
<wpt lat="51.227126466042968" lon="8.839022752766725">
</wpt>
<wpt lat="51.227126466042968" lon="10.763366491272636">
</wpt>
<wpt lat="51.236119682102157" lon="8.796513050333109">
</wpt>
<wpt lat="51.236119682102157" lon="8.853967374849445">
</wpt>
<wpt lat="51.236119682102157" lon="10.721232921630348">
</wpt>
<wpt lat="51.236119682102157" lon="10.735596502759432">
</wpt>
<wpt lat="51.236119682102157" lon="10.749960083888515">
</wpt>
<wpt lat="51.236119682102157" lon="10.764323665017599">
</wpt>
<wpt lat="51.245112898161345" lon="8.639055681555492">
</wpt>
<wpt lat="51.245112898161345" lon="8.65342207109723">
</wpt>
<wpt lat="51.245112898161345" lon="8.782719576972875">
</wpt>
<wpt lat="51.245112898161345" lon="10.707815775565807">
</wpt>
<wpt lat="51.245112898161345" lon="10.722182165107546">
</wpt>
<wpt lat="51.245112898161345" lon="10.736548554649284">
</wpt>
<wpt lat="51.245112898161345" lon="10.750914944191022">
</wpt>
<wpt lat="51.245112898161345" lon="11.454868031736199">
</wpt>
<wpt lat="51.254106114220534" lon="8.596490387312384">
</wpt>
<wpt lat="51.254106114220534" lon="8.625228786126199">
</wpt>
<wpt lat="51.254106114220534" lon="8.768920780195272">
</wpt>
<wpt lat="51.254106114220534" lon="8.783289979602179">
</wpt>
<wpt lat="51.254106114220534" lon="10.708762700127755">
</wpt>
<wpt lat="51.254106114220534" lon="10.723131899534662">
</wpt>
<wpt lat="51.254106114220534" lon="10.73750109894157">
</wpt>
<wpt lat="51.254106114220534" lon="11.441591869880027">
</wpt>
<wpt lat="51.254106114220534" lon="11.455961069286934">
</wpt>
<wpt lat="51.254106114220534" lon="13.338326191591788">
</wpt>
<wpt lat="51.254106114220534" lon="13.352695390998695">
</wpt>
<wpt lat="51.254106114220534" lon="13.367064590405603">
</wpt>
<wpt lat="51.263099330279722" lon="8.69762861293966">
</wpt>
<wpt lat="51.263099330279722" lon="8.712000623665242">
</wpt>
<wpt lat="51.263099330279722" lon="8.726372634390824">
</wpt>
<wpt lat="51.263099330279722" lon="8.740744645116406">
</wpt>
<wpt lat="51.263099330279722" lon="8.755116655841988">
</wpt>
<wpt lat="51.263099330279722" lon="8.76948866656757">
</wpt>
<wpt lat="51.263099330279722" lon="8.783860677293152">
</wpt>
<wpt lat="51.263099330279722" lon="8.798232688018734">
</wpt>
<wpt lat="51.263099330279722" lon="10.565990007265324">
</wpt>
<wpt lat="51.263099330279722" lon="10.580362017990906">
</wpt>
<wpt lat="51.263099330279722" lon="10.695338103795562">
</wpt>
<wpt lat="51.263099330279722" lon="13.325416066577073">
</wpt>
<wpt lat="51.263099330279722" lon="13.339788077302655">
</wpt>
<wpt lat="51.263099330279722" lon="13.354160088028237">
</wpt>
<wpt lat="51.263099330279722" lon="14.532664967525964">
</wpt>
<wpt lat="51.263099330279722" lon="14.86322121421435">
</wpt>
<wpt lat="51.263099330279722" lon="14.877593224939933">
</wpt>
<wpt lat="51.272092546338911" lon="8.784431670247239">
</wpt>
<wpt lat="51.272092546338911" lon="8.798806493745994">
</wpt>
<wpt lat="51.272092546338911" lon="10.566909784092923">
</wpt>
<wpt lat="51.272092546338911" lon="10.581284607591678">
</wpt>
<wpt lat="51.272092546338911" lon="13.341250719352738">
</wpt>
<wpt lat="51.272092546338911" lon="14.548735893248201">
</wpt>
<wpt lat="51.272092546338911" lon="14.563110716746957">
</wpt>
<wpt lat="51.272092546338911" lon="14.9368561277146">
</wpt>
<wpt lat="51.281085762398099" lon="10.56783003686555">
</wpt>
<wpt lat="51.281085762398099" lon="10.582207674592967">
</wpt>
<wpt lat="51.281085762398099" lon="13.860309076444084">
</wpt>
<wpt lat="51.281085762398099" lon="14.39228167235852">
</wpt>
<wpt lat="51.281085762398099" lon="14.406659310085937">
</wpt>
<wpt lat="51.281085762398099" lon="14.421036947813354">
</wpt>
<wpt lat="51.281085762398099" lon="14.564813325087526">
</wpt>
<wpt lat="51.281085762398099" lon="14.579190962814943">
</wpt>
<wpt lat="51.281085762398099" lon="14.938631906000372">
</wpt>
<wpt lat="51.281085762398099" lon="14.95300954372779">
</wpt>
<wpt lat="51.290078978457288" lon="10.597511672733862">
</wpt>
<wpt lat="51.290078978457288" lon="10.683794393209254">
</wpt>
<wpt lat="51.290078978457288" lon="13.861874597386192">
</wpt>
<wpt lat="51.290078978457288" lon="14.005679131511846">
</wpt>
<wpt lat="51.290078978457288" lon="14.408331827063675">
</wpt>
<wpt lat="51.290078978457288" lon="14.42271228047624">
</wpt>
<wpt lat="51.290078978457288" lon="14.566516814601894">
</wpt>
<wpt lat="51.290078978457288" lon="14.580897268014459">
</wpt>
<wpt lat="51.290078978457288" lon="14.954789056741157">
</wpt>
<wpt lat="51.299072194516476" lon="10.655971594878661">
</wpt>
<wpt lat="51.299072194516476" lon="13.604542058692852">
</wpt>
<wpt lat="51.299072194516476" lon="13.618925329248043">
</wpt>
<wpt lat="51.299072194516476" lon="13.863440928686293">
</wpt>
<wpt lat="51.299072194516476" lon="13.877824199241484">
</wpt>
<wpt lat="51.299072194516476" lon="13.992890363683014">
</wpt>
<wpt lat="51.299072194516476" lon="14.007273634238205">
</wpt>
<wpt lat="51.299072194516476" lon="14.424388480338749">
</wpt>
<wpt lat="51.299072194516476" lon="14.568221185890661">
</wpt>
<wpt lat="51.299072194516476" lon="14.582604456445852">
</wpt>
<wpt lat="51.299072194516476" lon="14.596987727001043">
</wpt>
<wpt lat="51.308065410575665" lon="13.606058466084692">
</wpt>
<wpt lat="51.308065410575665" lon="13.620444555240983">
</wpt>
<wpt lat="51.308065410575665" lon="13.865008070897934">
</wpt>
<wpt lat="51.308065410575665" lon="13.879394160054225">
</wpt>
<wpt lat="51.308065410575665" lon="13.893780249210517">
</wpt>
<wpt lat="51.308065410575665" lon="13.994482873304555">
</wpt>
<wpt lat="51.308065410575665" lon="14.008868962460847">
</wpt>
<wpt lat="51.308065410575665" lon="14.584312528712497">
</wpt>
<wpt lat="51.308065410575665" lon="14.598698617868788">
</wpt>
<wpt lat="51.308065410575665" lon="14.613084707025079">
</wpt>
<wpt lat="51.308065410575665" lon="14.62747079618137">
</wpt>
<wpt lat="51.308065410575665" lon="14.641856885337662">
</wpt>
<wpt lat="51.308065410575665" lon="14.656242974493953">
</wpt>
<wpt lat="51.317058626634854" lon="10.686627087648931">
</wpt>
<wpt lat="51.317058626634854" lon="13.593186749455073">
</wpt>
<wpt lat="51.317058626634854" lon="13.607575658671935">
</wpt>
<wpt lat="51.317058626634854" lon="13.621964567888798">
</wpt>
<wpt lat="51.317058626634854" lon="13.852187115358591">
</wpt>
<wpt lat="51.317058626634854" lon="13.866576024575453">
</wpt>
<wpt lat="51.317058626634854" lon="13.880964933792315">
</wpt>
<wpt lat="51.317058626634854" lon="14.586021485418557">
</wpt>
<wpt lat="51.317058626634854" lon="14.60041039463542">
</wpt>
<wpt lat="51.317058626634854" lon="14.614799303852282">
</wpt>
<wpt lat="51.317058626634854" lon="14.629188213069144">
</wpt>
<wpt lat="51.317058626634854" lon="14.643577122286006">
</wpt>
<wpt lat="51.317058626634854" lon="15.01768876192442">
</wpt>
<wpt lat="51.326051842694042" lon="8.65833826315299">
</wpt>
<wpt lat="51.326051842694042" lon="8.672729993890892">
</wpt>
<wpt lat="51.326051842694042" lon="8.687121724628794">
</wpt>
<wpt lat="51.326051842694042" lon="8.701513455366696">
</wpt>
<wpt lat="51.326051842694042" lon="8.715905186104598">
</wpt>
<wpt lat="51.326051842694042" lon="8.7302969168425">
</wpt>
<wpt lat="51.326051842694042" lon="8.744688647580402">
</wpt>
<wpt lat="51.326051842694042" lon="10.673180566459271">
</wpt>
<wpt lat="51.326051842694042" lon="10.687572297197173">
</wpt>
<wpt lat="51.326051842694042" lon="13.594701906253379">
</wpt>
<wpt lat="51.326051842694042" lon="13.609093636991281">
</wpt>
<wpt lat="51.326051842694042" lon="13.623485367729183">
</wpt>
<wpt lat="51.326051842694042" lon="13.637877098467085">
</wpt>
<wpt lat="51.326051842694042" lon="13.781794405846105">
</wpt>
<wpt lat="51.326051842694042" lon="13.796186136584007">
</wpt>
<wpt lat="51.326051842694042" lon="13.839361328797713">
</wpt>
<wpt lat="51.326051842694042" lon="13.853753059535615">
</wpt>
<wpt lat="51.326051842694042" lon="13.868144790273517">
</wpt>
<wpt lat="51.326051842694042" lon="13.882536521011419">
</wpt>
<wpt lat="51.335045058753231" lon="8.687675029200227">
</wpt>
<wpt lat="51.335045058753231" lon="8.702069582920636">
</wpt>
<wpt lat="51.335045058753231" lon="8.716464136641045">
</wpt>
<wpt lat="51.335045058753231" lon="8.730858690361455">
</wpt>
<wpt lat="51.335045058753231" lon="8.745253244081864">
</wpt>
<wpt lat="51.335045058753231" lon="9.03314431849005">
</wpt>
<wpt lat="51.335045058753231" lon="10.674123442616713">
</wpt>
<wpt lat="51.335045058753231" lon="13.437877756935302">
</wpt>
<wpt lat="51.335045058753231" lon="13.596217847859805">
</wpt>
<wpt lat="51.335045058753231" lon="13.610612401580214">
</wpt>
<wpt lat="51.335045058753231" lon="13.625006955300623">
</wpt>
<wpt lat="51.335045058753231" lon="13.639401509021033">
</wpt>
<wpt lat="51.335045058753231" lon="13.783347046225126">
</wpt>
<wpt lat="51.335045058753231" lon="13.797741599945535">
</wpt>
<wpt lat="51.335045058753231" lon="13.812136153665945">
</wpt>
<wpt lat="51.335045058753231" lon="13.826530707386354">
</wpt>
<wpt lat="51.335045058753231" lon="13.840925261106763">
</wpt>
<wpt lat="51.335045058753231" lon="13.855319814827173">
</wpt>
<wpt lat="51.335045058753231" lon="13.869714368547582">
</wpt>
<wpt lat="51.335045058753231" lon="13.884108922267991">
</wpt>
<wpt lat="51.335045058753231" lon="14.76217669921296">
</wpt>
<wpt lat="51.344038274812419" lon="8.702625998580189">
</wpt>
<wpt lat="51.344038274812419" lon="8.717023376745571">
</wpt>
<wpt lat="51.344038274812419" lon="8.731420754910953">
</wpt>
<wpt lat="51.344038274812419" lon="8.745818133076336">
</wpt>
<wpt lat="51.344038274812419" lon="10.675066807237569">
</wpt>
<wpt lat="51.344038274812419" lon="13.439363414990977">
</wpt>
<wpt lat="51.344038274812419" lon="13.5833371966448">
</wpt>
<wpt lat="51.344038274812419" lon="13.597734574810183">
</wpt>
<wpt lat="51.344038274812419" lon="13.612131952975565">
</wpt>
<wpt lat="51.344038274812419" lon="13.626529331140947">
</wpt>
<wpt lat="51.344038274812419" lon="13.64092670930633">
</wpt>
<wpt lat="51.344038274812419" lon="13.813695247290918">
</wpt>
<wpt lat="51.344038274812419" lon="13.8280926254563">
</wpt>
<wpt lat="51.344038274812419" lon="13.842490003621682">
</wpt>
<wpt lat="51.344038274812419" lon="13.856887381787065">
</wpt>
<wpt lat="51.344038274812419" lon="13.871284759952447">
</wpt>
<wpt lat="51.344038274812419" lon="13.885682138117829">
</wpt>
<wpt lat="51.344038274812419" lon="14.000861163440888">
</wpt>
<wpt lat="51.344038274812419" lon="14.720730071710005">
</wpt>
<wpt lat="51.344038274812419" lon="14.735127449875387">
</wpt>
<wpt lat="51.344038274812419" lon="14.749524828040769">
</wpt>
<wpt lat="51.344038274812419" lon="14.763922206206152">
</wpt>
<wpt lat="51.353031490871608" lon="8.040773315146861">
</wpt>
<wpt lat="51.353031490871608" lon="8.731983110690276">
</wpt>
<wpt lat="51.353031490871608" lon="13.296847802091579">
</wpt>
<wpt lat="51.353031490871608" lon="13.57045167949418">
</wpt>
<wpt lat="51.353031490871608" lon="13.584851883568001">
</wpt>
<wpt lat="51.353031490871608" lon="13.599252087641823">
</wpt>
<wpt lat="51.353031490871608" lon="13.613652291715644">
</wpt>
<wpt lat="51.353031490871608" lon="13.628052495789465">
</wpt>
<wpt lat="51.353031490871608" lon="13.642452699863286">
</wpt>
<wpt lat="51.353031490871608" lon="13.81525514874914">
</wpt>
<wpt lat="51.353031490871608" lon="13.829655352822961">
</wpt>
<wpt lat="51.353031490871608" lon="13.844055556896782">
</wpt>
<wpt lat="51.353031490871608" lon="13.858455760970603">
</wpt>
<wpt lat="51.353031490871608" lon="13.872855965044424">
</wpt>
<wpt lat="51.353031490871608" lon="13.887256169118245">
</wpt>
<wpt lat="51.353031490871608" lon="13.901656373192067">
</wpt>
<wpt lat="51.353031490871608" lon="14.002457801708815">
</wpt>
<wpt lat="51.353031490871608" lon="14.016858005782636">
</wpt>
<wpt lat="51.353031490871608" lon="14.722468005399872">
</wpt>
<wpt lat="51.353031490871608" lon="14.736868209473693">
</wpt>
<wpt lat="51.353031490871608" lon="14.751268413547514">
</wpt>
<wpt lat="51.353031490871608" lon="14.765668617621335">
</wpt>
<wpt lat="51.362024706930796" lon="8.02679721700901">
</wpt>
<wpt lat="51.362024706930796" lon="13.298306726511315">
</wpt>
<wpt lat="51.362024706930796" lon="13.312709757958043">
</wpt>
<wpt lat="51.362024706930796" lon="13.327112789404771">
</wpt>
<wpt lat="51.362024706930796" lon="13.57196432399914">
</wpt>
<wpt lat="51.362024706930796" lon="13.586367355445867">
</wpt>
<wpt lat="51.362024706930796" lon="13.600770386892595">
</wpt>
<wpt lat="51.362024706930796" lon="13.615173418339323">
</wpt>
<wpt lat="51.362024706930796" lon="13.62957644978605">
</wpt>
<wpt lat="51.362024706930796" lon="13.831218890040237">
</wpt>
<wpt lat="51.362024706930796" lon="13.888831015827147">
</wpt>
<wpt lat="51.362024706930796" lon="13.903234047273875">
</wpt>
<wpt lat="51.362024706930796" lon="13.917637078720603">
</wpt>
<wpt lat="51.362024706930796" lon="13.93204011016733">
</wpt>
<wpt lat="51.362024706930796" lon="14.018458298847696">
</wpt>
<wpt lat="51.362024706930796" lon="14.724206839737349">
</wpt>
<wpt lat="51.362024706930796" lon="14.738609871184076">
</wpt>
<wpt lat="51.362024706930796" lon="14.753012902630804">
</wpt>
<wpt lat="51.362024706930796" lon="14.911446248544808">
</wpt>
<wpt lat="51.371017922989985" lon="8.733108696735616">
</wpt>
<wpt lat="51.371017922989985" lon="8.74751455702072">
</wpt>
<wpt lat="51.371017922989985" lon="13.285360546828354">
</wpt>
<wpt lat="51.371017922989985" lon="13.299766407113458">
</wpt>
<wpt lat="51.371017922989985" lon="13.314172267398561">
</wpt>
<wpt lat="51.371017922989985" lon="13.328578127683665">
</wpt>
<wpt lat="51.371017922989985" lon="13.573477752530426">
</wpt>
<wpt lat="51.371017922989985" lon="13.58788361281553">
</wpt>
<wpt lat="51.371017922989985" lon="13.602289473100633">
</wpt>
<wpt lat="51.371017922989985" lon="13.616695333385737">
</wpt>
<wpt lat="51.371017922989985" lon="13.63110119367084">
</wpt>
<wpt lat="51.371017922989985" lon="13.904812539087809">
</wpt>
<wpt lat="51.371017922989985" lon="13.919218399372912">
</wpt>
<wpt lat="51.371017922989985" lon="13.933624259658016">
</wpt>
<wpt lat="51.371017922989985" lon="14.020059421368638">
</wpt>
<wpt lat="51.371017922989985" lon="14.553076251917471">
</wpt>
<wpt lat="51.371017922989985" lon="14.740352435623818">
</wpt>
<wpt lat="51.371017922989985" lon="14.913222759045061">
</wpt>
<wpt lat="51.380011139049174" lon="8.719263236810646">
</wpt>
<wpt lat="51.380011139049174" lon="10.534758251144693">
</wpt>
<wpt lat="51.380011139049174" lon="10.549166941734645">
</wpt>
<wpt lat="51.380011139049174" lon="10.563575632324598">
</wpt>
<wpt lat="51.380011139049174" lon="10.577984322914551">
</wpt>
<wpt lat="51.380011139049174" lon="10.592393013504504">
</wpt>
<wpt lat="51.380011139049174" lon="10.606801704094456">
</wpt>
<wpt lat="51.380011139049174" lon="13.301226844415622">
</wpt>
<wpt lat="51.380011139049174" lon="13.330044225595527">
</wpt>
<wpt lat="51.380011139049174" lon="13.34445291618548">
</wpt>
<wpt lat="51.380011139049174" lon="13.632626727984535">
</wpt>
<wpt lat="51.380011139049174" lon="13.92080053978359">
</wpt>
<wpt lat="51.380011139049174" lon="13.935209230373543">
</wpt>
<wpt lat="51.380011139049174" lon="14.021661373913259">
</wpt>
<wpt lat="51.380011139049174" lon="14.554782925741511">
</wpt>
<wpt lat="51.380011139049174" lon="14.569191616331464">
</wpt>
<wpt lat="51.380011139049174" lon="14.742095903410897">
</wpt>
<wpt lat="51.380011139049174" lon="14.91500019049033">
</wpt>
<wpt lat="51.380011139049174" lon="14.929408881080283">
</wpt>
<wpt lat="51.389004355108362" lon="10.607733357189566">
</wpt>
<wpt lat="51.389004355108362" lon="13.331511083660244">
</wpt>
<wpt lat="51.389004355108362" lon="13.345922606022523">
</wpt>
<wpt lat="51.389004355108362" lon="13.360334128384801">
</wpt>
<wpt lat="51.389004355108362" lon="13.634153053268097">
</wpt>
<wpt lat="51.389004355108362" lon="14.008852634687344">
</wpt>
<wpt lat="51.389004355108362" lon="14.023264157049622">
</wpt>
<wpt lat="51.389004355108362" lon="14.628548096265328">
</wpt>
<wpt lat="51.389004355108362" lon="14.72942875280128">
</wpt>
<wpt lat="51.389004355108362" lon="14.743840275163558">
</wpt>
<wpt lat="51.389004355108362" lon="14.902367021148624">
</wpt>
<wpt lat="51.389004355108362" lon="14.916778543510903">
</wpt>
<wpt lat="51.397997571167551" lon="10.623079849018223">
</wpt>
<wpt lat="51.397997571167551" lon="13.332978702398227">
</wpt>
<wpt lat="51.397997571167551" lon="13.347393058001312">
</wpt>
<wpt lat="51.397997571167551" lon="13.361807413604398">
</wpt>
<wpt lat="51.397997571167551" lon="13.635680170063015">
</wpt>
<wpt lat="51.397997571167551" lon="13.6500945256661">
</wpt>
<wpt lat="51.397997571167551" lon="13.996039060140143">
</wpt>
<wpt lat="51.397997571167551" lon="14.010453415743228">
</wpt>
<wpt lat="51.397997571167551" lon="14.731171195897485">
</wpt>
<wpt lat="51.397997571167551" lon="14.832071685119081">
</wpt>
<wpt lat="51.397997571167551" lon="14.846486040722166">
</wpt>
<wpt lat="51.397997571167551" lon="14.860900396325251">
</wpt>
<wpt lat="51.397997571167551" lon="14.875314751928336">
</wpt>
<wpt lat="51.397997571167551" lon="14.889729107531421">
</wpt>
<wpt lat="51.397997571167551" lon="14.904143463134506">
</wpt>
<wpt lat="51.406990787226739" lon="9.066958749570572">
</wpt>
<wpt lat="51.406990787226739" lon="10.638432493729097">
</wpt>
<wpt lat="51.406990787226739" lon="10.667266874355859">
</wpt>
<wpt lat="51.406990787226739" lon="13.334447082331335">
</wpt>
<wpt lat="51.406990787226739" lon="13.348864272644716">
</wpt>
<wpt lat="51.406990787226739" lon="13.363281462958097">
</wpt>
<wpt lat="51.406990787226739" lon="13.377698653271478">
</wpt>
<wpt lat="51.406990787226739" lon="13.997637836746859">
</wpt>
<wpt lat="51.406990787226739" lon="14.732914542729288">
</wpt>
<wpt lat="51.406990787226739" lon="14.819417684609574">
</wpt>
<wpt lat="51.406990787226739" lon="14.833834874922955">
</wpt>
<wpt lat="51.406990787226739" lon="14.848252065236336">
</wpt>
<wpt lat="51.406990787226739" lon="14.862669255549717">
</wpt>
<wpt lat="51.406990787226739" lon="14.877086445863098">
</wpt>
<wpt lat="51.406990787226739" lon="14.891503636176479">
</wpt>
<wpt lat="51.406990787226739" lon="14.90592082648986">
</wpt>
<wpt lat="51.415984003285928" lon="8.130286659584797">
</wpt>
<wpt lat="51.415984003285928" lon="8.144706686078967">
</wpt>
<wpt lat="51.415984003285928" lon="8.159126712573137">
</wpt>
<wpt lat="51.415984003285928" lon="9.053168355211668">
</wpt>
<wpt lat="51.415984003285928" lon="13.335916223980112">
</wpt>
<wpt lat="51.415984003285928" lon="13.350336250474282">
</wpt>
<wpt lat="51.415984003285928" lon="13.364756276968452">
</wpt>
<wpt lat="51.415984003285928" lon="13.379176303462621">
</wpt>
<wpt lat="51.415984003285928" lon="13.999237442711925">
</wpt>
<wpt lat="51.415984003285928" lon="14.720238767420417">
</wpt>
<wpt lat="51.415984003285928" lon="14.734658793914587">
</wpt>
<wpt lat="51.415984003285928" lon="14.835598979373776">
</wpt>
<wpt lat="51.415984003285928" lon="14.850019005867946">
</wpt>
<wpt lat="51.415984003285928" lon="14.864439032362116">
</wpt>
<wpt lat="51.415984003285928" lon="14.878859058856285">
</wpt>
<wpt lat="51.415984003285928" lon="14.893279085350455">
</wpt>
<wpt lat="51.415984003285928" lon="14.907699111844625">
</wpt>
<wpt lat="51.424977219345116" lon="8.145155035141082">
</wpt>
<wpt lat="51.424977219345116" lon="8.159577899287545">
</wpt>
<wpt lat="51.424977219345116" lon="13.337386127867598">
</wpt>
<wpt lat="51.424977219345116" lon="13.596997682503924">
</wpt>
<wpt lat="51.424977219345116" lon="14.693135357635077">
</wpt>
<wpt lat="51.424977219345116" lon="14.707558221781539">
</wpt>
<wpt lat="51.424977219345116" lon="14.721981085928002">
</wpt>
<wpt lat="51.424977219345116" lon="14.851786863246165">
</wpt>
<wpt lat="51.424977219345116" lon="14.866209727392627">
</wpt>
<wpt lat="51.424977219345116" lon="14.88063259153909">
</wpt>
<wpt lat="51.424977219345116" lon="14.895055455685553">
</wpt>
<wpt lat="51.424977219345116" lon="14.909478319832015">
</wpt>
<wpt lat="51.433970435404305" lon="8.145603616859935">
</wpt>
<wpt lat="51.433970435404305" lon="8.160029320131201">
</wpt>
<wpt lat="51.433970435404305" lon="8.174455023402468">
</wpt>
<wpt lat="51.433970435404305" lon="8.982294406593377">
</wpt>
<wpt lat="51.433970435404305" lon="12.805105773478932">
</wpt>
<wpt lat="51.433970435404305" lon="13.324431091244517">
</wpt>
<wpt lat="51.433970435404305" lon="14.637170088929745">
</wpt>
<wpt lat="51.433970435404305" lon="14.651595792201011">
</wpt>
<wpt lat="51.433970435404305" lon="14.69487290201481">
</wpt>
<wpt lat="51.433970435404305" lon="14.709298605286076">
</wpt>
<wpt lat="51.433970435404305" lon="14.723724308557342">
</wpt>
<wpt lat="51.433970435404305" lon="14.853555637998738">
</wpt>
<wpt lat="51.433970435404305" lon="14.867981341270005">
</wpt>
<wpt lat="51.433970435404305" lon="14.882407044541271">
</wpt>
<wpt lat="51.433970435404305" lon="14.896832747812537">
</wpt>
<wpt lat="51.433970435404305" lon="14.911258451083803">
</wpt>
<wpt lat="51.442963651463494" lon="8.174909519134387">
</wpt>
<wpt lat="51.442963651463494" lon="9.588906818354198">
</wpt>
<wpt lat="51.442963651463494" lon="12.80647210127275">
</wpt>
<wpt lat="51.442963651463494" lon="12.82090064514234">
</wpt>
<wpt lat="51.442963651463494" lon="13.773184540535274">
</wpt>
<wpt lat="51.442963651463494" lon="14.53789736562354">
</wpt>
<wpt lat="51.442963651463494" lon="14.638897172710669">
</wpt>
<wpt lat="51.442963651463494" lon="14.653325716580259">
</wpt>
<wpt lat="51.442963651463494" lon="14.696611348189029">
</wpt>
<wpt lat="51.442963651463494" lon="14.855325330754518">
</wpt>
<wpt lat="51.442963651463494" lon="14.869753874624108">
</wpt>
<wpt lat="51.451956867522682" lon="8.074344549193979">
</wpt>
<wpt lat="51.451956867522682" lon="8.088775935136423">
</wpt>
<wpt lat="51.451956867522682" lon="8.117638707021312">
</wpt>
<wpt lat="51.451956867522682" lon="8.189795636733534">
</wpt>
<wpt lat="51.451956867522682" lon="8.767051074431306">
</wpt>
<wpt lat="51.451956867522682" lon="8.78148246037375">
</wpt>
<wpt lat="51.451956867522682" lon="8.795913846316195">
</wpt>
<wpt lat="51.451956867522682" lon="9.575208687208187">
</wpt>
<wpt lat="51.451956867522682" lon="9.589640073150631">
</wpt>
<wpt lat="51.451956867522682" lon="12.836701910200601">
</wpt>
<wpt lat="51.451956867522682" lon="13.572702593265261">
</wpt>
<wpt lat="51.451956867522682" lon="13.789173382401925">
</wpt>
<wpt lat="51.451956867522682" lon="14.539605451409029">
</wpt>
<wpt lat="51.451956867522682" lon="14.554036837351473">
</wpt>
<wpt lat="51.451956867522682" lon="14.568468223293918">
</wpt>
<wpt lat="51.451956867522682" lon="14.611762381121251">
</wpt>
<wpt lat="51.451956867522682" lon="14.626193767063695">
</wpt>
<wpt lat="51.451956867522682" lon="14.84266455620036">
</wpt>
<wpt lat="51.451956867522682" lon="14.857095942142804">
</wpt>
<wpt lat="51.460950083581871" lon="8.089213841589801">
</wpt>
<wpt lat="51.460950083581871" lon="8.103648071080645">
</wpt>
<wpt lat="51.460950083581871" lon="8.767622627659456">
</wpt>
<wpt lat="51.460950083581871" lon="8.7820568571503">
</wpt>
<wpt lat="51.460950083581871" lon="9.561505249655861">
</wpt>
<wpt lat="51.460950083581871" lon="9.575939479146705">
</wpt>
<wpt lat="51.460950083581871" lon="9.590373708637548">
</wpt>
<wpt lat="51.460950083581871" lon="9.604807938128392">
</wpt>
<wpt lat="51.460950083581871" lon="13.184496851857634">
</wpt>
<wpt lat="51.460950083581871" lon="13.386576064729447">
</wpt>
<wpt lat="51.460950083581871" lon="14.5268801945061">
</wpt>
<wpt lat="51.460950083581871" lon="14.541314423996944">
</wpt>
<wpt lat="51.460950083581871" lon="14.555748653487788">
</wpt>
<wpt lat="51.460950083581871" lon="14.570182882978632">
</wpt>
<wpt lat="51.460950083581871" lon="14.584617112469475">
</wpt>
<wpt lat="51.460950083581871" lon="14.599051341960319">
</wpt>
<wpt lat="51.460950083581871" lon="14.829999013813818">
</wpt>
<wpt lat="51.460950083581871" lon="14.844433243304662">
</wpt>
<wpt lat="51.469943299641059" lon="8.089651975432625">
</wpt>
<wpt lat="51.469943299641059" lon="8.76819447767509">
</wpt>
<wpt lat="51.469943299641059" lon="9.547796501528135">
</wpt>
<wpt lat="51.469943299641059" lon="9.562233576043932">
</wpt>
<wpt lat="51.469943299641059" lon="9.576670650559729">
</wpt>
<wpt lat="51.469943299641059" lon="9.591107725075526">
</wpt>
<wpt lat="51.469943299641059" lon="9.605544799591323">
</wpt>
<wpt lat="51.469943299641059" lon="9.61998187410712">
</wpt>
<wpt lat="51.469943299641059" lon="9.648856023138714">
</wpt>
<wpt lat="51.469943299641059" lon="13.185939279509009">
</wpt>
<wpt lat="51.469943299641059" lon="13.200376354024806">
</wpt>
<wpt lat="51.469943299641059" lon="13.662362738530314">
</wpt>
<wpt lat="51.469943299641059" lon="13.994415452393648">
</wpt>
<wpt lat="51.469943299641059" lon="14.528587209478141">
</wpt>
<wpt lat="51.469943299641059" lon="14.543024283993939">
</wpt>
<wpt lat="51.469943299641059" lon="14.557461358509736">
</wpt>
<wpt lat="51.469943299641059" lon="14.571898433025533">
</wpt>
<wpt lat="51.469943299641059" lon="14.58633550754133">
</wpt>
<wpt lat="51.469943299641059" lon="14.817328699794084">
</wpt>
<wpt lat="51.469943299641059" lon="14.831765774309881">
</wpt>
<wpt lat="51.478936515700248" lon="8.768766624682213">
</wpt>
<wpt lat="51.478936515700248" lon="9.519642517634791">
</wpt>
<wpt lat="51.478936515700248" lon="9.53408243865311">
</wpt>
<wpt lat="51.478936515700248" lon="9.548522359671429">
</wpt>
<wpt lat="51.478936515700248" lon="9.562962280689748">
</wpt>
<wpt lat="51.478936515700248" lon="9.577402201708066">
</wpt>
<wpt lat="51.478936515700248" lon="9.591842122726385">
</wpt>
<wpt lat="51.478936515700248" lon="9.606282043744704">
</wpt>
<wpt lat="51.478936515700248" lon="9.620721964763023">
</wpt>
<wpt lat="51.478936515700248" lon="10.1405591214225">
</wpt>
<wpt lat="51.478936515700248" lon="13.18738245628777">
</wpt>
<wpt lat="51.478936515700248" lon="13.43286111359919">
</wpt>
<wpt lat="51.478936515700248" lon="13.663899849892291">
</wpt>
<wpt lat="51.478936515700248" lon="13.678339770910609">
</wpt>
<wpt lat="51.478936515700248" lon="14.544735032009738">
</wpt>
<wpt lat="51.478936515700248" lon="14.559174953028057">
</wpt>
<wpt lat="51.478936515700248" lon="14.573614874046376">
</wpt>
<wpt lat="51.478936515700248" lon="14.775773768302839">
</wpt>
<wpt lat="51.478936515700248" lon="14.790213689321158">
</wpt>
<wpt lat="51.478936515700248" lon="14.819093531357796">
</wpt>
<wpt lat="51.478936515700248" lon="14.833533452376114">
</wpt>
<wpt lat="51.487929731759436" lon="9.505920287855199">
</wpt>
<wpt lat="51.487929731759436" lon="9.520363056854624">
</wpt>
<wpt lat="51.487929731759436" lon="9.534805825854049">
</wpt>
<wpt lat="51.487929731759436" lon="9.549248594853474">
</wpt>
<wpt lat="51.487929731759436" lon="9.563691363852898">
</wpt>
<wpt lat="51.487929731759436" lon="9.578134132852323">
</wpt>
<wpt lat="51.487929731759436" lon="10.141402123829893">
</wpt>
<wpt lat="51.487929731759436" lon="10.531356886814365">
</wpt>
<wpt lat="51.487929731759436" lon="10.54579965581379">
</wpt>
<wpt lat="51.487929731759436" lon="13.044398692714292">
</wpt>
<wpt lat="51.487929731759436" lon="13.058841461713717">
</wpt>
<wpt lat="51.487929731759436" lon="13.434353455698764">
</wpt>
<wpt lat="51.487929731759436" lon="13.650994990690137">
</wpt>
<wpt lat="51.487929731759436" lon="13.665437759689562">
</wpt>
<wpt lat="51.487929731759436" lon="13.679880528688987">
</wpt>
<wpt lat="51.487929731759436" lon="14.560889437653904">
</wpt>
<wpt lat="51.487929731759436" lon="14.575332206653329">
</wpt>
<wpt lat="51.487929731759436" lon="14.777530972645277">
</wpt>
<wpt lat="51.487929731759436" lon="14.835302048642976">
</wpt>
<wpt lat="51.496922947818625" lon="9.492192733492843">
</wpt>
<wpt lat="51.496922947818625" lon="9.506638351952974">
</wpt>
<wpt lat="51.496922947818625" lon="9.521083970413105">
</wpt>
<wpt lat="51.496922947818625" lon="9.535529588873237">
</wpt>
<wpt lat="51.496922947818625" lon="9.549975207333368">
</wpt>
<wpt lat="51.496922947818625" lon="9.5644208257935">
</wpt>
<wpt lat="51.496922947818625" lon="10.142245564198754">
</wpt>
<wpt lat="51.496922947818625" lon="10.20002803803928">
</wpt>
<wpt lat="51.496922947818625" lon="13.638085231550546">
</wpt>
<wpt lat="51.496922947818625" lon="13.652530850010677">
</wpt>
<wpt lat="51.496922947818625" lon="14.562604812998954">
</wpt>
<wpt lat="51.496922947818625" lon="14.577050431459085">
</wpt>
<wpt lat="51.496922947818625" lon="14.851517182201581">
</wpt>
<wpt lat="51.505916163877814" lon="9.49290831976416">
</wpt>
<wpt lat="51.505916163877814" lon="9.507356789165611">
</wpt>
<wpt lat="51.505916163877814" lon="9.521805258567062">
</wpt>
<wpt lat="51.505916163877814" lon="9.536253727968512">
</wpt>
<wpt lat="51.505916163877814" lon="9.550702197369963">
</wpt>
<wpt lat="51.505916163877814" lon="9.565150666771414">
</wpt>
<wpt lat="51.505916163877814" lon="13.63961903798055">
</wpt>
<wpt lat="51.505916163877814" lon="13.654067507382001">
</wpt>
<wpt lat="51.505916163877814" lon="14.564321079673404">
</wpt>
<wpt lat="51.505916163877814" lon="14.781048120695166">
</wpt>
<wpt lat="51.505916163877814" lon="14.838841998300969">
</wpt>
<wpt lat="51.505916163877814" lon="14.85329046770242">
</wpt>
<wpt lat="51.514909379937002" lon="9.479172956101037">
</wpt>
<wpt lat="51.514909379937002" lon="9.493624277925441">
</wpt>
<wpt lat="51.514909379937002" lon="9.508075599749846">
</wpt>
<wpt lat="51.514909379937002" lon="9.522526921574251">
</wpt>
<wpt lat="51.514909379937002" lon="9.536978243398655">
</wpt>
<wpt lat="51.514909379937002" lon="9.55142956522306">
</wpt>
<wpt lat="51.514909379937002" lon="10.172836403672461">
</wpt>
<wpt lat="51.514909379937002" lon="10.534119449282578">
</wpt>
<wpt lat="51.514909379937002" lon="13.005295481255777">
</wpt>
<wpt lat="51.514909379937002" lon="13.467737779636726">
</wpt>
<wpt lat="51.514909379937002" lon="13.641153641529582">
</wpt>
<wpt lat="51.514909379937002" lon="13.655604963353987">
</wpt>
<wpt lat="51.514909379937002" lon="14.782808065657552">
</wpt>
<wpt lat="51.514909379937002" lon="14.797259387481956">
</wpt>
<wpt lat="51.514909379937002" lon="14.826162031130766">
</wpt>
<wpt lat="51.523902595996191" lon="9.450978081041912">
</wpt>
<wpt lat="51.523902595996191" lon="9.465432256771919">
</wpt>
<wpt lat="51.523902595996191" lon="9.479886432501926">
</wpt>
<wpt lat="51.523902595996191" lon="9.494340608231933">
</wpt>
<wpt lat="51.523902595996191" lon="9.508794783961941">
</wpt>
<wpt lat="51.523902595996191" lon="9.523248959691948">
</wpt>
<wpt lat="51.523902595996191" lon="9.537703135421955">
</wpt>
<wpt lat="51.523902595996191" lon="9.552157311151962">
</wpt>
<wpt lat="51.523902595996191" lon="9.566611486881969">
</wpt>
<wpt lat="51.523902595996191" lon="10.173686867542271">
</wpt>
<wpt lat="51.523902595996191" lon="10.202595219002285">
</wpt>
<wpt lat="51.523902595996191" lon="10.477224557872422">
</wpt>
<wpt lat="51.523902595996191" lon="10.520587085062443">
</wpt>
<wpt lat="51.523902595996191" lon="13.006705310623678">
</wpt>
<wpt lat="51.523902595996191" lon="13.642689042743994">
</wpt>
<wpt lat="51.523902595996191" lon="13.657143218474001">
</wpt>
<wpt lat="51.523902595996191" lon="14.784568925414561">
</wpt>
<wpt lat="51.523902595996191" lon="14.799023101144568">
</wpt>
<wpt lat="51.532895812055379" lon="9.43722918646254">
</wpt>
<wpt lat="51.532895812055379" lon="9.451686217581821">
</wpt>
<wpt lat="51.532895812055379" lon="9.466143248701103">
</wpt>
<wpt lat="51.532895812055379" lon="9.480600279820385">
</wpt>
<wpt lat="51.532895812055379" lon="9.495057310939666">
</wpt>
<wpt lat="51.532895812055379" lon="9.509514342058948">
</wpt>
<wpt lat="51.532895812055379" lon="9.523971373178229">
</wpt>
<wpt lat="51.532895812055379" lon="9.538428404297511">
</wpt>
<wpt lat="51.532895812055379" lon="9.552885435416792">
</wpt>
<wpt lat="51.532895812055379" lon="9.567342466536074">
</wpt>
<wpt lat="51.532895812055379" lon="10.18899480466518">
</wpt>
<wpt lat="51.532895812055379" lon="10.203451835784461">
</wpt>
<wpt lat="51.532895812055379" lon="10.463678395931529">
</wpt>
<wpt lat="51.532895812055379" lon="10.478135427050811">
</wpt>
<wpt lat="51.532895812055379" lon="10.492592458170092">
</wpt>
<wpt lat="51.532895812055379" lon="10.507049489289374">
</wpt>
<wpt lat="51.532895812055379" lon="13.658682273292749">
</wpt>
<wpt lat="51.532895812055379" lon="13.745424460008438">
</wpt>
<wpt lat="51.532895812055379" lon="13.75988149112772">
</wpt>
<wpt lat="51.532895812055379" lon="14.063479144632632">
</wpt>
<wpt lat="51.532895812055379" lon="14.757416638358146">
</wpt>
<wpt lat="51.532895812055379" lon="14.771873669477428">
</wpt>
<wpt lat="51.541889028114568" lon="9.423474946338418">
</wpt>
<wpt lat="51.541889028114568" lon="9.437934834331664">
</wpt>
<wpt lat="51.541889028114568" lon="9.452394722324909">
</wpt>
<wpt lat="51.541889028114568" lon="9.466854610318155">
</wpt>
<wpt lat="51.541889028114568" lon="9.4813144983114">
</wpt>
<wpt lat="51.541889028114568" lon="9.495774386304646">
</wpt>
<wpt lat="51.541889028114568" lon="9.510234274297892">
</wpt>
<wpt lat="51.541889028114568" lon="9.524694162291137">
</wpt>
<wpt lat="51.541889028114568" lon="9.539154050284383">
</wpt>
<wpt lat="51.541889028114568" lon="9.553613938277628">
</wpt>
<wpt lat="51.541889028114568" lon="9.568073826270874">
</wpt>
<wpt lat="51.541889028114568" lon="9.58253371426412">
</wpt>
<wpt lat="51.541889028114568" lon="10.20430889797368">
</wpt>
<wpt lat="51.541889028114568" lon="10.464586881852101">
</wpt>
<wpt lat="51.541889028114568" lon="10.479046769845347">
</wpt>
<wpt lat="51.541889028114568" lon="13.616842464379642">
</wpt>
<wpt lat="51.541889028114568" lon="13.645762240366134">
</wpt>
<wpt lat="51.541889028114568" lon="13.732521568325607">
</wpt>
<wpt lat="51.541889028114568" lon="13.746981456318853">
</wpt>
<wpt lat="51.541889028114568" lon="13.761441344312098">
</wpt>
<wpt lat="51.541889028114568" lon="13.775901232305344">
</wpt>
<wpt lat="51.541889028114568" lon="14.079558880163502">
</wpt>
<wpt lat="51.550882244173756" lon="9.409715356465721">
</wpt>
<wpt lat="51.550882244173756" lon="9.453103595524484">
</wpt>
<wpt lat="51.550882244173756" lon="9.467566341877404">
</wpt>
<wpt lat="51.550882244173756" lon="9.539880073642008">
</wpt>
<wpt lat="51.550882244173756" lon="9.554342819994929">
</wpt>
<wpt lat="51.550882244173756" lon="9.56880556634785">
</wpt>
<wpt lat="51.550882244173756" lon="9.583268312700771">
</wpt>
<wpt lat="51.550882244173756" lon="9.597731059053691">
</wpt>
<wpt lat="51.550882244173756" lon="9.612193805406612">
</wpt>
<wpt lat="51.550882244173756" lon="9.626656551759533">
</wpt>
<wpt lat="51.550882244173756" lon="10.479958586581859">
</wpt>
<wpt lat="51.550882244173756" lon="13.5026725743423">
</wpt>
<wpt lat="51.550882244173756" lon="13.618374545165667">
</wpt>
<wpt lat="51.550882244173756" lon="13.632837291518587">
</wpt>
<wpt lat="51.550882244173756" lon="13.719613769636112">
</wpt>
<wpt lat="51.550882244173756" lon="13.734076515989033">
</wpt>
<wpt lat="51.550882244173756" lon="13.748539262341954">
</wpt>
<wpt lat="51.550882244173756" lon="13.763002008694874">
</wpt>
<wpt lat="51.550882244173756" lon="13.777464755047795">
</wpt>
<wpt lat="51.550882244173756" lon="14.095645174812052">
</wpt>
<wpt lat="51.550882244173756" lon="14.110107921164973">
</wpt>
<wpt lat="51.559875460232945" lon="9.555072080829211">
</wpt>
<wpt lat="51.559875460232945" lon="9.569537687028541">
</wpt>
<wpt lat="51.559875460232945" lon="9.584003293227871">
</wpt>
<wpt lat="51.559875460232945" lon="9.598468899427202">
</wpt>
<wpt lat="51.559875460232945" lon="9.612934505626532">
</wpt>
<wpt lat="51.559875460232945" lon="9.627400111825862">
</wpt>
<wpt lat="51.559875460232945" lon="13.518648179445696">
</wpt>
<wpt lat="51.559875460232945" lon="13.73563227243565">
</wpt>
<wpt lat="51.559875460232945" lon="13.75009787863498">
</wpt>
<wpt lat="51.559875460232945" lon="13.76456348483431">
</wpt>
<wpt lat="51.559875460232945" lon="13.779029091033641">
</wpt>
<wpt lat="51.568868676292134" lon="9.555801721041458">
</wpt>
<wpt lat="51.568868676292134" lon="9.570270188574954">
</wpt>
<wpt lat="51.568868676292134" lon="9.584738656108449">
</wpt>
<wpt lat="51.568868676292134" lon="9.599207123641945">
</wpt>
<wpt lat="51.568868676292134" lon="9.61367559117544">
</wpt>
<wpt lat="51.568868676292134" lon="9.628144058708935">
</wpt>
<wpt lat="51.568868676292134" lon="13.621441097953666">
</wpt>
<wpt lat="51.568868676292134" lon="13.737188838221629">
</wpt>
<wpt lat="51.568868676292134" lon="13.751657305755124">
</wpt>
<wpt lat="51.568868676292134" lon="14.214648266826977">
</wpt>
<wpt lat="51.577861892351322" lon="9.585474401605849">
</wpt>
<wpt lat="51.577861892351322" lon="9.599945731962292">
</wpt>
<wpt lat="51.577861892351322" lon="9.614417062318735">
</wpt>
<wpt lat="51.577861892351322" lon="9.628888392675178">
</wpt>
<wpt lat="51.577861892351322" lon="13.622975571053443">
</wpt>
<wpt lat="51.577861892351322" lon="13.724274883548544">
</wpt>
<wpt lat="51.577861892351322" lon="13.738746213904987">
</wpt>
<wpt lat="51.586855108410511" lon="9.455942777960216">
</wpt>
<wpt lat="51.586855108410511" lon="9.542787945975382">
</wpt>
<wpt lat="51.586855108410511" lon="9.615158919321354">
</wpt>
<wpt lat="51.586855108410511" lon="10.237549290096714">
</wpt>
<wpt lat="51.586855108410511" lon="11.381010668963073">
</wpt>
<wpt lat="51.586855108410511" lon="11.395484863632268">
</wpt>
<wpt lat="51.586855108410511" lon="12.379730101137488">
</wpt>
<wpt lat="51.586855108410511" lon="12.394204295806682">
</wpt>
<wpt lat="51.586855108410511" lon="12.408678490475877">
</wpt>
<wpt lat="51.586855108410511" lon="12.423152685145071">
</wpt>
<wpt lat="51.586855108410511" lon="13.610036648019014">
</wpt>
<wpt lat="51.586855108410511" lon="13.624510842688208">
</wpt>
<wpt lat="51.586855108410511" lon="13.740304400041763">
</wpt>
<wpt lat="51.586855108410511" lon="14.217952824125179">
</wpt>
<wpt lat="51.586855108410511" lon="14.232427018794374">
</wpt>
<wpt lat="51.586855108410511" lon="14.695601248208595">
</wpt>
<wpt lat="51.595848324469699" lon="9.442176436776213">
</wpt>
<wpt lat="51.595848324469699" lon="9.456653497248992">
</wpt>
<wpt lat="51.595848324469699" lon="9.47113055772177">
</wpt>
<wpt lat="51.595848324469699" lon="9.529038799612882">
</wpt>
<wpt lat="51.595848324469699" lon="9.543515860085661">
</wpt>
<wpt lat="51.595848324469699" lon="10.223937702306236">
</wpt>
<wpt lat="51.595848324469699" lon="10.238414762779014">
</wpt>
<wpt lat="51.595848324469699" lon="12.409973833695743">
</wpt>
<wpt lat="51.595848324469699" lon="12.424450894168521">
</wpt>
<wpt lat="51.595848324469699" lon="14.219606392793017">
</wpt>
<wpt lat="51.604841540528888" lon="8.385849931670462">
</wpt>
<wpt lat="51.604841540528888" lon="8.400329859438683">
</wpt>
<wpt lat="51.604841540528888" lon="9.486324442055261">
</wpt>
<wpt lat="51.604841540528888" lon="9.500804369823483">
</wpt>
<wpt lat="51.604841540528888" lon="9.515284297591704">
</wpt>
<wpt lat="51.604841540528888" lon="9.529764225359925">
</wpt>
<wpt lat="51.604841540528888" lon="9.544244153128146">
</wpt>
<wpt lat="51.604841540528888" lon="10.224800758234535">
</wpt>
<wpt lat="51.604841540528888" lon="10.239280686002756">
</wpt>
<wpt lat="51.604841540528888" lon="10.253760613770977">
</wpt>
<wpt lat="51.604841540528888" lon="10.268240541539198">
</wpt>
<wpt lat="51.604841540528888" lon="10.282720469307419">
</wpt>
<wpt lat="51.604841540528888" lon="10.630238735744724">
</wpt>
<wpt lat="51.604841540528888" lon="12.51262934561346">
</wpt>
<wpt lat="51.604841540528888" lon="12.527109273381681">
</wpt>
<wpt lat="51.604841540528888" lon="13.395904939474944">
</wpt>
<wpt lat="51.604841540528888" lon="14.670138583078396">
</wpt>
<wpt lat="51.613834756588076" lon="9.50152443569411">
</wpt>
<wpt lat="51.613834756588076" lon="9.51600723225066">
</wpt>
<wpt lat="51.613834756588076" lon="9.530490028807209">
</wpt>
<wpt lat="51.613834756588076" lon="9.544972825363759">
</wpt>
<wpt lat="51.613834756588076" lon="10.645665363661537">
</wpt>
<wpt lat="51.613834756588076" lon="13.397396709405983">
</wpt>
<wpt lat="51.622827972647265" lon="9.516730543376211">
</wpt>
<wpt lat="51.622827972647265" lon="9.531216210215005">
</wpt>
<wpt lat="51.622827972647265" lon="10.834926225706509">
</wpt>
<wpt lat="51.622827972647265" lon="13.051233252042065">
</wpt>
<wpt lat="51.622827972647265" lon="13.06571891888086">
</wpt>
<wpt lat="51.622827972647265" lon="13.398889256173133">
</wpt>
<wpt lat="51.622827972647265" lon="13.413374923011927">
</wpt>
<wpt lat="51.622827972647265" lon="13.427860589850722">
</wpt>
<wpt lat="51.622827972647265" lon="13.442346256689516">
</wpt>
<wpt lat="51.631821188706454" lon="9.517454231228067">
</wpt>
<wpt lat="51.631821188706454" lon="9.531942769844051">
</wpt>
<wpt lat="51.631821188706454" lon="10.821422706666615">
</wpt>
<wpt lat="51.631821188706454" lon="10.835911245282599">
</wpt>
<wpt lat="51.631821188706454" lon="13.052657653528131">
</wpt>
<wpt lat="51.631821188706454" lon="13.067146192144115">
</wpt>
<wpt lat="51.631821188706454" lon="13.081634730760099">
</wpt>
<wpt lat="51.631821188706454" lon="13.414871118927728">
</wpt>
<wpt lat="51.631821188706454" lon="13.429359657543712">
</wpt>
<wpt lat="51.631821188706454" lon="13.443848196159696">
</wpt>
<wpt lat="51.631821188706454" lon="13.458336734775679">
</wpt>
<wpt lat="51.631821188706454" lon="14.675373978518325">
</wpt>
<wpt lat="51.640814404765642" lon="9.518178296065914">
</wpt>
<wpt lat="51.640814404765642" lon="9.532669707955064">
</wpt>
<wpt lat="51.640814404765642" lon="10.822405366089408">
</wpt>
<wpt lat="51.640814404765642" lon="11.329604782209655">
</wpt>
<wpt lat="51.640814404765642" lon="13.054082797018497">
</wpt>
<wpt lat="51.640814404765642" lon="13.068574208907647">
</wpt>
<wpt lat="51.640814404765642" lon="13.430859506136395">
</wpt>
<wpt lat="51.640814404765642" lon="13.488825153692995">
</wpt>
<wpt lat="51.640814404765642" lon="13.503316565582145">
</wpt>
<wpt lat="51.640814404765642" lon="14.677120928603289">
</wpt>
<wpt lat="51.649807620824831" lon="9.533397024809156">
</wpt>
<wpt lat="51.649807620824831" lon="10.388559937709315">
</wpt>
<wpt lat="51.649807620824831" lon="12.533714363289375">
</wpt>
<wpt lat="51.649807620824831" lon="12.5482086499487">
</wpt>
<wpt lat="51.649807620824831" lon="13.055508683025066">
</wpt>
<wpt lat="51.649807620824831" lon="13.07000296968439">
</wpt>
<wpt lat="51.649807620824831" lon="13.504831569464132">
</wpt>
<wpt lat="51.649807620824831" lon="13.519325856123457">
</wpt>
<wpt lat="51.649807620824831" lon="14.635385928891461">
</wpt>
<wpt lat="51.649807620824831" lon="14.66437450221011">
</wpt>
<wpt lat="51.649807620824831" lon="14.678868788869435">
</wpt>
<wpt lat="51.658800836884019" lon="10.389457333392452">
</wpt>
<wpt lat="51.658800836884019" lon="10.403954496319992">
</wpt>
<wpt lat="51.658800836884019" lon="11.18680129440717">
</wpt>
<wpt lat="51.658800836884019" lon="11.20129845733471">
</wpt>
<wpt lat="51.658800836884019" lon="13.056935312059872">
</wpt>
<wpt lat="51.658800836884019" lon="13.071432474987413">
</wpt>
<wpt lat="51.658800836884019" lon="13.520844525741163">
</wpt>
<wpt lat="51.658800836884019" lon="13.535341688668703">
</wpt>
<wpt lat="51.658800836884019" lon="14.622628908234228">
</wpt>
<wpt lat="51.658800836884019" lon="14.637126071161768">
</wpt>
<wpt lat="51.658800836884019" lon="14.651623234089309">
</wpt>
<wpt lat="51.658800836884019" lon="14.666120397016849">
</wpt>
<wpt lat="51.658800836884019" lon="14.680617559944389">
</wpt>
<wpt lat="51.667794052943208" lon="6.330343802234522">
</wpt>
<wpt lat="51.667794052943208" lon="10.390355196786585">
</wpt>
<wpt lat="51.667794052943208" lon="10.404855237481414">
</wpt>
<wpt lat="51.667794052943208" lon="11.17335739430734">
</wpt>
<wpt lat="51.667794052943208" lon="11.187857435002169">
</wpt>
<wpt lat="51.667794052943208" lon="13.058362684635084">
</wpt>
<wpt lat="51.667794052943208" lon="13.072862725329912">
</wpt>
<wpt lat="51.667794052943208" lon="13.536864027564434">
</wpt>
<wpt lat="51.667794052943208" lon="13.551364068259263">
</wpt>
<wpt lat="51.667794052943208" lon="13.565864108954091">
</wpt>
<wpt lat="51.667794052943208" lon="14.638867120371422">
</wpt>
<wpt lat="51.667794052943208" lon="14.653367161066251">
</wpt>
<wpt lat="51.667794052943208" lon="14.66786720176108">
</wpt>
<wpt lat="51.667794052943208" lon="14.682367242455909">
</wpt>
<wpt lat="51.676787269002396" lon="8.099792174183039">
</wpt>
<wpt lat="51.676787269002396" lon="8.259324293767541">
</wpt>
<wpt lat="51.676787269002396" lon="10.391253528214987">
</wpt>
<wpt lat="51.676787269002396" lon="10.405756448177215">
</wpt>
<wpt lat="51.676787269002396" lon="13.030784961340396">
</wpt>
<wpt lat="51.676787269002396" lon="13.045287881302624">
</wpt>
<wpt lat="51.676787269002396" lon="13.059790801264851">
</wpt>
<wpt lat="51.676787269002396" lon="13.074293721227079">
</wpt>
<wpt lat="51.676787269002396" lon="13.552890079980587">
</wpt>
<wpt lat="51.685780485061585" lon="8.230788019115698">
</wpt>
<wpt lat="51.685780485061585" lon="8.245293819846468">
</wpt>
<wpt lat="51.685780485061585" lon="10.392152328000479">
</wpt>
<wpt lat="51.685780485061585" lon="13.032208061000683">
</wpt>
<wpt lat="51.685780485061585" lon="13.046713861731453">
</wpt>
<wpt lat="51.685780485061585" lon="13.061219662462223">
</wpt>
<wpt lat="51.694773701120774" lon="10.91536418452076">
</wpt>
<wpt lat="51.694773701120774" lon="10.929872867522256">
</wpt>
<wpt lat="51.694773701120774" lon="11.002416282529738">
</wpt>
<wpt lat="51.694773701120774" lon="13.03363190273924">
</wpt>
<wpt lat="51.694773701120774" lon="13.048140585740736">
</wpt>
<wpt lat="51.703766917179962" lon="10.321393500060513">
</wpt>
<wpt lat="51.703766917179962" lon="10.335905066835954">
</wpt>
<wpt lat="51.712760133239151" lon="6.824296335540474">
</wpt>
<wpt lat="51.712760133239151" lon="10.32227928046871">
</wpt>
<wpt lat="51.712760133239151" lon="10.336793732522354">
</wpt>
<wpt lat="51.712760133239151" lon="10.801256198238976">
</wpt>
<wpt lat="51.712760133239151" lon="14.691129348615684">
</wpt>
<wpt lat="51.721753349298339" lon="6.809969524414346">
</wpt>
<wpt lat="51.721753349298339" lon="10.047336085097538">
</wpt>
<wpt lat="51.721753349298339" lon="10.323165523003286">
</wpt>
<wpt lat="51.721753349298339" lon="10.337682861840431">
</wpt>
<wpt lat="51.721753349298339" lon="10.816755043466205">
</wpt>
<wpt lat="51.721753349298339" lon="12.979838530200762">
</wpt>
<wpt lat="51.730746565357528" lon="6.795637036126918">
</wpt>
<wpt lat="51.730746565357528" lon="6.810157263253901">
</wpt>
<wpt lat="51.730746565357528" lon="10.135289275333028">
</wpt>
<wpt lat="51.730746565357528" lon="10.324052227983808">
</wpt>
<wpt lat="51.730746565357528" lon="10.846780404555199">
</wpt>
<wpt lat="51.730746565357528" lon="12.836051520951882">
</wpt>
<wpt lat="51.730746565357528" lon="12.850571748078865">
</wpt>
<wpt lat="51.730746565357528" lon="12.865091975205848">
</wpt>
<wpt lat="51.730746565357528" lon="12.879612202332831">
</wpt>
<wpt lat="51.730746565357528" lon="12.894132429459814">
</wpt>
<wpt lat="51.730746565357528" lon="13.547542650174053">
</wpt>
<wpt lat="51.730746565357528" lon="13.562062877301036">
</wpt>
<wpt lat="51.739739781416716" lon="6.795821983148896">
</wpt>
<wpt lat="51.739739781416716" lon="6.810345100073097">
</wpt>
<wpt lat="51.739739781416716" lon="10.078046408018306">
</wpt>
<wpt lat="51.739739781416716" lon="10.092569524942506">
</wpt>
<wpt lat="51.739739781416716" lon="10.107092641866707">
</wpt>
<wpt lat="51.739739781416716" lon="10.121615758790908">
</wpt>
<wpt lat="51.739739781416716" lon="10.136138875715108">
</wpt>
<wpt lat="51.739739781416716" lon="12.881007974389023">
</wpt>
<wpt lat="51.739739781416716" lon="12.895531091313224">
</wpt>
<wpt lat="51.739739781416716" lon="13.549071352902251">
</wpt>
<wpt lat="51.739739781416716" lon="13.563594469826452">
</wpt>
<wpt lat="51.748732997475905" lon="6.810533034939771">
</wpt>
<wpt lat="51.748732997475905" lon="10.078884886654489">
</wpt>
<wpt lat="51.748732997475905" lon="10.093410894884332">
</wpt>
<wpt lat="51.748732997475905" lon="10.107936903114176">
</wpt>
<wpt lat="51.748732997475905" lon="10.122462911344019">
</wpt>
<wpt lat="51.748732997475905" lon="10.136988919573863">
</wpt>
<wpt lat="51.748732997475905" lon="12.882404475014287">
</wpt>
<wpt lat="51.748732997475905" lon="13.550600853587088">
</wpt>
<wpt lat="51.748732997475905" lon="13.565126861816932">
</wpt>
<wpt lat="51.748732997475905" lon="13.579652870046775">
</wpt>
<wpt lat="51.757726213535094" lon="10.079723803035396">
</wpt>
<wpt lat="51.757726213535094" lon="10.094252704080345">
</wpt>
<wpt lat="51.757726213535094" lon="13.566660053823203">
</wpt>
<wpt lat="51.766719429594282" lon="7.566562558356499">
</wpt>
<wpt lat="51.766719429594282" lon="10.269476497282076">
</wpt>
<wpt lat="51.766719429594282" lon="13.364748911212949">
</wpt>
<wpt lat="51.766719429594282" lon="13.524598660289191">
</wpt>
<wpt lat="51.775712645653471" lon="6.723889281256777">
</wpt>
<wpt lat="51.775712645653471" lon="8.235497166861958">
</wpt>
<wpt lat="51.775712645653471" lon="8.250031858069701">
</wpt>
<wpt lat="51.775712645653471" lon="10.255819244738216">
</wpt>
<wpt lat="51.775712645653471" lon="10.270353935945959">
</wpt>
<wpt lat="51.775712645653471" lon="13.424381928026161">
</wpt>
<wpt lat="51.775712645653471" lon="13.511590075272618">
</wpt>
<wpt lat="51.775712645653471" lon="13.526124766480361">
</wpt>
<wpt lat="51.775712645653471" lon="13.540659457688104">
</wpt>
<wpt lat="51.784705861712659" lon="6.738597813451191">
</wpt>
<wpt lat="51.784705861712659" lon="6.753135402008711">
</wpt>
<wpt lat="51.784705861712659" lon="6.767672990566231">
</wpt>
<wpt lat="51.784705861712659" lon="8.250507023433256">
</wpt>
<wpt lat="51.784705861712659" lon="10.154931124468357">
</wpt>
<wpt lat="51.784705861712659" lon="10.256694244370996">
</wpt>
<wpt lat="51.784705861712659" lon="10.271231832928516">
</wpt>
<wpt lat="51.784705861712659" lon="10.86727296378683">
</wpt>
<wpt lat="51.784705861712659" lon="13.353200607122725">
</wpt>
<wpt lat="51.784705861712659" lon="13.440426138467844">
</wpt>
<wpt lat="51.784705861712659" lon="13.484038904140403">
</wpt>
<wpt lat="51.784705861712659" lon="13.498576492697923">
</wpt>
<wpt lat="51.784705861712659" lon="13.513114081255443">
</wpt>
<wpt lat="51.784705861712659" lon="13.527651669812963">
</wpt>
<wpt lat="51.784705861712659" lon="13.542189258370483">
</wpt>
<wpt lat="51.793699077771848" lon="10.112164826916505">
</wpt>
<wpt lat="51.793699077771848" lon="10.141245801758398">
</wpt>
<wpt lat="51.793699077771848" lon="10.155786289179344">
</wpt>
<wpt lat="51.793699077771848" lon="10.853729685384776">
</wpt>
<wpt lat="51.793699077771848" lon="10.868270172805722">
</wpt>
<wpt lat="51.793699077771848" lon="10.882810660226669">
</wpt>
<wpt lat="51.793699077771848" lon="13.354693521787572">
</wpt>
<wpt lat="51.793699077771848" lon="13.369234009208519">
</wpt>
<wpt lat="51.793699077771848" lon="13.456476933734198">
</wpt>
<wpt lat="51.793699077771848" lon="13.471017421155144">
</wpt>
<wpt lat="51.793699077771848" lon="13.485557908576091">
</wpt>
<wpt lat="51.793699077771848" lon="13.500098395997037">
</wpt>
<wpt lat="51.793699077771848" lon="13.543719858259877">
</wpt>
<wpt lat="51.793699077771848" lon="13.558260345680823">
</wpt>
<wpt lat="51.802692293831036" lon="7.131617238519394">
</wpt>
<wpt lat="51.802692293831036" lon="9.560363000964571">
</wpt>
<wpt lat="51.802692293831036" lon="9.574906388763644">
</wpt>
<wpt lat="51.802692293831036" lon="10.142098512927475">
</wpt>
<wpt lat="51.802692293831036" lon="10.854724515082033">
</wpt>
<wpt lat="51.802692293831036" lon="10.869267902881106">
</wpt>
<wpt lat="51.802692293831036" lon="10.883811290680178">
</wpt>
<wpt lat="51.802692293831036" lon="13.356187216522521">
</wpt>
<wpt lat="51.802692293831036" lon="13.370730604321594">
</wpt>
<wpt lat="51.802692293831036" lon="13.385273992120666">
</wpt>
<wpt lat="51.802692293831036" lon="13.443447543316957">
</wpt>
<wpt lat="51.802692293831036" lon="13.457990931116029">
</wpt>
<wpt lat="51.802692293831036" lon="13.472534318915102">
</wpt>
<wpt lat="51.802692293831036" lon="13.487077706714174">
</wpt>
<wpt lat="51.802692293831036" lon="13.501621094513247">
</wpt>
<wpt lat="51.802692293831036" lon="13.51616448231232">
</wpt>
<wpt lat="51.802692293831036" lon="13.545251257910465">
</wpt>
<wpt lat="51.811685509890225" lon="7.131869703286478">
</wpt>
<wpt lat="51.811685509890225" lon="7.146415992979426">
</wpt>
<wpt lat="51.811685509890225" lon="9.54655379231585">
</wpt>
<wpt lat="51.811685509890225" lon="9.561100082008798">
</wpt>
<wpt lat="51.811685509890225" lon="9.575646371701746">
</wpt>
<wpt lat="51.811685509890225" lon="9.590192661394694">
</wpt>
<wpt lat="51.811685509890225" lon="10.855719864681172">
</wpt>
<wpt lat="51.811685509890225" lon="10.87026615437412">
</wpt>
<wpt lat="51.811685509890225" lon="10.884812444067068">
</wpt>
<wpt lat="51.811685509890225" lon="13.343135402175283">
</wpt>
<wpt lat="51.811685509890225" lon="13.357681691868232">
</wpt>
<wpt lat="51.811685509890225" lon="13.37222798156118">
</wpt>
<wpt lat="51.811685509890225" lon="13.386774271254128">
</wpt>
<wpt lat="51.811685509890225" lon="13.44495943002592">
</wpt>
<wpt lat="51.811685509890225" lon="13.459505719718868">
</wpt>
<wpt lat="51.811685509890225" lon="13.474052009411816">
</wpt>
<wpt lat="51.811685509890225" lon="13.488598299104764">
</wpt>
<wpt lat="51.811685509890225" lon="13.503144588797712">
</wpt>
<wpt lat="51.811685509890225" lon="13.51769087849066">
</wpt>
<wpt lat="51.811685509890225" lon="13.532237168183608">
</wpt>
<wpt lat="51.811685509890225" lon="13.546783457876556">
</wpt>
<wpt lat="51.820678725949413" lon="7.132122300015164">
</wpt>
<wpt lat="51.820678725949413" lon="7.146671493118786">
</wpt>
<wpt lat="51.820678725949413" lon="9.54728835521651">
</wpt>
<wpt lat="51.820678725949413" lon="9.561837548320133">
</wpt>
<wpt lat="51.820678725949413" lon="13.344627755262001">
</wpt>
<wpt lat="51.820678725949413" lon="13.359176948365624">
</wpt>
<wpt lat="51.820678725949413" lon="13.373726141469247">
</wpt>
<wpt lat="51.820678725949413" lon="13.388275334572869">
</wpt>
<wpt lat="51.820678725949413" lon="13.402824527676492">
</wpt>
<wpt lat="51.820678725949413" lon="13.417373720780114">
</wpt>
<wpt lat="51.820678725949413" lon="13.431922913883737">
</wpt>
<wpt lat="51.820678725949413" lon="13.446472106987359">
</wpt>
<wpt lat="51.820678725949413" lon="13.461021300090982">
</wpt>
<wpt lat="51.820678725949413" lon="13.475570493194605">
</wpt>
<wpt lat="51.820678725949413" lon="13.490119686298227">
</wpt>
<wpt lat="51.820678725949413" lon="13.50466887940185">
</wpt>
<wpt lat="51.820678725949413" lon="13.519218072505472">
</wpt>
<wpt lat="51.820678725949413" lon="13.533767265609095">
</wpt>
<wpt lat="51.820678725949413" lon="13.548316458712717">
</wpt>
<wpt lat="51.829671942008602" lon="10.042794635226054">
</wpt>
<wpt lat="51.829671942008602" lon="13.375225084587505">
</wpt>
<wpt lat="51.829671942008602" lon="13.389777182619651">
</wpt>
<wpt lat="51.829671942008602" lon="13.404329280651798">
</wpt>
<wpt lat="51.829671942008602" lon="13.418881378683944">
</wpt>
<wpt lat="51.829671942008602" lon="13.43343347671609">
</wpt>
<wpt lat="51.829671942008602" lon="13.447985574748236">
</wpt>
<wpt lat="51.829671942008602" lon="13.462537672780382">
</wpt>
<wpt lat="51.829671942008602" lon="13.477089770812528">
</wpt>
<wpt lat="51.829671942008602" lon="13.520746064908966">
</wpt>
<wpt lat="51.838665158067791" lon="10.058183790117354">
</wpt>
<wpt lat="51.838665158067791" lon="12.124994426216819">
</wpt>
<wpt lat="51.838665158067791" lon="13.041959708429962">
</wpt>
<wpt lat="51.847658374126979" lon="10.059021284724137">
</wpt>
<wpt lat="51.847658374126979" lon="10.073579197171096">
</wpt>
<wpt lat="51.847658374126979" lon="12.95604586166894">
</wpt>
<wpt lat="51.847658374126979" lon="12.970603774115899">
</wpt>
<wpt lat="51.847658374126979" lon="12.985161686562858">
</wpt>
<wpt lat="51.847658374126979" lon="12.999719599009817">
</wpt>
<wpt lat="51.847658374126979" lon="13.014277511456775">
</wpt>
<wpt lat="51.847658374126979" lon="13.028835423903734">
</wpt>
<wpt lat="51.847658374126979" lon="13.043393336350693">
</wpt>
<wpt lat="51.847658374126979" lon="13.057951248797652">
</wpt>
<wpt lat="51.847658374126979" lon="13.305435760395952">
</wpt>
<wpt lat="51.847658374126979" lon="13.31999367284291">
</wpt>
<wpt lat="51.847658374126979" lon="13.334551585289869">
</wpt>
<wpt lat="51.847658374126979" lon="13.349109497736828">
</wpt>
<wpt lat="51.856651590186168" lon="10.220028258670954">
</wpt>
<wpt lat="51.856651590186168" lon="10.234589080606309">
</wpt>
<wpt lat="51.856651590186168" lon="10.249149902541664">
</wpt>
<wpt lat="51.856651590186168" lon="11.90908360317211">
</wpt>
<wpt lat="51.856651590186168" lon="11.923644425107465">
</wpt>
<wpt lat="51.856651590186168" lon="11.93820524704282">
</wpt>
<wpt lat="51.856651590186168" lon="11.952766068978175">
</wpt>
<wpt lat="51.856651590186168" lon="12.127495932202432">
</wpt>
<wpt lat="51.856651590186168" lon="12.957462782517656">
</wpt>
<wpt lat="51.856651590186168" lon="12.97202360445301">
</wpt>
<wpt lat="51.856651590186168" lon="12.986584426388365">
</wpt>
<wpt lat="51.856651590186168" lon="13.00114524832372">
</wpt>
<wpt lat="51.856651590186168" lon="13.015706070259075">
</wpt>
<wpt lat="51.856651590186168" lon="13.03026689219443">
</wpt>
<wpt lat="51.856651590186168" lon="13.044827714129784">
</wpt>
<wpt lat="51.856651590186168" lon="13.059388536065139">
</wpt>
<wpt lat="51.856651590186168" lon="13.073949358000494">
</wpt>
<wpt lat="51.865644806245356" lon="10.20633491785328">
</wpt>
<wpt lat="51.865644806245356" lon="10.220898650799096">
</wpt>
<wpt lat="51.865644806245356" lon="10.235462383744913">
</wpt>
<wpt lat="51.865644806245356" lon="11.910291672513846">
</wpt>
<wpt lat="51.865644806245356" lon="11.924855405459663">
</wpt>
<wpt lat="51.865644806245356" lon="11.93941913840548">
</wpt>
<wpt lat="51.865644806245356" lon="11.953982871351297">
</wpt>
<wpt lat="51.865644806245356" lon="12.128747666701098">
</wpt>
<wpt lat="51.865644806245356" lon="12.958880444612657">
</wpt>
<wpt lat="51.865644806245356" lon="12.973444177558473">
</wpt>
<wpt lat="51.865644806245356" lon="12.98800791050429">
</wpt>
<wpt lat="51.865644806245356" lon="13.002571643450107">
</wpt>
<wpt lat="51.865644806245356" lon="13.017135376395924">
</wpt>
<wpt lat="51.865644806245356" lon="13.031699109341741">
</wpt>
<wpt lat="51.865644806245356" lon="13.046262842287558">
</wpt>
<wpt lat="51.865644806245356" lon="13.060826575233374">
</wpt>
<wpt lat="51.865644806245356" lon="13.075390308179191">
</wpt>
<wpt lat="51.865644806245356" lon="13.250155103528993">
</wpt>
<wpt lat="51.874638022304545" lon="9.755636843000277">
</wpt>
<wpt lat="51.874638022304545" lon="10.221769498341134">
</wpt>
<wpt lat="51.874638022304545" lon="10.236336143820536">
</wpt>
<wpt lat="51.874638022304545" lon="10.250902789299937">
</wpt>
<wpt lat="51.874638022304545" lon="11.911500373951741">
</wpt>
<wpt lat="51.874638022304545" lon="11.926067019431143">
</wpt>
<wpt lat="51.874638022304545" lon="11.940633664910544">
</wpt>
<wpt lat="51.874638022304545" lon="11.955200310389946">
</wpt>
<wpt lat="51.874638022304545" lon="11.969766955869348">
</wpt>
<wpt lat="51.874638022304545" lon="12.130000056142768">
</wpt>
<wpt lat="51.874638022304545" lon="12.144566701622169">
</wpt>
<wpt lat="51.874638022304545" lon="12.960298848468669">
</wpt>
<wpt lat="51.874638022304545" lon="12.974865493948071">
</wpt>
<wpt lat="51.874638022304545" lon="12.989432139427473">
</wpt>
<wpt lat="51.874638022304545" lon="13.003998784906875">
</wpt>
<wpt lat="51.874638022304545" lon="13.018565430386277">
</wpt>
<wpt lat="51.874638022304545" lon="13.033132075865678">
</wpt>
<wpt lat="51.874638022304545" lon="13.04769872134508">
</wpt>
<wpt lat="51.874638022304545" lon="13.062265366824482">
</wpt>
<wpt lat="51.874638022304545" lon="13.076832012303884">
</wpt>
<wpt lat="51.874638022304545" lon="13.178798530659696">
</wpt>
<wpt lat="51.874638022304545" lon="13.193365176139098">
</wpt>
<wpt lat="51.874638022304545" lon="13.222498467097902">
</wpt>
<wpt lat="51.883631238363733" lon="9.756414896423841">
</wpt>
<wpt lat="51.883631238363733" lon="10.222640801613231">
</wpt>
<wpt lat="51.883631238363733" lon="10.2372103611504">
</wpt>
<wpt lat="51.883631238363733" lon="10.251779920687568">
</wpt>
<wpt lat="51.883631238363733" lon="11.912709707924769">
</wpt>
<wpt lat="51.883631238363733" lon="11.927279267461937">
</wpt>
<wpt lat="51.883631238363733" lon="11.941848826999106">
</wpt>
<wpt lat="51.883631238363733" lon="11.956418386536274">
</wpt>
<wpt lat="51.883631238363733" lon="11.970987946073443">
</wpt>
<wpt lat="51.883631238363733" lon="11.985557505610611">
</wpt>
<wpt lat="51.883631238363733" lon="12.116683541445127">
</wpt>
<wpt lat="51.883631238363733" lon="12.131253100982295">
</wpt>
<wpt lat="51.883631238363733" lon="12.961717994600896">
</wpt>
<wpt lat="51.883631238363733" lon="12.976287554138064">
</wpt>
<wpt lat="51.883631238363733" lon="12.990857113675233">
</wpt>
<wpt lat="51.883631238363733" lon="13.005426673212401">
</wpt>
<wpt lat="51.883631238363733" lon="13.01999623274957">
</wpt>
<wpt lat="51.883631238363733" lon="13.034565792286738">
</wpt>
<wpt lat="51.883631238363733" lon="13.049135351823907">
</wpt>
<wpt lat="51.883631238363733" lon="13.063704911361075">
</wpt>
<wpt lat="51.883631238363733" lon="13.180261387658422">
</wpt>
<wpt lat="51.883631238363733" lon="13.194830947195591">
</wpt>
<wpt lat="51.883631238363733" lon="13.209400506732759">
</wpt>
<wpt lat="51.883631238363733" lon="14.243839233871718">
</wpt>
<wpt lat="51.883631238363733" lon="14.258408793408886">
</wpt>
<wpt lat="51.883631238363733" lon="14.462382626929244">
</wpt>
<wpt lat="51.892624454422922" lon="9.757193357086372">
</wpt>
<wpt lat="51.892624454422922" lon="9.771765832206546">
</wpt>
<wpt lat="51.892624454422922" lon="10.22351256093193">
</wpt>
<wpt lat="51.892624454422922" lon="10.238085036052103">
</wpt>
<wpt lat="51.892624454422922" lon="10.252657511172277">
</wpt>
<wpt lat="51.892624454422922" lon="10.267229986292451">
</wpt>
<wpt lat="51.892624454422922" lon="10.281802461412624">
</wpt>
<wpt lat="51.892624454422922" lon="11.899347199751903">
</wpt>
<wpt lat="51.892624454422922" lon="11.913919674872076">
</wpt>
<wpt lat="51.892624454422922" lon="11.92849214999225">
</wpt>
<wpt lat="51.892624454422922" lon="11.943064625112424">
</wpt>
<wpt lat="51.892624454422922" lon="11.957637100232597">
</wpt>
<wpt lat="51.892624454422922" lon="11.972209575352771">
</wpt>
<wpt lat="51.892624454422922" lon="11.986782050472945">
</wpt>
<wpt lat="51.892624454422922" lon="12.059644426073813">
</wpt>
<wpt lat="51.892624454422922" lon="12.103361851434334">
</wpt>
<wpt lat="51.892624454422922" lon="12.117934326554508">
</wpt>
<wpt lat="51.892624454422922" lon="12.132506801674682">
</wpt>
<wpt lat="51.892624454422922" lon="12.963137883524581">
</wpt>
<wpt lat="51.892624454422922" lon="12.977710358644755">
</wpt>
<wpt lat="51.892624454422922" lon="12.992282833764929">
</wpt>
<wpt lat="51.892624454422922" lon="13.006855308885102">
</wpt>
<wpt lat="51.892624454422922" lon="13.021427784005276">
</wpt>
<wpt lat="51.892624454422922" lon="13.03600025912545">
</wpt>
<wpt lat="51.892624454422922" lon="13.050572734245623">
</wpt>
<wpt lat="51.892624454422922" lon="13.167152535207013">
</wpt>
<wpt lat="51.892624454422922" lon="13.181725010327186">
</wpt>
<wpt lat="51.892624454422922" lon="13.19629748544736">
</wpt>
<wpt lat="51.892624454422922" lon="13.604326788812223">
</wpt>
<wpt lat="51.892624454422922" lon="13.618899263932397">
</wpt>
<wpt lat="51.892624454422922" lon="14.245515694099865">
</wpt>
<wpt lat="51.892624454422922" lon="14.260088169220039">
</wpt>
<wpt lat="51.892624454422922" lon="14.551537671623512">
</wpt>
<wpt lat="51.901617670482111" lon="9.743396833041151">
</wpt>
<wpt lat="51.901617670482111" lon="9.757972225270629">
</wpt>
<wpt lat="51.901617670482111" lon="9.772547617500107">
</wpt>
<wpt lat="51.901617670482111" lon="9.787123009729585">
</wpt>
<wpt lat="51.901617670482111" lon="9.801698401959063">
</wpt>
<wpt lat="51.901617670482111" lon="9.830849186418019">
</wpt>
<wpt lat="51.901617670482111" lon="9.947452324253844">
</wpt>
<wpt lat="51.901617670482111" lon="10.224384776613926">
</wpt>
<wpt lat="51.901617670482111" lon="10.238960168843404">
</wpt>
<wpt lat="51.901617670482111" lon="10.253535561072882">
</wpt>
<wpt lat="51.901617670482111" lon="10.26811095330236">
</wpt>
<wpt lat="51.901617670482111" lon="10.282686345531838">
</wpt>
<wpt lat="51.901617670482111" lon="10.92400360362887">
</wpt>
<wpt lat="51.901617670482111" lon="11.929705667462853">
</wpt>
<wpt lat="51.901617670482111" lon="11.944281059692331">
</wpt>
<wpt lat="51.901617670482111" lon="11.958856451921809">
</wpt>
<wpt lat="51.901617670482111" lon="11.973431844151287">
</wpt>
<wpt lat="51.901617670482111" lon="11.988007236380765">
</wpt>
<wpt lat="51.901617670482111" lon="12.060884197528155">
</wpt>
<wpt lat="51.901617670482111" lon="12.075459589757633">
</wpt>
<wpt lat="51.901617670482111" lon="12.090034981987111">
</wpt>
<wpt lat="51.901617670482111" lon="12.964558515755792">
</wpt>
<wpt lat="51.901617670482111" lon="12.97913390798527">
</wpt>
<wpt lat="51.901617670482111" lon="12.993709300214748">
</wpt>
<wpt lat="51.901617670482111" lon="13.008284692444226">
</wpt>
<wpt lat="51.901617670482111" lon="13.022860084673704">
</wpt>
<wpt lat="51.901617670482111" lon="13.037435476903182">
</wpt>
<wpt lat="51.901617670482111" lon="13.05201086913266">
</wpt>
<wpt lat="51.901617670482111" lon="13.168614006968484">
</wpt>
<wpt lat="51.901617670482111" lon="13.605875773852825">
</wpt>
<wpt lat="51.901617670482111" lon="14.247193031949857">
</wpt>
<wpt lat="51.901617670482111" lon="14.261768424179335">
</wpt>
<wpt lat="51.901617670482111" lon="14.538700876539417">
</wpt>
<wpt lat="51.901617670482111" lon="14.553276268768895">
</wpt>
<wpt lat="51.901617670482111" lon="14.567851660998373">
</wpt>
<wpt lat="51.901617670482111" lon="14.582427053227851">
</wpt>
<wpt lat="51.910610886541299" lon="9.744173190393621">
</wpt>
<wpt lat="51.910610886541299" lon="9.758751501259763">
</wpt>
<wpt lat="51.910610886541299" lon="9.773329812125905">
</wpt>
<wpt lat="51.910610886541299" lon="9.802486433858189">
</wpt>
<wpt lat="51.910610886541299" lon="9.81706474472433">
</wpt>
<wpt lat="51.910610886541299" lon="9.933691231653466">
</wpt>
<wpt lat="51.910610886541299" lon="10.094052651181027">
</wpt>
<wpt lat="51.910610886541299" lon="10.225257448976304">
</wpt>
<wpt lat="51.910610886541299" lon="10.239835759842446">
</wpt>
<wpt lat="51.910610886541299" lon="11.930919820314909">
</wpt>
<wpt lat="51.910610886541299" lon="11.945498131181051">
</wpt>
<wpt lat="51.910610886541299" lon="11.960076442047193">
</wpt>
<wpt lat="51.910610886541299" lon="11.974654752913334">
</wpt>
<wpt lat="51.910610886541299" lon="11.989233063779476">
</wpt>
<wpt lat="51.910610886541299" lon="12.062124618110186">
</wpt>
<wpt lat="51.910610886541299" lon="12.076702928976328">
</wpt>
<wpt lat="51.910610886541299" lon="12.965979891810985">
</wpt>
<wpt lat="51.910610886541299" lon="12.980558202677127">
</wpt>
<wpt lat="51.910610886541299" lon="12.995136513543269">
</wpt>
<wpt lat="51.910610886541299" lon="13.009714824409411">
</wpt>
<wpt lat="51.910610886541299" lon="13.024293135275553">
</wpt>
<wpt lat="51.910610886541299" lon="13.038871446141695">
</wpt>
<wpt lat="51.910610886541299" lon="13.053449757007836">
</wpt>
<wpt lat="51.910610886541299" lon="13.622003880787371">
</wpt>
<wpt lat="51.910610886541299" lon="14.234292937165332">
</wpt>
<wpt lat="51.910610886541299" lon="14.248871248031474">
</wpt>
<wpt lat="51.910610886541299" lon="14.263449558897616">
</wpt>
<wpt lat="51.910610886541299" lon="14.278027869763758">
</wpt>
<wpt lat="51.910610886541299" lon="14.409232667559035">
</wpt>
<wpt lat="51.910610886541299" lon="14.423810978425177">
</wpt>
<wpt lat="51.910610886541299" lon="14.438389289291319">
</wpt>
<wpt lat="51.910610886541299" lon="14.540437465354312">
</wpt>
<wpt lat="51.919604102600488" lon="7.076584675591748">
</wpt>
<wpt lat="51.919604102600488" lon="9.555393950900148">
</wpt>
<wpt lat="51.919604102600488" lon="9.569975181931374">
</wpt>
<wpt lat="51.919604102600488" lon="10.094899499055506">
</wpt>
<wpt lat="51.919604102600488" lon="10.211549347305313">
</wpt>
<wpt lat="51.919604102600488" lon="10.226130578336539">
</wpt>
<wpt lat="51.919604102600488" lon="10.240711809367765">
</wpt>
<wpt lat="51.919604102600488" lon="10.838542281648026">
</wpt>
<wpt lat="51.919604102600488" lon="11.932134608989967">
</wpt>
<wpt lat="51.919604102600488" lon="11.946715840021193">
</wpt>
<wpt lat="51.919604102600488" lon="11.961297071052419">
</wpt>
<wpt lat="51.919604102600488" lon="11.975878302083645">
</wpt>
<wpt lat="51.919604102600488" lon="11.990459533114871">
</wpt>
<wpt lat="51.919604102600488" lon="12.005040764146097">
</wpt>
<wpt lat="51.919604102600488" lon="12.019621995177323">
</wpt>
<wpt lat="51.919604102600488" lon="12.034203226208549">
</wpt>
<wpt lat="51.919604102600488" lon="12.048784457239774">
</wpt>
<wpt lat="51.919604102600488" lon="12.063365688271">
</wpt>
<wpt lat="51.919604102600488" lon="12.981983243238231">
</wpt>
<wpt lat="51.919604102600488" lon="12.996564474269457">
</wpt>
<wpt lat="51.919604102600488" lon="13.011145705300683">
</wpt>
<wpt lat="51.919604102600488" lon="13.025726936331909">
</wpt>
<wpt lat="51.919604102600488" lon="13.040308167363134">
</wpt>
<wpt lat="51.919604102600488" lon="13.05488939839436">
</wpt>
<wpt lat="51.919604102600488" lon="13.608976177580944">
</wpt>
<wpt lat="51.919604102600488" lon="13.62355740861217">
</wpt>
<wpt lat="51.919604102600488" lon="14.192225418829979">
</wpt>
<wpt lat="51.919604102600488" lon="14.206806649861205">
</wpt>
<wpt lat="51.919604102600488" lon="14.221387880892431">
</wpt>
<wpt lat="51.919604102600488" lon="14.235969111923657">
</wpt>
<wpt lat="51.919604102600488" lon="14.250550342954883">
</wpt>
<wpt lat="51.919604102600488" lon="14.265131573986109">
</wpt>
<wpt lat="51.919604102600488" lon="14.279712805017335">
</wpt>
<wpt lat="51.919604102600488" lon="14.29429403604856">
</wpt>
<wpt lat="51.919604102600488" lon="14.396362653267142">
</wpt>
<wpt lat="51.919604102600488" lon="14.410943884298367">
</wpt>
<wpt lat="51.919604102600488" lon="14.425525115329593">
</wpt>
<wpt lat="51.919604102600488" lon="14.440106346360819">
</wpt>
<wpt lat="51.919604102600488" lon="14.454687577392045">
</wpt>
<wpt lat="51.928597318659676" lon="9.541548986900203">
</wpt>
<wpt lat="51.928597318659676" lon="9.556133139625997">
</wpt>
<wpt lat="51.928597318659676" lon="9.570717292351791">
</wpt>
<wpt lat="51.928597318659676" lon="10.066578485028785">
</wpt>
<wpt lat="51.928597318659676" lon="10.081162637754579">
</wpt>
<wpt lat="51.928597318659676" lon="10.095746790480373">
</wpt>
<wpt lat="51.928597318659676" lon="10.241588317738312">
</wpt>
<wpt lat="51.928597318659676" lon="10.82495442677007">
</wpt>
<wpt lat="51.928597318659676" lon="10.839538579495864">
</wpt>
<wpt lat="51.928597318659676" lon="11.918765881204616">
</wpt>
<wpt lat="51.928597318659676" lon="11.933350033930409">
</wpt>
<wpt lat="51.928597318659676" lon="11.947934186656203">
</wpt>
<wpt lat="51.928597318659676" lon="11.962518339381997">
</wpt>
<wpt lat="51.928597318659676" lon="11.977102492107791">
</wpt>
<wpt lat="51.928597318659676" lon="11.991686644833585">
</wpt>
<wpt lat="51.928597318659676" lon="12.006270797559379">
</wpt>
<wpt lat="51.928597318659676" lon="12.020854950285173">
</wpt>
<wpt lat="51.928597318659676" lon="12.035439103010967">
</wpt>
<wpt lat="51.928597318659676" lon="12.050023255736761">
</wpt>
<wpt lat="51.928597318659676" lon="12.968824877461779">
</wpt>
<wpt lat="51.928597318659676" lon="12.983409030187573">
</wpt>
<wpt lat="51.928597318659676" lon="12.997993182913367">
</wpt>
<wpt lat="51.928597318659676" lon="13.012577335639161">
</wpt>
<wpt lat="51.928597318659676" lon="13.027161488364955">
</wpt>
<wpt lat="51.928597318659676" lon="13.041745641090749">
</wpt>
<wpt lat="51.928597318659676" lon="13.056329793816543">
</wpt>
<wpt lat="51.928597318659676" lon="13.610527597396713">
</wpt>
<wpt lat="51.928597318659676" lon="14.208477859154264">
</wpt>
<wpt lat="51.928597318659676" lon="14.223062011880058">
</wpt>
<wpt lat="51.928597318659676" lon="14.237646164605852">
</wpt>
<wpt lat="51.928597318659676" lon="14.252230317331646">
</wpt>
<wpt lat="51.928597318659676" lon="14.26681447005744">
</wpt>
<wpt lat="51.928597318659676" lon="14.281398622783234">
</wpt>
<wpt lat="51.928597318659676" lon="14.295982775509028">
</wpt>
<wpt lat="51.928597318659676" lon="14.310566928234822">
</wpt>
<wpt lat="51.928597318659676" lon="14.383487691863792">
</wpt>
<wpt lat="51.928597318659676" lon="14.398071844589586">
</wpt>
<wpt lat="51.928597318659676" lon="14.41265599731538">
</wpt>
<wpt lat="51.928597318659676" lon="14.427240150041174">
</wpt>
<wpt lat="51.928597318659676" lon="14.441824302766967">
</wpt>
<wpt lat="51.928597318659676" lon="14.456408455492761">
</wpt>
<wpt lat="51.937590534718865" lon="8.156513424292891">
</wpt>
<wpt lat="51.937590534718865" lon="9.527698563678443">
</wpt>
<wpt lat="51.937590534718865" lon="9.542285639629354">
</wpt>
<wpt lat="51.937590534718865" lon="9.556872715580264">
</wpt>
<wpt lat="51.937590534718865" lon="9.571459791531174">
</wpt>
<wpt lat="51.937590534718865" lon="9.702743475089365">
</wpt>
<wpt lat="51.937590534718865" lon="10.082007449813029">
</wpt>
<wpt lat="51.937590534718865" lon="10.25705236122395">
</wpt>
<wpt lat="51.937590534718865" lon="10.738425867603985">
</wpt>
<wpt lat="51.937590534718865" lon="10.825948323309445">
</wpt>
<wpt lat="51.937590534718865" lon="10.840535399260355">
</wpt>
<wpt lat="51.937590534718865" lon="11.919979019627705">
</wpt>
<wpt lat="51.937590534718865" lon="11.934566095578615">
</wpt>
<wpt lat="51.937590534718865" lon="11.949153171529526">
</wpt>
<wpt lat="51.937590534718865" lon="11.963740247480436">
</wpt>
<wpt lat="51.937590534718865" lon="11.978327323431346">
</wpt>
<wpt lat="51.937590534718865" lon="11.992914399382256">
</wpt>
<wpt lat="51.937590534718865" lon="12.007501475333166">
</wpt>
<wpt lat="51.937590534718865" lon="12.999422639995055">
</wpt>
<wpt lat="51.937590534718865" lon="13.014009715945965">
</wpt>
<wpt lat="51.937590534718865" lon="13.028596791896875">
</wpt>
<wpt lat="51.937590534718865" lon="13.043183867847786">
</wpt>
<wpt lat="51.937590534718865" lon="13.057770943798696">
</wpt>
<wpt lat="51.937590534718865" lon="13.072358019749606">
</wpt>
<wpt lat="51.937590534718865" lon="13.101532171651426">
</wpt>
<wpt lat="51.937590534718865" lon="14.210149943920596">
</wpt>
<wpt lat="51.937590534718865" lon="14.224737019871506">
</wpt>
<wpt lat="51.937590534718865" lon="14.239324095822417">
</wpt>
<wpt lat="51.937590534718865" lon="14.253911171773327">
</wpt>
<wpt lat="51.937590534718865" lon="14.268498247724237">
</wpt>
<wpt lat="51.937590534718865" lon="14.283085323675147">
</wpt>
<wpt lat="51.937590534718865" lon="14.297672399626057">
</wpt>
<wpt lat="51.937590534718865" lon="14.312259475576967">
</wpt>
<wpt lat="51.937590534718865" lon="14.370607779380608">
</wpt>
<wpt lat="51.937590534718865" lon="14.385194855331518">
</wpt>
<wpt lat="51.937590534718865" lon="14.399781931282428">
</wpt>
<wpt lat="51.937590534718865" lon="14.414369007233338">
</wpt>
<wpt lat="51.937590534718865" lon="14.428956083184248">
</wpt>
<wpt lat="51.937590534718865" lon="14.443543159135158">
</wpt>
<wpt lat="51.937590534718865" lon="14.458130235086069">
</wpt>
<wpt lat="51.937590534718865" lon="14.472717311036979">
</wpt>
<wpt lat="51.946583750778053" lon="9.499252676201856">
</wpt>
<wpt lat="51.946583750778053" lon="9.513842676909494">
</wpt>
<wpt lat="51.946583750778053" lon="9.528432677617133">
</wpt>
<wpt lat="51.946583750778053" lon="9.543022678324771">
</wpt>
<wpt lat="51.946583750778053" lon="9.55761267903241">
</wpt>
<wpt lat="51.946583750778053" lon="9.572202679740048">
</wpt>
<wpt lat="51.946583750778053" lon="9.688922685401156">
</wpt>
<wpt lat="51.946583750778053" lon="10.272522713706696">
</wpt>
<wpt lat="51.946583750778053" lon="10.651862732105297">
</wpt>
<wpt lat="51.946583750778053" lon="10.797762739181682">
</wpt>
<wpt lat="51.946583750778053" lon="10.81235273988932">
</wpt>
<wpt lat="51.946583750778053" lon="10.826942740596959">
</wpt>
<wpt lat="51.946583750778053" lon="10.841532741304597">
</wpt>
<wpt lat="51.946583750778053" lon="11.921192793669846">
</wpt>
<wpt lat="51.946583750778053" lon="13.04462284815801">
</wpt>
<wpt lat="51.946583750778053" lon="13.059212848865648">
</wpt>
<wpt lat="51.946583750778053" lon="13.073802849573287">
</wpt>
<wpt lat="51.946583750778053" lon="14.21182290476909">
</wpt>
<wpt lat="51.946583750778053" lon="14.226412905476728">
</wpt>
<wpt lat="51.946583750778053" lon="14.241002906184367">
</wpt>
<wpt lat="51.946583750778053" lon="14.255592906892005">
</wpt>
<wpt lat="51.946583750778053" lon="14.328542910430198">
</wpt>
<wpt lat="51.946583750778053" lon="14.343132911137836">
</wpt>
<wpt lat="51.946583750778053" lon="14.357722911845475">
</wpt>
<wpt lat="51.946583750778053" lon="14.372312912553113">
</wpt>
<wpt lat="51.946583750778053" lon="14.386902913260752">
</wpt>
<wpt lat="51.946583750778053" lon="14.40149291396839">
</wpt>
<wpt lat="51.946583750778053" lon="14.416082914676029">
</wpt>
<wpt lat="51.946583750778053" lon="14.430672915383667">
</wpt>
<wpt lat="51.946583750778053" lon="14.445262916091306">
</wpt>
<wpt lat="51.946583750778053" lon="14.459852916798944">
</wpt>
<wpt lat="51.946583750778053" lon="14.474442917506583">
</wpt>
<wpt lat="51.946583750778053" lon="14.489032918214221">
</wpt>
<wpt lat="51.946583750778053" lon="14.50362291892186">
</wpt>
<wpt lat="51.955576966837242" lon="9.14975107433469">
</wpt>
<wpt lat="51.955576966837242" lon="9.543760103254852">
</wpt>
<wpt lat="51.955576966837242" lon="9.558353030251896">
</wpt>
<wpt lat="51.955576966837242" lon="9.572945957248939">
</wpt>
<wpt lat="51.955576966837242" lon="9.689689373225283">
</wpt>
<wpt lat="51.955576966837242" lon="10.273406453107006">
</wpt>
<wpt lat="51.955576966837242" lon="10.287999380104049">
</wpt>
<wpt lat="51.955576966837242" lon="10.784158898003513">
</wpt>
<wpt lat="51.955576966837242" lon="10.798751825000556">
</wpt>
<wpt lat="51.955576966837242" lon="13.060655509542231">
</wpt>
<wpt lat="51.955576966837242" lon="13.075248436539274">
</wpt>
<wpt lat="51.955576966837242" lon="14.228089669305676">
</wpt>
<wpt lat="51.955576966837242" lon="14.242682596302719">
</wpt>
<wpt lat="51.955576966837242" lon="14.344833085282021">
</wpt>
<wpt lat="51.955576966837242" lon="14.359426012279064">
</wpt>
<wpt lat="51.955576966837242" lon="14.374018939276107">
</wpt>
<wpt lat="51.955576966837242" lon="14.38861186627315">
</wpt>
<wpt lat="51.955576966837242" lon="14.403204793270193">
</wpt>
<wpt lat="51.955576966837242" lon="14.417797720267236">
</wpt>
<wpt lat="51.955576966837242" lon="14.432390647264279">
</wpt>
<wpt lat="51.955576966837242" lon="14.446983574261322">
</wpt>
<wpt lat="51.955576966837242" lon="14.461576501258365">
</wpt>
<wpt lat="51.955576966837242" lon="14.476169428255409">
</wpt>
<wpt lat="51.955576966837242" lon="14.490762355252452">
</wpt>
<wpt lat="51.964570182896431" lon="9.573689624328624">
</wpt>
<wpt lat="51.964570182896431" lon="9.690456462890156">
</wpt>
<wpt lat="51.964570182896431" lon="10.24509894605743">
</wpt>
<wpt lat="51.964570182896431" lon="10.259694800877622">
</wpt>
<wpt lat="51.964570182896431" lon="10.274290655697813">
</wpt>
<wpt lat="51.964570182896431" lon="10.288886510518005">
</wpt>
<wpt lat="51.964570182896431" lon="10.303482365338196">
</wpt>
<wpt lat="51.964570182896431" lon="10.770549719584322">
</wpt>
<wpt lat="51.964570182896431" lon="10.785145574404513">
</wpt>
<wpt lat="51.964570182896431" lon="10.799741429224705">
</wpt>
<wpt lat="51.964570182896431" lon="10.901912412966045">
</wpt>
<wpt lat="51.964570182896431" lon="10.916508267786236">
</wpt>
<wpt lat="51.964570182896431" lon="11.996601524480402">
</wpt>
<wpt lat="51.964570182896431" lon="12.011197379300594">
</wpt>
<wpt lat="51.964570182896431" lon="12.025793234120785">
</wpt>
<wpt lat="51.964570182896431" lon="14.229767311969692">
</wpt>
<wpt lat="51.964570182896431" lon="14.361130005351415">
</wpt>
<wpt lat="51.964570182896431" lon="14.375725860171606">
</wpt>
<wpt lat="51.964570182896431" lon="14.448705134272563">
</wpt>
<wpt lat="51.964570182896431" lon="14.463300989092755">
</wpt>
<wpt lat="51.973563398955619" lon="9.618230033785183">
</wpt>
<wpt lat="51.973563398955619" lon="9.691223954675948">
</wpt>
<wpt lat="51.973563398955619" lon="10.28977410598022">
</wpt>
<wpt lat="51.973563398955619" lon="10.304372890158373">
</wpt>
<wpt lat="51.973563398955619" lon="10.771533983859268">
</wpt>
<wpt lat="51.973563398955619" lon="10.93212060981895">
</wpt>
<wpt lat="51.973563398955619" lon="12.01243063900227">
</wpt>
<wpt lat="51.973563398955619" lon="12.027029423180423">
</wpt>
<wpt lat="51.973563398955619" lon="12.041628207358576">
</wpt>
<wpt lat="51.973563398955619" lon="12.173017264961953">
</wpt>
<wpt lat="51.973563398955619" lon="13.895673797984003">
</wpt>
<wpt lat="51.973563398955619" lon="13.910272582162156">
</wpt>
<wpt lat="51.973563398955619" lon="14.465026380931969">
</wpt>
<wpt lat="51.982556615014808" lon="9.604381558430331">
</wpt>
<wpt lat="51.982556615014808" lon="9.618983273502325">
</wpt>
<wpt lat="51.982556615014808" lon="10.203051876382064">
</wpt>
<wpt lat="51.982556615014808" lon="10.305263881886018">
</wpt>
<wpt lat="51.982556615014808" lon="10.757917049117816">
</wpt>
<wpt lat="51.982556615014808" lon="10.77251876418981">
</wpt>
<wpt lat="51.982556615014808" lon="12.028266260381249">
</wpt>
<wpt lat="51.982556615014808" lon="12.042867975453243">
</wpt>
<wpt lat="51.982556615014808" lon="12.174283411101184">
</wpt>
<wpt lat="51.982556615014808" lon="13.868082359452428">
</wpt>
<wpt lat="51.982556615014808" lon="13.882684074524422">
</wpt>
<wpt lat="51.982556615014808" lon="13.897285789596415">
</wpt>
<wpt lat="51.982556615014808" lon="13.911887504668409">
</wpt>
<wpt lat="51.991549831073996" lon="9.429876490679455">
</wpt>
<wpt lat="51.991549831073996" lon="10.203922808327013">
</wpt>
<wpt lat="51.991549831073996" lon="10.320759988349286">
</wpt>
<wpt lat="51.991549831073996" lon="10.642062233410536">
</wpt>
<wpt lat="51.991549831073996" lon="10.65666688091332">
</wpt>
<wpt lat="51.991549831073996" lon="10.671271528416105">
</wpt>
<wpt lat="51.991549831073996" lon="12.029503746175028">
</wpt>
<wpt lat="51.991549831073996" lon="12.044108393677812">
</wpt>
<wpt lat="51.991549831073996" lon="12.058713041180596">
</wpt>
<wpt lat="51.991549831073996" lon="13.855084684023042">
</wpt>
<wpt lat="51.991549831073996" lon="13.869689331525827">
</wpt>
<wpt lat="51.991549831073996" lon="13.884293979028611">
</wpt>
<wpt lat="51.991549831073996" lon="13.898898626531395">
</wpt>
<wpt lat="51.991549831073996" lon="13.913503274034179">
</wpt>
<wpt lat="51.991549831073996" lon="14.716758886687305">
</wpt>
<wpt lat="52.000543047133185" lon="9.299124145825195">
</wpt>
<wpt lat="52.000543047133185" lon="9.430592379069559">
</wpt>
<wpt lat="52.000543047133185" lon="10.204794197064148">
</wpt>
<wpt lat="52.000543047133185" lon="10.59919889679724">
</wpt>
<wpt lat="52.000543047133185" lon="10.613806478268836">
</wpt>
<wpt lat="52.000543047133185" lon="10.628414059740432">
</wpt>
<wpt lat="52.000543047133185" lon="12.045349462485246">
</wpt>
<wpt lat="52.000543047133185" lon="12.059957043956842">
</wpt>
<wpt lat="52.000543047133185" lon="12.074564625428438">
</wpt>
<wpt lat="52.000543047133185" lon="13.827474402019961">
</wpt>
<wpt lat="52.000543047133185" lon="13.842081983491557">
</wpt>
<wpt lat="52.000543047133185" lon="13.856689564963153">
</wpt>
<wpt lat="52.000543047133185" lon="13.871297146434749">
</wpt>
<wpt lat="52.000543047133185" lon="13.885904727906345">
</wpt>
<wpt lat="52.000543047133185" lon="13.929727472321133">
</wpt>
<wpt lat="52.000543047133185" lon="14.45560040529859">
</wpt>
<wpt lat="52.000543047133185" lon="14.718536871787318">
</wpt>
<wpt lat="52.009536263192373" lon="9.285203473203207">
</wpt>
<wpt lat="52.009536263192373" lon="9.299813990182708">
</wpt>
<wpt lat="52.009536263192373" lon="13.79985321986881">
</wpt>
<wpt lat="52.009536263192373" lon="13.81446373684831">
</wpt>
<wpt lat="52.009536263192373" lon="13.829074253827811">
</wpt>
<wpt lat="52.009536263192373" lon="13.843684770807311">
</wpt>
<wpt lat="52.009536263192373" lon="13.858295287786811">
</wpt>
<wpt lat="52.009536263192373" lon="14.325831831130822">
</wpt>
<wpt lat="52.009536263192373" lon="14.471937000925825">
</wpt>
<wpt lat="52.009536263192373" lon="14.720315789577331">
</wpt>
<wpt lat="52.018529479251562" lon="9.285890742451503">
</wpt>
<wpt lat="52.018529479251562" lon="9.300504196479073">
</wpt>
<wpt lat="52.018529479251562" lon="10.221151800215981">
</wpt>
<wpt lat="52.018529479251562" lon="12.237808456020637">
</wpt>
<wpt lat="52.018529479251562" lon="13.786834582943055">
</wpt>
<wpt lat="52.018529479251562" lon="13.801448036970624">
</wpt>
<wpt lat="52.018529479251562" lon="13.816061490998194">
</wpt>
<wpt lat="52.018529479251562" lon="13.830674945025764">
</wpt>
<wpt lat="52.018529479251562" lon="13.845288399053334">
</wpt>
<wpt lat="52.018529479251562" lon="14.327532381963143">
</wpt>
<wpt lat="52.018529479251562" lon="14.342145835990713">
</wpt>
<wpt lat="52.018529479251562" lon="14.356759290018283">
</wpt>
<wpt lat="52.018529479251562" lon="14.371372744045853">
</wpt>
<wpt lat="52.018529479251562" lon="14.385986198073423">
</wpt>
<wpt lat="52.018529479251562" lon="14.400599652100993">
</wpt>
<wpt lat="52.018529479251562" lon="14.415213106128563">
</wpt>
<wpt lat="52.018529479251562" lon="14.473666922238843">
</wpt>
<wpt lat="52.018529479251562" lon="14.488280376266413">
</wpt>
<wpt lat="52.018529479251562" lon="14.546734192376693">
</wpt>
<wpt lat="52.018529479251562" lon="14.561347646404263">
</wpt>
<wpt lat="52.027522695310751" lon="9.286578372349835">
</wpt>
<wpt lat="52.027522695310751" lon="9.301194764966715">
</wpt>
<wpt lat="52.027522695310751" lon="10.207411107213252">
</wpt>
<wpt lat="52.027522695310751" lon="10.222027499830132">
</wpt>
<wpt lat="52.027522695310751" lon="13.788427298348763">
</wpt>
<wpt lat="52.027522695310751" lon="13.803043690965643">
</wpt>
<wpt lat="52.027522695310751" lon="14.095371543303235">
</wpt>
<wpt lat="52.027522695310751" lon="14.475397751342106">
</wpt>
<wpt lat="52.027522695310751" lon="14.490014143958986">
</wpt>
<wpt lat="52.027522695310751" lon="14.533863321809624">
</wpt>
<wpt lat="52.027522695310751" lon="14.548479714426504">
</wpt>
<wpt lat="52.036515911369939" lon="10.237522991802171">
</wpt>
<wpt lat="52.036515911369939" lon="10.252142324550674">
</wpt>
<wpt lat="52.036515911369939" lon="13.044434879514602">
</wpt>
<wpt lat="52.036515911369939" lon="13.965452842670244">
</wpt>
<wpt lat="52.036515911369939" lon="13.980072175418746">
</wpt>
<wpt lat="52.036515911369939" lon="14.213981499394782">
</wpt>
<wpt lat="52.036515911369939" lon="14.228600832143284">
</wpt>
<wpt lat="52.036515911369939" lon="14.243220164891786">
</wpt>
<wpt lat="52.036515911369939" lon="14.46251015611932">
</wpt>
<wpt lat="52.036515911369939" lon="14.477129488867822">
</wpt>
<wpt lat="52.036515911369939" lon="14.491748821616325">
</wpt>
<wpt lat="52.036515911369939" lon="14.506368154364827">
</wpt>
<wpt lat="52.036515911369939" lon="14.520987487113329">
</wpt>
<wpt lat="52.045509127429128" lon="10.238402552630767">
</wpt>
<wpt lat="52.045509127429128" lon="13.031256967521992">
</wpt>
<wpt lat="52.045509127429128" lon="13.967082530626906">
</wpt>
<wpt lat="52.045509127429128" lon="13.98170480505042">
</wpt>
<wpt lat="52.045509127429128" lon="14.18641664697962">
</wpt>
<wpt lat="52.045509127429128" lon="14.201038921403134">
</wpt>
<wpt lat="52.045509127429128" lon="14.215661195826648">
</wpt>
<wpt lat="52.045509127429128" lon="14.230283470250162">
</wpt>
<wpt lat="52.045509127429128" lon="14.464239861026391">
</wpt>
<wpt lat="52.045509127429128" lon="14.478862135449905">
</wpt>
<wpt lat="52.045509127429128" lon="14.493484409873419">
</wpt>
<wpt lat="52.045509127429128" lon="14.508106684296934">
</wpt>
<wpt lat="52.045509127429128" lon="14.625084879685048">
</wpt>
<wpt lat="52.054502343488316" lon="9.44952082253339">
</wpt>
<wpt lat="52.054502343488316" lon="9.464146040176384">
</wpt>
<wpt lat="52.054502343488316" lon="13.018073927423917">
</wpt>
<wpt lat="52.054502343488316" lon="13.032699145066911">
</wpt>
<wpt lat="52.054502343488316" lon="14.202716556506427">
</wpt>
<wpt lat="52.054502343488316" lon="14.217341774149421">
</wpt>
<wpt lat="52.054502343488316" lon="14.231966991792415">
</wpt>
<wpt lat="52.054502343488316" lon="14.480595691723313">
</wpt>
<wpt lat="52.054502343488316" lon="14.495220909366306">
</wpt>
<wpt lat="52.054502343488316" lon="14.5098461270093">
</wpt>
<wpt lat="52.054502343488316" lon="14.626847868153252">
</wpt>
<wpt lat="52.063495559547505" lon="12.17108049785503">
</wpt>
<wpt lat="52.063495559547505" lon="12.873232293439798">
</wpt>
<wpt lat="52.063495559547505" lon="12.887860455847814">
</wpt>
<wpt lat="52.063495559547505" lon="13.004885755111943">
</wpt>
<wpt lat="52.063495559547505" lon="13.019513917519959">
</wpt>
<wpt lat="52.063495559547505" lon="13.034142079927975">
</wpt>
<wpt lat="52.063495559547505" lon="13.941088149224967">
</wpt>
<wpt lat="52.063495559547505" lon="14.233651397385287">
</wpt>
<wpt lat="52.063495559547505" lon="14.248279559793303">
</wpt>
<wpt lat="52.063495559547505" lon="14.48233015832156">
</wpt>
<wpt lat="52.063495559547505" lon="14.496958320729576">
</wpt>
<wpt lat="52.072488775606693" lon="8.134164351547774">
</wpt>
<wpt lat="52.072488775606693" lon="12.991692446475632">
</wpt>
<wpt lat="52.072488775606693" lon="13.006323555195294">
</wpt>
<wpt lat="52.072488775606693" lon="13.781772317337392">
</wpt>
<wpt lat="52.072488775606693" lon="13.89882118709469">
</wpt>
<wpt lat="52.072488775606693" lon="13.913452295814352">
</wpt>
<wpt lat="52.072488775606693" lon="13.928083404534014">
</wpt>
<wpt lat="52.072488775606693" lon="13.942714513253677">
</wpt>
<wpt lat="52.072488775606693" lon="14.001238948132325">
</wpt>
<wpt lat="52.072488775606693" lon="14.089025600450299">
</wpt>
<wpt lat="52.072488775606693" lon="14.235336687646921">
</wpt>
<wpt lat="52.072488775606693" lon="14.249967796366583">
</wpt>
<wpt lat="52.081481991665882" lon="6.729751838161745">
</wpt>
<wpt lat="52.081481991665882" lon="8.119987213167944">
</wpt>
<wpt lat="52.081481991665882" lon="8.134621269746956">
</wpt>
<wpt lat="52.081481991665882" lon="9.041932777645739">
</wpt>
<wpt lat="52.081481991665882" lon="9.056566834224752">
</wpt>
<wpt lat="52.081481991665882" lon="12.978493997400134">
</wpt>
<wpt lat="52.081481991665882" lon="12.993128053979147">
</wpt>
<wpt lat="52.081481991665882" lon="13.885805505298917">
</wpt>
<wpt lat="52.081481991665882" lon="14.002877957931018">
</wpt>
<wpt lat="52.081481991665882" lon="14.01751201451003">
</wpt>
<wpt lat="52.081481991665882" lon="14.032146071089043">
</wpt>
<wpt lat="52.081481991665882" lon="14.061414184247068">
</wpt>
<wpt lat="52.081481991665882" lon="14.076048240826081">
</wpt>
<wpt lat="52.081481991665882" lon="14.090682297405094">
</wpt>
<wpt lat="52.081481991665882" lon="14.105316353984106">
</wpt>
<wpt lat="52.081481991665882" lon="14.471167768459422">
</wpt>
<wpt lat="52.090475207725071" lon="9.04257279921082">
</wpt>
<wpt lat="52.090475207725071" lon="9.057209805197967">
</wpt>
<wpt lat="52.090475207725071" lon="12.979927409753426">
</wpt>
<wpt lat="52.090475207725071" lon="12.994564415740573">
</wpt>
<wpt lat="52.090475207725071" lon="13.872784774969407">
</wpt>
<wpt lat="52.090475207725071" lon="14.019154834840879">
</wpt>
<wpt lat="52.090475207725071" lon="14.033791840828027">
</wpt>
<wpt lat="52.090475207725071" lon="14.048428846815174">
</wpt>
<wpt lat="52.090475207725071" lon="14.12161387675091">
</wpt>
<wpt lat="52.090475207725071" lon="14.399716990506708">
</wpt>
<wpt lat="52.090475207725071" lon="14.458265014455296">
</wpt>
<wpt lat="52.090475207725071" lon="14.707094116236799">
</wpt>
<wpt lat="52.099468423784259" lon="7.886656558430282">
</wpt>
<wpt lat="52.099468423784259" lon="9.028573200151808">
</wpt>
<wpt lat="52.099468423784259" lon="10.316889411324819">
</wpt>
<wpt lat="52.099468423784259" lon="12.278643641974632">
</wpt>
<wpt lat="52.099468423784259" lon="13.815839121215157">
</wpt>
<wpt lat="52.099468423784259" lon="13.830479078160305">
</wpt>
<wpt lat="52.099468423784259" lon="13.845119035105453">
</wpt>
<wpt lat="52.099468423784259" lon="13.859758992050601">
</wpt>
<wpt lat="52.099468423784259" lon="13.874398948995749">
</wpt>
<wpt lat="52.099468423784259" lon="14.020798518447227">
</wpt>
<wpt lat="52.099468423784259" lon="14.035438475392375">
</wpt>
<wpt lat="52.099468423784259" lon="14.386797442075924">
</wpt>
<wpt lat="52.099468423784259" lon="14.401437399021072">
</wpt>
<wpt lat="52.099468423784259" lon="14.41607735596622">
</wpt>
<wpt lat="52.099468423784259" lon="14.430717312911368">
</wpt>
<wpt lat="52.099468423784259" lon="14.445357269856515">
</wpt>
<wpt lat="52.099468423784259" lon="14.694236537924029">
</wpt>
<wpt lat="52.108461639843448" lon="12.265293931440082">
</wpt>
<wpt lat="52.108461639843448" lon="12.279936840894178">
</wpt>
<wpt lat="52.108461639843448" lon="12.294579750348275">
</wpt>
<wpt lat="52.108461639843448" lon="12.309222659802371">
</wpt>
<wpt lat="52.108461639843448" lon="13.319583412135016">
</wpt>
<wpt lat="52.108461639843448" lon="13.334226321589112">
</wpt>
<wpt lat="52.108461639843448" lon="13.348869231043208">
</wpt>
<wpt lat="52.108461639843448" lon="13.392797959405497">
</wpt>
<wpt lat="52.108461639843448" lon="13.81744233357429">
</wpt>
<wpt lat="52.108461639843448" lon="13.832085243028386">
</wpt>
<wpt lat="52.108461639843448" lon="13.846728152482482">
</wpt>
<wpt lat="52.108461639843448" lon="13.861371061936579">
</wpt>
<wpt lat="52.108461639843448" lon="13.876013971390675">
</wpt>
<wpt lat="52.108461639843448" lon="14.022443065931638">
</wpt>
<wpt lat="52.108461639843448" lon="14.037085975385734">
</wpt>
<wpt lat="52.108461639843448" lon="14.359229983375853">
</wpt>
<wpt lat="52.108461639843448" lon="14.373872892829949">
</wpt>
<wpt lat="52.108461639843448" lon="14.388515802284045">
</wpt>
<wpt lat="52.117454855902636" lon="12.237293129059662">
</wpt>
<wpt lat="52.117454855902636" lon="12.251938992574742">
</wpt>
<wpt lat="52.117454855902636" lon="12.266584856089821">
</wpt>
<wpt lat="52.117454855902636" lon="12.281230719604901">
</wpt>
<wpt lat="52.117454855902636" lon="12.295876583119981">
</wpt>
<wpt lat="52.117454855902636" lon="12.31052244663506">
</wpt>
<wpt lat="52.117454855902636" lon="12.940294577783487">
</wpt>
<wpt lat="52.117454855902636" lon="12.954940441298566">
</wpt>
<wpt lat="52.117454855902636" lon="13.306441165660479">
</wpt>
<wpt lat="52.117454855902636" lon="13.321087029175558">
</wpt>
<wpt lat="52.117454855902636" lon="13.335732892690638">
</wpt>
<wpt lat="52.117454855902636" lon="13.350378756205718">
</wpt>
<wpt lat="52.117454855902636" lon="13.365024619720797">
</wpt>
<wpt lat="52.117454855902636" lon="13.379670483235877">
</wpt>
<wpt lat="52.117454855902636" lon="13.394316346750957">
</wpt>
<wpt lat="52.117454855902636" lon="13.819046388688268">
</wpt>
<wpt lat="52.117454855902636" lon="13.833692252203347">
</wpt>
<wpt lat="52.117454855902636" lon="13.848338115718427">
</wpt>
<wpt lat="52.117454855902636" lon="13.862983979233507">
</wpt>
<wpt lat="52.117454855902636" lon="13.877629842748586">
</wpt>
<wpt lat="52.117454855902636" lon="13.892275706263666">
</wpt>
<wpt lat="52.117454855902636" lon="14.024088477899383">
</wpt>
<wpt lat="52.117454855902636" lon="14.141255386020021">
</wpt>
<wpt lat="52.117454855902636" lon="14.317005748200977">
</wpt>
<wpt lat="52.117454855902636" lon="14.331651611716056">
</wpt>
<wpt lat="52.117454855902636" lon="14.346297475231136">
</wpt>
<wpt lat="52.117454855902636" lon="14.360943338746216">
</wpt>
<wpt lat="52.117454855902636" lon="14.375589202261295">
</wpt>
<wpt lat="52.126448071961825" lon="9.675035473586881">
</wpt>
<wpt lat="52.126448071961825" lon="12.238578821193348">
</wpt>
<wpt lat="52.126448071961825" lon="12.253227640322528">
</wpt>
<wpt lat="52.126448071961825" lon="12.267876459451708">
</wpt>
<wpt lat="52.126448071961825" lon="12.282525278580888">
</wpt>
<wpt lat="52.126448071961825" lon="12.297174097710068">
</wpt>
<wpt lat="52.126448071961825" lon="12.311822916839247">
</wpt>
<wpt lat="52.126448071961825" lon="12.326471735968427">
</wpt>
<wpt lat="52.126448071961825" lon="12.9270733202648">
</wpt>
<wpt lat="52.126448071961825" lon="12.941722139393979">
</wpt>
<wpt lat="52.126448071961825" lon="12.956370958523159">
</wpt>
<wpt lat="52.126448071961825" lon="13.088210330685778">
</wpt>
<wpt lat="52.126448071961825" lon="13.293293798494295">
</wpt>
<wpt lat="52.126448071961825" lon="13.307942617623475">
</wpt>
<wpt lat="52.126448071961825" lon="13.322591436752655">
</wpt>
<wpt lat="52.126448071961825" lon="13.337240255881834">
</wpt>
<wpt lat="52.126448071961825" lon="13.542323723690352">
</wpt>
<wpt lat="52.126448071961825" lon="13.556972542819532">
</wpt>
<wpt lat="52.126448071961825" lon="13.571621361948711">
</wpt>
<wpt lat="52.126448071961825" lon="13.806002468015588">
</wpt>
<wpt lat="52.126448071961825" lon="13.820651287144768">
</wpt>
<wpt lat="52.126448071961825" lon="13.835300106273948">
</wpt>
<wpt lat="52.126448071961825" lon="13.864597744532308">
</wpt>
<wpt lat="52.126448071961825" lon="13.879246563661487">
</wpt>
<wpt lat="52.126448071961825" lon="13.893895382790667">
</wpt>
<wpt lat="52.126448071961825" lon="13.908544201919847">
</wpt>
<wpt lat="52.126448071961825" lon="14.011085935824106">
</wpt>
<wpt lat="52.126448071961825" lon="14.025734754953286">
</wpt>
<wpt lat="52.126448071961825" lon="14.040383574082465">
</wpt>
<wpt lat="52.126448071961825" lon="14.142925307986724">
</wpt>
<wpt lat="52.126448071961825" lon="14.201520584503443">
</wpt>
<wpt lat="52.126448071961825" lon="14.304062318407702">
</wpt>
<wpt lat="52.126448071961825" lon="14.318711137536882">
</wpt>
<wpt lat="52.126448071961825" lon="14.333359956666062">
</wpt>
<wpt lat="52.126448071961825" lon="14.348008775795241">
</wpt>
<wpt lat="52.126448071961825" lon="14.362657594924421">
</wpt>
<wpt lat="52.135441288021013" lon="12.239865189406878">
</wpt>
<wpt lat="52.135441288021013" lon="12.254516965704365">
</wpt>
<wpt lat="52.135441288021013" lon="12.269168742001852">
</wpt>
<wpt lat="52.135441288021013" lon="12.28382051829934">
</wpt>
<wpt lat="52.135441288021013" lon="12.298472294596827">
</wpt>
<wpt lat="52.135441288021013" lon="12.313124070894315">
</wpt>
<wpt lat="52.135441288021013" lon="12.327775847191802">
</wpt>
<wpt lat="52.135441288021013" lon="12.342427623489289">
</wpt>
<wpt lat="52.135441288021013" lon="12.957802227983759">
</wpt>
<wpt lat="52.135441288021013" lon="13.089668214661145">
</wpt>
<wpt lat="52.135441288021013" lon="13.104319990958633">
</wpt>
<wpt lat="52.135441288021013" lon="13.280141306528481">
</wpt>
<wpt lat="52.135441288021013" lon="13.294793082825969">
</wpt>
<wpt lat="52.135441288021013" lon="13.309444859123456">
</wpt>
<wpt lat="52.135441288021013" lon="13.324096635420943">
</wpt>
<wpt lat="52.135441288021013" lon="13.338748411718431">
</wpt>
<wpt lat="52.135441288021013" lon="13.529221503585767">
</wpt>
<wpt lat="52.135441288021013" lon="13.543873279883254">
</wpt>
<wpt lat="52.135441288021013" lon="13.558525056180741">
</wpt>
<wpt lat="52.135441288021013" lon="13.573176832478229">
</wpt>
<wpt lat="52.135441288021013" lon="13.719694595453102">
</wpt>
<wpt lat="52.135441288021013" lon="13.792953476940539">
</wpt>
<wpt lat="52.135441288021013" lon="13.807605253238027">
</wpt>
<wpt lat="52.135441288021013" lon="13.880864134725464">
</wpt>
<wpt lat="52.135441288021013" lon="13.998078345105363">
</wpt>
<wpt lat="52.135441288021013" lon="14.01273012140285">
</wpt>
<wpt lat="52.135441288021013" lon="14.027381897700337">
</wpt>
<wpt lat="52.135441288021013" lon="14.042033673997825">
</wpt>
<wpt lat="52.135441288021013" lon="14.129944331782749">
</wpt>
<wpt lat="52.135441288021013" lon="14.203203213270186">
</wpt>
<wpt lat="52.135441288021013" lon="14.29111387105511">
</wpt>
<wpt lat="52.135441288021013" lon="14.305765647352597">
</wpt>
<wpt lat="52.135441288021013" lon="14.320417423650085">
</wpt>
<wpt lat="52.135441288021013" lon="14.335069199947572">
</wpt>
<wpt lat="52.135441288021013" lon="14.349720976245059">
</wpt>
<wpt lat="52.135441288021013" lon="14.364372752542547">
</wpt>
<wpt lat="52.144434504080202" lon="12.241152234171611">
</wpt>
<wpt lat="52.144434504080202" lon="12.255806969192696">
</wpt>
<wpt lat="52.144434504080202" lon="12.27046170421378">
</wpt>
<wpt lat="52.144434504080202" lon="12.285116439234864">
</wpt>
<wpt lat="52.144434504080202" lon="12.299771174255948">
</wpt>
<wpt lat="52.144434504080202" lon="12.314425909277032">
</wpt>
<wpt lat="52.144434504080202" lon="12.329080644298116">
</wpt>
<wpt lat="52.144434504080202" lon="12.97388898522582">
</wpt>
<wpt lat="52.144434504080202" lon="13.135091070457745">
</wpt>
<wpt lat="52.144434504080202" lon="13.14974580547883">
</wpt>
<wpt lat="52.144434504080202" lon="13.281638420668587">
</wpt>
<wpt lat="52.144434504080202" lon="13.296293155689671">
</wpt>
<wpt lat="52.144434504080202" lon="13.310947890710755">
</wpt>
<wpt lat="52.144434504080202" lon="13.32560262573184">
</wpt>
<wpt lat="52.144434504080202" lon="13.530768916027018">
</wpt>
<wpt lat="52.144434504080202" lon="13.545423651048102">
</wpt>
<wpt lat="52.144434504080202" lon="13.706625736280028">
</wpt>
<wpt lat="52.144434504080202" lon="13.779899411385449">
</wpt>
<wpt lat="52.144434504080202" lon="13.794554146406533">
</wpt>
<wpt lat="52.144434504080202" lon="13.809208881427617">
</wpt>
<wpt lat="52.144434504080202" lon="14.014375171722795">
</wpt>
<wpt lat="52.144434504080202" lon="14.02902990674388">
</wpt>
<wpt lat="52.144434504080202" lon="14.043684641764964">
</wpt>
<wpt lat="52.144434504080202" lon="14.058339376786048">
</wpt>
<wpt lat="52.144434504080202" lon="14.116958316870384">
</wpt>
<wpt lat="52.144434504080202" lon="14.131613051891469">
</wpt>
<wpt lat="52.144434504080202" lon="14.336779342186647">
</wpt>
<wpt lat="52.144434504080202" lon="14.351434077207731">
</wpt>
<wpt lat="52.153427720139391" lon="12.242439955962121">
</wpt>
<wpt lat="52.153427720139391" lon="12.257097651263184">
</wpt>
<wpt lat="52.153427720139391" lon="12.271755346564246">
</wpt>
<wpt lat="52.153427720139391" lon="12.286413041865309">
</wpt>
<wpt lat="52.153427720139391" lon="12.301070737166372">
</wpt>
<wpt lat="52.153427720139391" lon="12.315728432467434">
</wpt>
<wpt lat="52.153427720139391" lon="12.330386127768497">
</wpt>
<wpt lat="52.153427720139391" lon="12.975324721015253">
</wpt>
<wpt lat="52.153427720139391" lon="12.989982416316316">
</wpt>
<wpt lat="52.153427720139391" lon="13.151217064628005">
</wpt>
<wpt lat="52.153427720139391" lon="13.283136322337569">
</wpt>
<wpt lat="52.153427720139391" lon="13.297794017638632">
</wpt>
<wpt lat="52.153427720139391" lon="13.312451712939694">
</wpt>
<wpt lat="52.153427720139391" lon="13.327109408240757">
</wpt>
<wpt lat="52.153427720139391" lon="13.781497962573699">
</wpt>
<wpt lat="52.153427720139391" lon="13.796155657874762">
</wpt>
<wpt lat="52.153427720139391" lon="13.810813353175824">
</wpt>
<wpt lat="52.153427720139391" lon="14.016021087390701">
</wpt>
<wpt lat="52.153427720139391" lon="14.030678782691764">
</wpt>
<wpt lat="52.153427720139391" lon="14.045336477992826">
</wpt>
<wpt lat="52.153427720139391" lon="14.11862495449814">
</wpt>
<wpt lat="52.153427720139391" lon="14.338490384014079">
</wpt>
<wpt lat="52.153427720139391" lon="14.353148079315142">
</wpt>
<wpt lat="52.162420936198579" lon="7.816209899421705">
</wpt>
<wpt lat="52.162420936198579" lon="9.575488756042887">
</wpt>
<wpt lat="52.162420936198579" lon="9.590149413181397">
</wpt>
<wpt lat="52.162420936198579" lon="9.604810070319907">
</wpt>
<wpt lat="52.162420936198579" lon="12.243728355251697">
</wpt>
<wpt lat="52.162420936198579" lon="12.258389012390207">
</wpt>
<wpt lat="52.162420936198579" lon="12.273049669528717">
</wpt>
<wpt lat="52.162420936198579" lon="12.287710326667227">
</wpt>
<wpt lat="52.162420936198579" lon="12.302370983805737">
</wpt>
<wpt lat="52.162420936198579" lon="12.317031640944247">
</wpt>
<wpt lat="52.162420936198579" lon="12.331692298082757">
</wpt>
<wpt lat="52.162420936198579" lon="12.962100555038685">
</wpt>
<wpt lat="52.162420936198579" lon="12.976761212177195">
</wpt>
<wpt lat="52.162420936198579" lon="12.991421869315705">
</wpt>
<wpt lat="52.162420936198579" lon="13.006082526454215">
</wpt>
<wpt lat="52.162420936198579" lon="13.020743183592725">
</wpt>
<wpt lat="52.162420936198579" lon="13.035403840731234">
</wpt>
<wpt lat="52.162420936198579" lon="13.050064497869744">
</wpt>
<wpt lat="52.162420936198579" lon="13.152689097839314">
</wpt>
<wpt lat="52.162420936198579" lon="13.299295669224414">
</wpt>
<wpt lat="52.162420936198579" lon="13.783097354795242">
</wpt>
<wpt lat="52.162420936198579" lon="13.797758011933752">
</wpt>
<wpt lat="52.162420936198579" lon="13.812418669072262">
</wpt>
<wpt lat="52.162420936198579" lon="14.032328526149911">
</wpt>
<wpt lat="52.162420936198579" lon="14.120292468980971">
</wpt>
<wpt lat="52.162420936198579" lon="14.35486298319713">
</wpt>
<wpt lat="52.171414152257768" lon="9.546911254163389">
</wpt>
<wpt lat="52.171414152257768" lon="9.561574874697904">
</wpt>
<wpt lat="52.171414152257768" lon="9.576238495232419">
</wpt>
<wpt lat="52.171414152257768" lon="9.590902115766934">
</wpt>
<wpt lat="52.171414152257768" lon="9.605565736301449">
</wpt>
<wpt lat="52.171414152257768" lon="12.259681053048659">
</wpt>
<wpt lat="52.171414152257768" lon="12.274344673583174">
</wpt>
<wpt lat="52.171414152257768" lon="12.303671914652204">
</wpt>
<wpt lat="52.171414152257768" lon="12.318335535186719">
</wpt>
<wpt lat="52.171414152257768" lon="13.007525700308923">
</wpt>
<wpt lat="52.171414152257768" lon="13.154161905654073">
</wpt>
<wpt lat="52.171414152257768" lon="13.168825526188588">
</wpt>
<wpt lat="52.171414152257768" lon="13.770033968103702">
</wpt>
<wpt lat="52.171414152257768" lon="13.784697588638217">
</wpt>
<wpt lat="52.171414152257768" lon="13.799361209172732">
</wpt>
<wpt lat="52.171414152257768" lon="13.814024829707247">
</wpt>
<wpt lat="52.171414152257768" lon="13.828688450241762">
</wpt>
<wpt lat="52.171414152257768" lon="13.843352070776277">
</wpt>
<wpt lat="52.171414152257768" lon="13.858015691310792">
</wpt>
<wpt lat="52.171414152257768" lon="14.341915168949786">
</wpt>
<wpt lat="52.171414152257768" lon="14.356578789484301">
</wpt>
<wpt lat="52.180407368316956" lon="7.714332271761892">
</wpt>
<wpt lat="52.180407368316956" lon="9.576988629013957">
</wpt>
<wpt lat="52.180407368316956" lon="9.591655214504131">
</wpt>
<wpt lat="52.180407368316956" lon="9.606321799994305">
</wpt>
<wpt lat="52.180407368316956" lon="12.920970120773571">
</wpt>
<wpt lat="52.180407368316956" lon="13.155635488616351">
</wpt>
<wpt lat="52.180407368316956" lon="13.170302074106525">
</wpt>
<wpt lat="52.180407368316956" lon="13.771632079203648">
</wpt>
<wpt lat="52.180407368316956" lon="13.786298664693822">
</wpt>
<wpt lat="52.180407368316956" lon="13.800965250183996">
</wpt>
<wpt lat="52.180407368316956" lon="13.81563183567417">
</wpt>
<wpt lat="52.180407368316956" lon="13.830298421164343">
</wpt>
<wpt lat="52.180407368316956" lon="13.844965006654517">
</wpt>
<wpt lat="52.180407368316956" lon="14.343628913320424">
</wpt>
<wpt lat="52.180407368316956" lon="14.358295498810598">
</wpt>
<wpt lat="52.180407368316956" lon="14.372962084300772">
</wpt>
<wpt lat="52.189400584376145" lon="7.714706052828358">
</wpt>
<wpt lat="52.189400584376145" lon="13.157109847267725">
</wpt>
<wpt lat="52.189400584376145" lon="13.1717793992743">
</wpt>
<wpt lat="52.189400584376145" lon="14.345343559800313">
</wpt>
<wpt lat="52.189400584376145" lon="14.360013111806888">
</wpt>
<wpt lat="52.198393800435333" lon="7.715080030686384">
</wpt>
<wpt lat="52.198393800435333" lon="7.729752550771196">
</wpt>
<wpt lat="52.198393800435333" lon="7.744425070856009">
</wpt>
<wpt lat="52.198393800435333" lon="13.158584982151535">
</wpt>
<wpt lat="52.198393800435333" lon="13.540070504356638">
</wpt>
<wpt lat="52.198393800435333" lon="14.347059109021281">
</wpt>
<wpt lat="52.207387016494522" lon="13.541623626688112">
</wpt>
<wpt lat="52.216380232553711" lon="14.673419058706584">
</wpt>
<wpt lat="52.216380232553711" lon="14.688097519637761">
</wpt>
<wpt lat="52.225373448612899" lon="14.293485444659465">
</wpt>
<wpt lat="52.225373448612899" lon="14.308166878360963">
</wpt>
<wpt lat="52.225373448612899" lon="14.32284831206246">
</wpt>
<wpt lat="52.225373448612899" lon="14.675202720898396">
</wpt>
<wpt lat="52.225373448612899" lon="14.689884154599893">
</wpt>
<wpt lat="52.234366664672088" lon="13.032333622562517">
</wpt>
<wpt lat="52.234366664672088" lon="13.14980888686682">
</wpt>
<wpt lat="52.234366664672088" lon="13.164493294904858">
</wpt>
<wpt lat="52.234366664672088" lon="14.29519271383378">
</wpt>
<wpt lat="52.234366664672088" lon="14.309877121871818">
</wpt>
<wpt lat="52.234366664672088" lon="14.324561529909856">
</wpt>
<wpt lat="52.234366664672088" lon="14.339245937947894">
</wpt>
<wpt lat="52.234366664672088" lon="14.662302914784728">
</wpt>
<wpt lat="52.234366664672088" lon="14.676987322822766">
</wpt>
<wpt lat="52.234366664672088" lon="14.691671730860804">
</wpt>
<wpt lat="52.243359880731276" lon="13.136597551239904">
</wpt>
<wpt lat="52.243359880731276" lon="13.327533542484591">
</wpt>
<wpt lat="52.243359880731276" lon="14.076590123521443">
</wpt>
<wpt lat="52.243359880731276" lon="14.091277507463342">
</wpt>
<wpt lat="52.243359880731276" lon="14.311588266591828">
</wpt>
<wpt lat="52.243359880731276" lon="14.634710713313607">
</wpt>
<wpt lat="52.243359880731276" lon="14.649398097255506">
</wpt>
<wpt lat="52.243359880731276" lon="14.664085481197406">
</wpt>
<wpt lat="52.243359880731276" lon="14.678772865139305">
</wpt>
<wpt lat="52.243359880731276" lon="14.693460249081204">
</wpt>
<wpt lat="52.252353096790465" lon="12.785502726078052">
</wpt>
<wpt lat="52.252353096790465" lon="13.108690677189978">
</wpt>
<wpt lat="52.252353096790465" lon="13.123381038604157">
</wpt>
<wpt lat="52.252353096790465" lon="13.329046098402655">
</wpt>
<wpt lat="52.252353096790465" lon="14.092944891939934">
</wpt>
<wpt lat="52.252353096790465" lon="14.107635253354113">
</wpt>
<wpt lat="52.252353096790465" lon="14.636488264264537">
</wpt>
<wpt lat="52.252353096790465" lon="14.651178625678716">
</wpt>
<wpt lat="52.252353096790465" lon="14.665868987092894">
</wpt>
<wpt lat="52.261346312849653" lon="7.100583098302257">
</wpt>
<wpt lat="52.261346312849653" lon="8.569917143900183">
</wpt>
<wpt lat="52.261346312849653" lon="12.772212514310249">
</wpt>
<wpt lat="52.261346312849653" lon="14.109306495804361">
</wpt>
<wpt lat="52.261346312849653" lon="14.623573411763635">
</wpt>
<wpt lat="52.261346312849653" lon="14.638266752219614">
</wpt>
<wpt lat="52.270339528908842" lon="12.773613402149184">
</wpt>
<wpt lat="52.270339528908842" lon="13.06753982351724">
</wpt>
<wpt lat="52.279332744968031" lon="12.775015028698698">
</wpt>
<wpt lat="52.279332744968031" lon="14.127350927933337">
</wpt>
<wpt lat="52.279332744968031" lon="14.142050231185888">
</wpt>
<wpt lat="52.279332744968031" lon="14.186148140943539">
</wpt>
<wpt lat="52.279332744968031" lon="14.200847444196089">
</wpt>
<wpt lat="52.288325961027219" lon="12.247135062134729">
</wpt>
<wpt lat="52.288325961027219" lon="14.129027799354189">
</wpt>
<wpt lat="52.288325961027219" lon="14.143730086363716">
</wpt>
<wpt lat="52.288325961027219" lon="14.158432373373243">
</wpt>
<wpt lat="52.288325961027219" lon="14.17313466038277">
</wpt>
<wpt lat="52.288325961027219" lon="14.187836947392297">
</wpt>
<wpt lat="52.288325961027219" lon="14.202539234401824">
</wpt>
<wpt lat="52.297319177086408" lon="12.248430695750518">
</wpt>
<wpt lat="52.297319177086408" lon="12.263135968090957">
</wpt>
<wpt lat="52.297319177086408" lon="14.145410827667185">
</wpt>
<wpt lat="52.297319177086408" lon="14.160116100007624">
</wpt>
<wpt lat="52.297319177086408" lon="14.174821372348063">
</wpt>
<wpt lat="52.297319177086408" lon="14.189526644688502">
</wpt>
<wpt lat="52.297319177086408" lon="14.204231917028942">
</wpt>
<wpt lat="52.306312393145596" lon="12.235018753686999">
</wpt>
<wpt lat="52.306312393145596" lon="12.24972701293339">
</wpt>
<wpt lat="52.306312393145596" lon="12.26443527217978">
</wpt>
<wpt lat="52.306312393145596" lon="12.27914353142617">
</wpt>
<wpt lat="52.306312393145596" lon="12.793932605049831">
</wpt>
<wpt lat="52.306312393145596" lon="14.161800714964128">
</wpt>
<wpt lat="52.306312393145596" lon="14.176508974210519">
</wpt>
<wpt lat="52.306312393145596" lon="14.191217233456909">
</wpt>
<wpt lat="52.306312393145596" lon="14.205925492703299">
</wpt>
<wpt lat="52.315305609204785" lon="12.236312766436303">
</wpt>
<wpt lat="52.315305609204785" lon="12.251024014164793">
</wpt>
<wpt lat="52.315305609204785" lon="12.265735261893283">
</wpt>
<wpt lat="52.324298825263973" lon="12.222893224349331">
</wpt>
<wpt lat="52.324298825263973" lon="12.237607462137177">
</wpt>
<wpt lat="52.324298825263973" lon="12.252321699925023">
</wpt>
<wpt lat="52.324298825263973" lon="12.267035937712869">
</wpt>
<wpt lat="52.333292041323162" lon="12.224185611844403">
</wpt>
<wpt lat="52.34228525738235" lon="11.371705768392721">
</wpt>
<wpt lat="52.34228525738235" lon="11.386425991035482">
</wpt>
<wpt lat="52.34228525738235" lon="11.401146213678244">
</wpt>
<wpt lat="52.34228525738235" lon="12.210758459030133">
</wpt>
<wpt lat="52.351278473441539" lon="7.294494591732752">
</wpt>
<wpt lat="52.351278473441539" lon="7.559512505662541">
</wpt>
<wpt lat="52.351278473441539" lon="11.328656170441763">
</wpt>
<wpt lat="52.351278473441539" lon="11.372825822763394">
</wpt>
<wpt lat="52.351278473441539" lon="11.387549040203938">
</wpt>
<wpt lat="52.351278473441539" lon="11.402272257644482">
</wpt>
<wpt lat="52.351278473441539" lon="12.197325999433849">
</wpt>
<wpt lat="52.351278473441539" lon="12.212049216874393">
</wpt>
<wpt lat="52.360271689500728" lon="7.073892033242071">
</wpt>
<wpt lat="52.360271689500728" lon="7.545130875482879">
</wpt>
<wpt lat="52.360271689500728" lon="11.315041613409546">
</wpt>
<wpt lat="52.360271689500728" lon="11.329767827229572">
</wpt>
<wpt lat="52.360271689500728" lon="11.373946468689651">
</wpt>
<wpt lat="52.360271689500728" lon="11.388672682509677">
</wpt>
<wpt lat="52.360271689500728" lon="11.403398896329703">
</wpt>
<wpt lat="52.360271689500728" lon="12.198614442611115">
</wpt>
<wpt lat="52.360271689500728" lon="12.213340656431141">
</wpt>
<wpt lat="52.360271689500728" lon="12.228066870251167">
</wpt>
<wpt lat="52.369264905559916" lon="7.074137866150286">
</wpt>
<wpt lat="52.369264905559916" lon="11.286692435893967">
</wpt>
<wpt lat="52.369264905559916" lon="11.316150859458608">
</wpt>
<wpt lat="52.369264905559916" lon="11.330880071240928">
</wpt>
<wpt lat="52.369264905559916" lon="11.37506770658789">
</wpt>
<wpt lat="52.369264905559916" lon="11.389796918370211">
</wpt>
<wpt lat="52.369264905559916" lon="11.404526130152531">
</wpt>
<wpt lat="52.369264905559916" lon="12.214632778180162">
</wpt>
<wpt lat="52.369264905559916" lon="12.656509131649779">
</wpt>
<wpt lat="52.369264905559916" lon="12.671238343432099">
</wpt>
<wpt lat="52.369264905559916" lon="13.893762921364706">
</wpt>
<wpt lat="52.378258121619105" lon="7.427956900825519">
</wpt>
<wpt lat="52.378258121619105" lon="7.531082380125317">
</wpt>
<wpt lat="52.378258121619105" lon="11.155206366946805">
</wpt>
<wpt lat="52.378258121619105" lon="11.376189536874945">
</wpt>
<wpt lat="52.378258121619105" lon="11.390921748203487">
</wpt>
<wpt lat="52.378258121619105" lon="11.40565395953203">
</wpt>
<wpt lat="52.378258121619105" lon="11.420386170860573">
</wpt>
<wpt lat="52.378258121619105" lon="11.508779438831828">
</wpt>
<wpt lat="52.387251337678293" lon="7.413539808279924">
</wpt>
<wpt lat="52.387251337678293" lon="8.724973717202863">
</wpt>
<wpt lat="52.387251337678293" lon="8.739708929662671">
</wpt>
<wpt lat="52.387251337678293" lon="11.377311959968287">
</wpt>
<wpt lat="52.387251337678293" lon="11.392047172428095">
</wpt>
<wpt lat="52.387251337678293" lon="11.406782384887903">
</wpt>
<wpt lat="52.387251337678293" lon="11.421517597347711">
</wpt>
<wpt lat="52.387251337678293" lon="11.436252809807518">
</wpt>
<wpt lat="52.387251337678293" lon="11.450988022267326">
</wpt>
<wpt lat="52.387251337678293" lon="11.49519365964675">
</wpt>
<wpt lat="52.387251337678293" lon="11.509928872106558">
</wpt>
<wpt lat="52.387251337678293" lon="11.524664084566366">
</wpt>
<wpt lat="52.396244553737482" lon="8.696079814029003">
</wpt>
<wpt lat="52.396244553737482" lon="8.828723750624107">
</wpt>
<wpt lat="52.396244553737482" lon="10.317283483524713">
</wpt>
<wpt lat="52.396244553737482" lon="11.437387836994477">
</wpt>
<wpt lat="52.396244553737482" lon="11.45212605217171">
</wpt>
<wpt lat="52.396244553737482" lon="11.466864267348944">
</wpt>
<wpt lat="52.396244553737482" lon="11.481602482526178">
</wpt>
<wpt lat="52.396244553737482" lon="11.496340697703411">
</wpt>
<wpt lat="52.396244553737482" lon="11.511078912880645">
</wpt>
<wpt lat="52.396244553737482" lon="11.525817128057879">
</wpt>
<wpt lat="52.396244553737482" lon="11.540555343235113">
</wpt>
<wpt lat="52.40523776979667" lon="7.193052253374447">
</wpt>
<wpt lat="52.40523776979667" lon="7.207793472856385">
</wpt>
<wpt lat="52.40523776979667" lon="7.723736154724225">
</wpt>
<wpt lat="52.40523776979667" lon="7.738477374206163">
</wpt>
<wpt lat="52.40523776979667" lon="8.681915421050256">
</wpt>
<wpt lat="52.40523776979667" lon="8.814586396387709">
</wpt>
<wpt lat="52.40523776979667" lon="8.829327615869648">
</wpt>
<wpt lat="52.40523776979667" lon="8.844068835351587">
</wpt>
<wpt lat="52.40523776979667" lon="8.858810054833526">
</wpt>
<wpt lat="52.40523776979667" lon="8.873551274315465">
</wpt>
<wpt lat="52.40523776979667" lon="10.303449564063566">
</wpt>
<wpt lat="52.40523776979667" lon="11.453264683654822">
</wpt>
<wpt lat="52.40523776979667" lon="11.468005903136762">
</wpt>
<wpt lat="52.40523776979667" lon="11.482747122618701">
</wpt>
<wpt lat="52.40523776979667" lon="11.49748834210064">
</wpt>
<wpt lat="52.40523776979667" lon="11.512229561582579">
</wpt>
<wpt lat="52.40523776979667" lon="11.526970781064518">
</wpt>
<wpt lat="52.40523776979667" lon="11.541712000546458">
</wpt>
<wpt lat="52.40523776979667" lon="11.556453220028397">
</wpt>
<wpt lat="52.414230985855859" lon="7.163834333003505">
</wpt>
<wpt lat="52.414230985855859" lon="7.178578558378545">
</wpt>
<wpt lat="52.414230985855859" lon="7.193322783753585">
</wpt>
<wpt lat="52.414230985855859" lon="7.208067009128625">
</wpt>
<wpt lat="52.414230985855859" lon="7.694626446504939">
</wpt>
<wpt lat="52.414230985855859" lon="7.709370671879979">
</wpt>
<wpt lat="52.414230985855859" lon="8.682489546632608">
</wpt>
<wpt lat="52.414230985855859" lon="8.800443349632927">
</wpt>
<wpt lat="52.414230985855859" lon="8.815187575007966">
</wpt>
<wpt lat="52.414230985855859" lon="11.14477518426426">
</wpt>
<wpt lat="52.414230985855859" lon="11.1595194096393">
</wpt>
<wpt lat="52.414230985855859" lon="11.17426363501434">
</wpt>
<wpt lat="52.414230985855859" lon="11.189007860389379">
</wpt>
<wpt lat="52.414230985855859" lon="11.203752085764419">
</wpt>
<wpt lat="52.414230985855859" lon="11.218496311139459">
</wpt>
<wpt lat="52.414230985855859" lon="11.454403917140096">
</wpt>
<wpt lat="52.414230985855859" lon="11.528125044015296">
</wpt>
<wpt lat="52.414230985855859" lon="11.542869269390335">
</wpt>
<wpt lat="52.414230985855859" lon="11.557613494765375">
</wpt>
<wpt lat="52.414230985855859" lon="11.572357720140415">
</wpt>
<wpt lat="52.423224201915048" lon="7.13460452575854">
</wpt>
<wpt lat="52.423224201915048" lon="7.149351758616198">
</wpt>
<wpt lat="52.423224201915048" lon="7.164098991473855">
</wpt>
<wpt lat="52.423224201915048" lon="7.19359345718917">
</wpt>
<wpt lat="52.423224201915048" lon="7.694999374349523">
</wpt>
<wpt lat="52.423224201915048" lon="8.491349948662995">
</wpt>
<wpt lat="52.423224201915048" lon="8.68306397581253">
</wpt>
<wpt lat="52.423224201915048" lon="11.116357397325862">
</wpt>
<wpt lat="52.423224201915048" lon="11.131104630183518">
</wpt>
<wpt lat="52.423224201915048" lon="11.145851863041175">
</wpt>
<wpt lat="52.423224201915048" lon="11.160599095898831">
</wpt>
<wpt lat="52.423224201915048" lon="11.175346328756488">
</wpt>
<wpt lat="52.423224201915048" lon="11.190093561614145">
</wpt>
<wpt lat="52.423224201915048" lon="11.204840794471801">
</wpt>
<wpt lat="52.423224201915048" lon="11.219588027329458">
</wpt>
<wpt lat="52.423224201915048" lon="11.544027150197902">
</wpt>
<wpt lat="52.423224201915048" lon="11.558774383055558">
</wpt>
<wpt lat="52.423224201915048" lon="11.573521615913215">
</wpt>
<wpt lat="52.432217417974236" lon="7.134863306058509">
</wpt>
<wpt lat="52.432217417974236" lon="7.680622257502287">
</wpt>
<wpt lat="52.432217417974236" lon="7.6953724994332">
</wpt>
<wpt lat="52.432217417974236" lon="8.683638708804406">
</wpt>
<wpt lat="52.432217417974236" lon="9.096645482869992">
</wpt>
<wpt lat="52.432217417974236" lon="9.111395724800905">
</wpt>
<wpt lat="52.432217417974236" lon="11.146929111267008">
</wpt>
<wpt lat="52.432217417974236" lon="11.161679353197922">
</wpt>
<wpt lat="52.432217417974236" lon="11.176429595128836">
</wpt>
<wpt lat="52.432217417974236" lon="11.19117983705975">
</wpt>
<wpt lat="52.432217417974236" lon="11.205930078990663">
</wpt>
<wpt lat="52.432217417974236" lon="11.220680320921577">
</wpt>
<wpt lat="52.432217417974236" lon="11.235430562852491">
</wpt>
<wpt lat="52.432217417974236" lon="11.559935885332594">
</wpt>
<wpt lat="52.432217417974236" lon="11.574686127263508">
</wpt>
<wpt lat="52.441210634033425" lon="7.651486064107499">
</wpt>
<wpt lat="52.441210634033425" lon="7.666239316703429">
</wpt>
<wpt lat="52.441210634033425" lon="8.994032050337045">
</wpt>
<wpt lat="52.441210634033425" lon="9.082551565912619">
</wpt>
<wpt lat="52.441210634033425" lon="11.177513434534516">
</wpt>
<wpt lat="52.441210634033425" lon="11.192266687130445">
</wpt>
<wpt lat="52.441210634033425" lon="11.207019939726374">
</wpt>
<wpt lat="52.441210634033425" lon="11.221773192322303">
</wpt>
<wpt lat="52.441210634033425" lon="11.236526444918232">
</wpt>
<wpt lat="52.441210634033425" lon="11.25127969751416">
</wpt>
<wpt lat="52.441210634033425" lon="11.266032950110089">
</wpt>
<wpt lat="52.441210634033425" lon="11.280786202706018">
</wpt>
<wpt lat="52.441210634033425" lon="11.38405897087752">
</wpt>
<wpt lat="52.441210634033425" lon="11.413565476069378">
</wpt>
<wpt lat="52.441210634033425" lon="11.428318728665307">
</wpt>
<wpt lat="52.441210634033425" lon="11.575851254624595">
</wpt>
<wpt lat="52.441210634033425" lon="12.741358209702975">
</wpt>
<wpt lat="52.450203850092613" lon="6.869768510060423">
</wpt>
<wpt lat="52.450203850092613" lon="7.6518505473134">
</wpt>
<wpt lat="52.450203850092613" lon="8.994670649011907">
</wpt>
<wpt lat="52.450203850092613" lon="11.178597847378709">
</wpt>
<wpt lat="52.450203850092613" lon="11.193354112232539">
</wpt>
<wpt lat="52.450203850092613" lon="11.208110377086369">
</wpt>
<wpt lat="52.450203850092613" lon="11.222866641940199">
</wpt>
<wpt lat="52.450203850092613" lon="11.237622906794028">
</wpt>
<wpt lat="52.450203850092613" lon="11.252379171647858">
</wpt>
<wpt lat="52.450203850092613" lon="11.267135436501688">
</wpt>
<wpt lat="52.450203850092613" lon="11.281891701355518">
</wpt>
<wpt lat="52.450203850092613" lon="11.385185555332326">
</wpt>
<wpt lat="52.450203850092613" lon="11.399941820186156">
</wpt>
<wpt lat="52.450203850092613" lon="11.414698085039985">
</wpt>
<wpt lat="52.450203850092613" lon="11.429454349893815">
</wpt>
<wpt lat="52.450203850092613" lon="11.562260733578283">
</wpt>
<wpt lat="52.450203850092613" lon="11.577016998432113">
</wpt>
<wpt lat="52.450203850092613" lon="12.801786981299982">
</wpt>
<wpt lat="52.459197066151802" lon="6.81093633716719">
</wpt>
<wpt lat="52.459197066151802" lon="8.951031749499105">
</wpt>
<wpt lat="52.459197066151802" lon="11.238719948888393">
</wpt>
<wpt lat="52.459197066151802" lon="11.253479227594131">
</wpt>
<wpt lat="52.459197066151802" lon="11.268238506299868">
</wpt>
<wpt lat="52.459197066151802" lon="11.282997785005605">
</wpt>
<wpt lat="52.459197066151802" lon="11.386312735945767">
</wpt>
<wpt lat="52.459197066151802" lon="11.401072014651504">
</wpt>
<wpt lat="52.459197066151802" lon="11.415831293357241">
</wpt>
<wpt lat="52.459197066151802" lon="11.430590572062979">
</wpt>
<wpt lat="52.459197066151802" lon="11.563424080414615">
</wpt>
<wpt lat="52.459197066151802" lon="11.578183359120352">
</wpt>
<wpt lat="52.459197066151802" lon="11.59294263782609">
</wpt>
<wpt lat="52.459197066151802" lon="11.681498310060514">
</wpt>
<wpt lat="52.459197066151802" lon="11.696257588766251">
</wpt>
<wpt lat="52.46819028221099" lon="6.766842443319449">
</wpt>
<wpt lat="52.46819028221099" lon="6.781604737472227">
</wpt>
<wpt lat="52.46819028221099" lon="6.796367031625005">
</wpt>
<wpt lat="52.46819028221099" lon="8.316883329361124">
</wpt>
<wpt lat="52.46819028221099" lon="8.597366918263903">
</wpt>
<wpt lat="52.46819028221099" lon="8.612129212416681">
</wpt>
<wpt lat="52.46819028221099" lon="8.700702977333348">
</wpt>
<wpt lat="52.46819028221099" lon="8.789276742250015">
</wpt>
<wpt lat="52.46819028221099" lon="8.804039036402793">
</wpt>
<wpt lat="52.46819028221099" lon="11.387440513138918">
</wpt>
<wpt lat="52.46819028221099" lon="11.402202807291696">
</wpt>
<wpt lat="52.46819028221099" lon="11.416965101444474">
</wpt>
<wpt lat="52.46819028221099" lon="11.431727395597251">
</wpt>
<wpt lat="52.46819028221099" lon="11.446489689750029">
</wpt>
<wpt lat="52.46819028221099" lon="11.549825748819474">
</wpt>
<wpt lat="52.46819028221099" lon="11.564588042972252">
</wpt>
<wpt lat="52.46819028221099" lon="11.57935033712503">
</wpt>
<wpt lat="52.46819028221099" lon="11.594112631277808">
</wpt>
<wpt lat="52.46819028221099" lon="11.608874925430586">
</wpt>
<wpt lat="52.46819028221099" lon="11.653161807888919">
</wpt>
<wpt lat="52.46819028221099" lon="11.667924102041697">
</wpt>
<wpt lat="52.46819028221099" lon="11.682686396194475">
</wpt>
<wpt lat="52.46819028221099" lon="11.697448690347253">
</wpt>
<wpt lat="52.46819028221099" lon="11.712210984500031">
</wpt>
<wpt lat="52.46819028221099" lon="11.726973278652808">
</wpt>
<wpt lat="52.46819028221099" lon="12.775096163500036">
</wpt>
<wpt lat="52.477183498270179" lon="6.767026482960835">
</wpt>
<wpt lat="52.477183498270179" lon="6.781791794156915">
</wpt>
<wpt lat="52.477183498270179" lon="8.302618847353079">
</wpt>
<wpt lat="52.477183498270179" lon="8.317384158549158">
</wpt>
<wpt lat="52.477183498270179" lon="8.332149469745238">
</wpt>
<wpt lat="52.477183498270179" lon="8.465037270509951">
</wpt>
<wpt lat="52.477183498270179" lon="8.47980258170603">
</wpt>
<wpt lat="52.477183498270179" lon="8.597925071274664">
</wpt>
<wpt lat="52.477183498270179" lon="8.612690382470744">
</wpt>
<wpt lat="52.477183498270179" lon="8.701282249647219">
</wpt>
<wpt lat="52.477183498270179" lon="8.716047560843299">
</wpt>
<wpt lat="52.477183498270179" lon="8.775108805627616">
</wpt>
<wpt lat="52.477183498270179" lon="8.789874116823695">
</wpt>
<wpt lat="52.477183498270179" lon="8.804639428019774">
</wpt>
<wpt lat="52.477183498270179" lon="8.819404739215853">
</wpt>
<wpt lat="52.477183498270179" lon="11.004670796235585">
</wpt>
<wpt lat="52.477183498270179" lon="11.019436107431664">
</wpt>
<wpt lat="52.477183498270179" lon="11.034201418627744">
</wpt>
<wpt lat="52.477183498270179" lon="11.388568887333646">
</wpt>
<wpt lat="52.477183498270179" lon="11.403334198529725">
</wpt>
<wpt lat="52.477183498270179" lon="11.418099509725804">
</wpt>
<wpt lat="52.477183498270179" lon="11.432864820921884">
</wpt>
<wpt lat="52.477183498270179" lon="11.447630132117963">
</wpt>
<wpt lat="52.477183498270179" lon="11.462395443314042">
</wpt>
<wpt lat="52.477183498270179" lon="11.536221999294439">
</wpt>
<wpt lat="52.477183498270179" lon="11.550987310490518">
</wpt>
<wpt lat="52.477183498270179" lon="11.565752621686597">
</wpt>
<wpt lat="52.477183498270179" lon="11.580517932882676">
</wpt>
<wpt lat="52.477183498270179" lon="11.595283244078756">
</wpt>
<wpt lat="52.477183498270179" lon="11.610048555274835">
</wpt>
<wpt lat="52.477183498270179" lon="11.624813866470914">
</wpt>
<wpt lat="52.477183498270179" lon="11.639579177666993">
</wpt>
<wpt lat="52.477183498270179" lon="11.654344488863073">
</wpt>
<wpt lat="52.477183498270179" lon="11.728171044843469">
</wpt>
<wpt lat="52.477183498270179" lon="11.772466978431707">
</wpt>
<wpt lat="52.477183498270179" lon="11.787232289627786">
</wpt>
<wpt lat="52.477183498270179" lon="11.831528223216024">
</wpt>
<wpt lat="52.477183498270179" lon="11.846293534412103">
</wpt>
<wpt lat="52.477183498270179" lon="12.289252870294481">
</wpt>
<wpt lat="52.486176714329368" lon="6.752442290206067">
</wpt>
<wpt lat="52.486176714329368" lon="8.303116923066685">
</wpt>
<wpt lat="52.486176714329368" lon="8.317885252903453">
</wpt>
<wpt lat="52.486176714329368" lon="8.480336881107899">
</wpt>
<wpt lat="52.486176714329368" lon="8.495105210944667">
</wpt>
<wpt lat="52.486176714329368" lon="8.509873540781435">
</wpt>
<wpt lat="52.486176714329368" lon="8.554178530291738">
</wpt>
<wpt lat="52.486176714329368" lon="8.687093498822648">
</wpt>
<wpt lat="52.486176714329368" lon="8.701861828659416">
</wpt>
<wpt lat="52.486176714329368" lon="8.716630158496184">
</wpt>
<wpt lat="52.486176714329368" lon="8.731398488332951">
</wpt>
<wpt lat="52.486176714329368" lon="8.746166818169719">
</wpt>
<wpt lat="52.486176714329368" lon="8.760935148006487">
</wpt>
<wpt lat="52.486176714329368" lon="8.775703477843255">
</wpt>
<wpt lat="52.486176714329368" lon="8.790471807680023">
</wpt>
<wpt lat="52.486176714329368" lon="8.80524013751679">
</wpt>
<wpt lat="52.486176714329368" lon="8.820008467353558">
</wpt>
<wpt lat="52.486176714329368" lon="8.834776797190326">
</wpt>
<wpt lat="52.486176714329368" lon="10.990952953358423">
</wpt>
<wpt lat="52.486176714329368" lon="11.005721283195191">
</wpt>
<wpt lat="52.486176714329368" lon="11.020489613031959">
</wpt>
<wpt lat="52.486176714329368" lon="11.035257942868727">
</wpt>
<wpt lat="52.486176714329368" lon="11.050026272705495">
</wpt>
<wpt lat="52.486176714329368" lon="11.389697858951154">
</wpt>
<wpt lat="52.486176714329368" lon="11.404466188787922">
</wpt>
<wpt lat="52.486176714329368" lon="11.419234518624689">
</wpt>
<wpt lat="52.486176714329368" lon="11.434002848461457">
</wpt>
<wpt lat="52.486176714329368" lon="11.448771178298225">
</wpt>
<wpt lat="52.486176714329368" lon="11.463539508134993">
</wpt>
<wpt lat="52.486176714329368" lon="11.47830783797176">
</wpt>
<wpt lat="52.486176714329368" lon="11.493076167808528">
</wpt>
<wpt lat="52.486176714329368" lon="11.507844497645296">
</wpt>
<wpt lat="52.486176714329368" lon="11.522612827482064">
</wpt>
<wpt lat="52.486176714329368" lon="11.537381157318832">
</wpt>
<wpt lat="52.486176714329368" lon="11.552149487155599">
</wpt>
<wpt lat="52.486176714329368" lon="11.566917816992367">
</wpt>
<wpt lat="52.486176714329368" lon="11.581686146829135">
</wpt>
<wpt lat="52.486176714329368" lon="11.596454476665903">
</wpt>
<wpt lat="52.486176714329368" lon="11.611222806502671">
</wpt>
<wpt lat="52.486176714329368" lon="11.625991136339438">
</wpt>
<wpt lat="52.486176714329368" lon="11.640759466176206">
</wpt>
<wpt lat="52.486176714329368" lon="11.655527796012974">
</wpt>
<wpt lat="52.486176714329368" lon="14.22521718761057">
</wpt>
<wpt lat="52.495169930388556" lon="6.752623504558338">
</wpt>
<wpt lat="52.495169930388556" lon="8.303615262535411">
</wpt>
<wpt lat="52.495169930388556" lon="8.318386612611382">
</wpt>
<wpt lat="52.495169930388556" lon="8.480871463447068">
</wpt>
<wpt lat="52.495169930388556" lon="8.495642813523039">
</wpt>
<wpt lat="52.495169930388556" lon="8.510414163599011">
</wpt>
<wpt lat="52.495169930388556" lon="8.525185513674982">
</wpt>
<wpt lat="52.495169930388556" lon="8.539956863750954">
</wpt>
<wpt lat="52.495169930388556" lon="8.672899014434696">
</wpt>
<wpt lat="52.495169930388556" lon="8.687670364510668">
</wpt>
<wpt lat="52.495169930388556" lon="8.702441714586639">
</wpt>
<wpt lat="52.495169930388556" lon="8.71721306466261">
</wpt>
<wpt lat="52.495169930388556" lon="8.731984414738582">
</wpt>
<wpt lat="52.495169930388556" lon="8.746755764814553">
</wpt>
<wpt lat="52.495169930388556" lon="8.761527114890525">
</wpt>
<wpt lat="52.495169930388556" lon="8.776298464966496">
</wpt>
<wpt lat="52.495169930388556" lon="8.791069815042468">
</wpt>
<wpt lat="52.495169930388556" lon="8.805841165118439">
</wpt>
<wpt lat="52.495169930388556" lon="8.82061251519441">
</wpt>
<wpt lat="52.495169930388556" lon="8.835383865270382">
</wpt>
<wpt lat="52.495169930388556" lon="8.850155215346353">
</wpt>
<wpt lat="52.495169930388556" lon="10.977229626286237">
</wpt>
<wpt lat="52.495169930388556" lon="10.992000976362208">
</wpt>
<wpt lat="52.495169930388556" lon="11.006772326438179">
</wpt>
<wpt lat="52.495169930388556" lon="11.021543676514151">
</wpt>
<wpt lat="52.495169930388556" lon="11.036315026590122">
</wpt>
<wpt lat="52.495169930388556" lon="11.390827428413436">
</wpt>
<wpt lat="52.495169930388556" lon="11.449912828717322">
</wpt>
<wpt lat="52.495169930388556" lon="11.464684178793293">
</wpt>
<wpt lat="52.495169930388556" lon="11.479455528869265">
</wpt>
<wpt lat="52.495169930388556" lon="11.494226878945236">
</wpt>
<wpt lat="52.495169930388556" lon="11.508998229021207">
</wpt>
<wpt lat="52.495169930388556" lon="11.523769579097179">
</wpt>
<wpt lat="52.495169930388556" lon="11.53854092917315">
</wpt>
<wpt lat="52.495169930388556" lon="11.553312279249122">
</wpt>
<wpt lat="52.495169930388556" lon="11.568083629325093">
</wpt>
<wpt lat="52.495169930388556" lon="11.582854979401064">
</wpt>
<wpt lat="52.495169930388556" lon="11.597626329477036">
</wpt>
<wpt lat="52.495169930388556" lon="11.612397679553007">
</wpt>
<wpt lat="52.495169930388556" lon="11.627169029628979">
</wpt>
<wpt lat="52.495169930388556" lon="11.64194037970495">
</wpt>
<wpt lat="52.495169930388556" lon="11.656711729780922">
</wpt>
<wpt lat="52.495169930388556" lon="14.212155292923976">
</wpt>
<wpt lat="52.495169930388556" lon="14.226926642999947">
</wpt>
<wpt lat="52.504163146447745" lon="6.738030442974531">
</wpt>
<wpt lat="52.504163146447745" lon="8.304113865945741">
</wpt>
<wpt lat="52.504163146447745" lon="8.318888237860564">
</wpt>
<wpt lat="52.504163146447745" lon="8.510955072753269">
</wpt>
<wpt lat="52.504163146447745" lon="8.525729444668093">
</wpt>
<wpt lat="52.504163146447745" lon="8.540503816582916">
</wpt>
<wpt lat="52.504163146447745" lon="8.688247535731151">
</wpt>
<wpt lat="52.504163146447745" lon="8.703021907645974">
</wpt>
<wpt lat="52.504163146447745" lon="8.717796279560798">
</wpt>
<wpt lat="52.504163146447745" lon="8.732570651475621">
</wpt>
<wpt lat="52.504163146447745" lon="8.747345023390444">
</wpt>
<wpt lat="52.504163146447745" lon="8.762119395305268">
</wpt>
<wpt lat="52.504163146447745" lon="8.776893767220091">
</wpt>
<wpt lat="52.504163146447745" lon="8.791668139134915">
</wpt>
<wpt lat="52.504163146447745" lon="8.806442511049738">
</wpt>
<wpt lat="52.504163146447745" lon="8.821216882964562">
</wpt>
<wpt lat="52.504163146447745" lon="8.835991254879385">
</wpt>
<wpt lat="52.504163146447745" lon="8.850765626794209">
</wpt>
<wpt lat="52.504163146447745" lon="9.161027437005501">
</wpt>
<wpt lat="52.504163146447745" lon="10.150910355298672">
</wpt>
<wpt lat="52.504163146447745" lon="10.416849049765494">
</wpt>
<wpt lat="52.504163146447745" lon="10.963500810613962">
</wpt>
<wpt lat="52.504163146447745" lon="10.978275182528785">
</wpt>
<wpt lat="52.504163146447745" lon="10.993049554443608">
</wpt>
<wpt lat="52.504163146447745" lon="11.007823926358432">
</wpt>
<wpt lat="52.504163146447745" lon="11.613573174866193">
</wpt>
<wpt lat="52.504163146447745" lon="11.628347546781017">
</wpt>
<wpt lat="52.504163146447745" lon="11.64312191869584">
</wpt>
<wpt lat="52.504163146447745" lon="11.657896290610664">
</wpt>
<wpt lat="52.504163146447745" lon="12.736425440392775">
</wpt>
<wpt lat="52.504163146447745" lon="14.051344540812062">
</wpt>
<wpt lat="52.513156362506933" lon="6.723431430558106">
</wpt>
<wpt lat="52.513156362506933" lon="6.738208825912556">
</wpt>
<wpt lat="52.513156362506933" lon="7.831736082141864">
</wpt>
<wpt lat="52.513156362506933" lon="8.319390128838718">
</wpt>
<wpt lat="52.513156362506933" lon="8.526273663801019">
</wpt>
<wpt lat="52.513156362506933" lon="8.541051059155469">
</wpt>
<wpt lat="52.513156362506933" lon="8.733157198763321">
</wpt>
<wpt lat="52.513156362506933" lon="8.747934594117771">
</wpt>
<wpt lat="52.513156362506933" lon="8.762711989472221">
</wpt>
<wpt lat="52.513156362506933" lon="8.836598966244471">
</wpt>
<wpt lat="52.513156362506933" lon="8.851376361598922">
</wpt>
<wpt lat="52.513156362506933" lon="8.866153756953372">
</wpt>
<wpt lat="52.513156362506933" lon="9.146924268687924">
</wpt>
<wpt lat="52.513156362506933" lon="10.403002873816183">
</wpt>
<wpt lat="52.513156362506933" lon="10.417780269170633">
</wpt>
<wpt lat="52.513156362506933" lon="10.432557664525083">
</wpt>
<wpt lat="52.513156362506933" lon="10.949766501930837">
</wpt>
<wpt lat="52.513156362506933" lon="10.964543897285287">
</wpt>
<wpt lat="52.513156362506933" lon="10.979321292639737">
</wpt>
<wpt lat="52.513156362506933" lon="10.994098687994187">
</wpt>
<wpt lat="52.513156362506933" lon="11.644304083589992">
</wpt>
<wpt lat="52.513156362506933" lon="11.659081478944442">
</wpt>
<wpt lat="52.513156362506933" lon="11.673858874298892">
</wpt>
<wpt lat="52.513156362506933" lon="11.688636269653342">
</wpt>
<wpt lat="52.513156362506933" lon="14.067796921719809">
</wpt>
<wpt lat="52.522149578566122" lon="8.319892285733756">
</wpt>
<wpt lat="52.522149578566122" lon="8.526818171277567">
</wpt>
<wpt lat="52.522149578566122" lon="8.541598591673553">
</wpt>
<wpt lat="52.522149578566122" lon="8.733744056821378">
</wpt>
<wpt lat="52.522149578566122" lon="8.748524477217364">
</wpt>
<wpt lat="52.522149578566122" lon="8.866767840385256">
</wpt>
<wpt lat="52.522149578566122" lon="10.40393156156785">
</wpt>
<wpt lat="52.522149578566122" lon="10.418711981963837">
</wpt>
<wpt lat="52.522149578566122" lon="10.433492402359823">
</wpt>
<wpt lat="52.522149578566122" lon="10.936026695823363">
</wpt>
<wpt lat="52.522149578566122" lon="10.95080711621935">
</wpt>
<wpt lat="52.522149578566122" lon="10.965587536615336">
</wpt>
<wpt lat="52.522149578566122" lon="10.980367957011323">
</wpt>
<wpt lat="52.522149578566122" lon="10.995148377407309">
</wpt>
<wpt lat="52.522149578566122" lon="11.645486874830715">
</wpt>
<wpt lat="52.522149578566122" lon="11.660267295226701">
</wpt>
<wpt lat="52.522149578566122" lon="11.675047715622688">
</wpt>
<wpt lat="52.522149578566122" lon="14.084256240168484">
</wpt>
<wpt lat="52.522149578566122" lon="14.099036660564471">
</wpt>
<wpt lat="52.53114279462531" lon="6.708998981312154">
</wpt>
<wpt lat="52.53114279462531" lon="7.034234816204565">
</wpt>
<wpt lat="52.53114279462531" lon="7.049018263245129">
</wpt>
<wpt lat="52.53114279462531" lon="7.093368604366821">
</wpt>
<wpt lat="52.53114279462531" lon="8.320394708733643">
</wpt>
<wpt lat="52.53114279462531" lon="8.52736296730154">
</wpt>
<wpt lat="52.53114279462531" lon="8.542146414342104">
</wpt>
<wpt lat="52.53114279462531" lon="8.867382249234515">
</wpt>
<wpt lat="52.53114279462531" lon="10.404860741453183">
</wpt>
<wpt lat="52.53114279462531" lon="10.419644188493747">
</wpt>
<wpt lat="52.53114279462531" lon="10.434427635534311">
</wpt>
<wpt lat="52.53114279462531" lon="10.449211082574875">
</wpt>
<wpt lat="52.53114279462531" lon="10.937064834913491">
</wpt>
<wpt lat="52.53114279462531" lon="10.981415176035183">
</wpt>
<wpt lat="52.53114279462531" lon="12.430192986010466">
</wpt>
<wpt lat="52.53114279462531" lon="12.607594350497235">
</wpt>
<wpt lat="52.53114279462531" lon="12.6223777975378">
</wpt>
<wpt lat="52.53114279462531" lon="12.725861926821748">
</wpt>
<wpt lat="52.53114279462531" lon="14.100722501594211">
</wpt>
<wpt lat="52.53114279462531" lon="14.115505948634775">
</wpt>
<wpt lat="52.53114279462531" lon="14.499875571689442">
</wpt>
<wpt lat="52.540136010684499" lon="6.783103967937777">
</wpt>
<wpt lat="52.540136010684499" lon="7.034474047856199">
</wpt>
<wpt lat="52.540136010684499" lon="8.320897398026931">
</wpt>
<wpt lat="52.540136010684499" lon="8.335683873316249">
</wpt>
<wpt lat="52.540136010684499" lon="8.631413379102611">
</wpt>
<wpt lat="52.540136010684499" lon="8.646199854391929">
</wpt>
<wpt lat="52.540136010684499" lon="10.405790413820782">
</wpt>
<wpt lat="52.540136010684499" lon="10.4205768891101">
</wpt>
<wpt lat="52.540136010684499" lon="12.239313349696225">
</wpt>
<wpt lat="52.540136010684499" lon="12.254099824985543">
</wpt>
<wpt lat="52.540136010684499" lon="12.268886300274861">
</wpt>
<wpt lat="52.540136010684499" lon="12.43153752845736">
</wpt>
<wpt lat="52.540136010684499" lon="12.446324003746678">
</wpt>
<wpt lat="52.540136010684499" lon="12.461110479035996">
</wpt>
<wpt lat="52.540136010684499" lon="12.475896954325314">
</wpt>
<wpt lat="52.540136010684499" lon="12.490683429614633">
</wpt>
<wpt lat="52.540136010684499" lon="12.505469904903951">
</wpt>
<wpt lat="52.540136010684499" lon="12.520256380193269">
</wpt>
<wpt lat="52.540136010684499" lon="12.535042855482587">
</wpt>
<wpt lat="52.540136010684499" lon="12.594188756639859">
</wpt>
<wpt lat="52.540136010684499" lon="12.608975231929177">
</wpt>
<wpt lat="52.540136010684499" lon="12.623761707218495">
</wpt>
<wpt lat="52.540136010684499" lon="14.102409236150304">
</wpt>
<wpt lat="52.540136010684499" lon="14.117195711439622">
</wpt>
<wpt lat="52.540136010684499" lon="14.131982186728941">
</wpt>
<wpt lat="52.540136010684499" lon="14.457284643093939">
</wpt>
<wpt lat="52.540136010684499" lon="14.472071118383257">
</wpt>
<wpt lat="52.540136010684499" lon="14.486857593672575">
</wpt>
<wpt lat="52.549129226743688" lon="6.694554788029526">
</wpt>
<wpt lat="52.549129226743688" lon="6.783291818889833">
</wpt>
<wpt lat="52.549129226743688" lon="6.798081324033217">
</wpt>
<wpt lat="52.549129226743688" lon="6.812870829176601">
</wpt>
<wpt lat="52.549129226743688" lon="7.108660932044289">
</wpt>
<wpt lat="52.549129226743688" lon="7.71503064292305">
</wpt>
<wpt lat="52.549129226743688" lon="8.336189858945174">
</wpt>
<wpt lat="52.549129226743688" lon="8.350979364088557">
</wpt>
<wpt lat="52.549129226743688" lon="8.646769466956227">
</wpt>
<wpt lat="52.549129226743688" lon="8.661558972099611">
</wpt>
<wpt lat="52.549129226743688" lon="10.244036022441646">
</wpt>
<wpt lat="52.549129226743688" lon="10.406720579018865">
</wpt>
<wpt lat="52.549129226743688" lon="10.421510084162248">
</wpt>
<wpt lat="52.549129226743688" lon="12.24061921679842">
</wpt>
<wpt lat="52.549129226743688" lon="12.255408721941803">
</wpt>
<wpt lat="52.549129226743688" lon="12.270198227085187">
</wpt>
<wpt lat="52.549129226743688" lon="12.418093278519022">
</wpt>
<wpt lat="52.549129226743688" lon="12.432882783662405">
</wpt>
<wpt lat="52.549129226743688" lon="12.447672288805789">
</wpt>
<wpt lat="52.549129226743688" lon="12.462461793949172">
</wpt>
<wpt lat="52.549129226743688" lon="12.477251299092556">
</wpt>
<wpt lat="52.549129226743688" lon="12.492040804235939">
</wpt>
<wpt lat="52.549129226743688" lon="12.506830309379323">
</wpt>
<wpt lat="52.549129226743688" lon="12.521619814522706">
</wpt>
<wpt lat="52.549129226743688" lon="12.53640931966609">
</wpt>
<wpt lat="52.549129226743688" lon="12.58077783509624">
</wpt>
<wpt lat="52.549129226743688" lon="12.595567340239624">
</wpt>
<wpt lat="52.549129226743688" lon="12.610356845383007">
</wpt>
<wpt lat="52.549129226743688" lon="12.625146350526391">
</wpt>
<wpt lat="52.549129226743688" lon="14.104096864864742">
</wpt>
<wpt lat="52.549129226743688" lon="14.118886370008125">
</wpt>
<wpt lat="52.549129226743688" lon="14.133675875151509">
</wpt>
<wpt lat="52.549129226743688" lon="14.148465380294892">
</wpt>
<wpt lat="52.549129226743688" lon="14.163254885438276">
</wpt>
<wpt lat="52.558122442802876" lon="6.709517086422142">
</wpt>
<wpt lat="52.558122442802876" lon="6.783479769441628">
</wpt>
<wpt lat="52.558122442802876" lon="6.798272306045526">
</wpt>
<wpt lat="52.558122442802876" lon="6.813064842649423">
</wpt>
<wpt lat="52.558122442802876" lon="8.499414015493707">
</wpt>
<wpt lat="52.558122442802876" lon="8.514206552097605">
</wpt>
<wpt lat="52.558122442802876" lon="8.662131918136577">
</wpt>
<wpt lat="52.558122442802876" lon="12.256718312883605">
</wpt>
<wpt lat="52.558122442802876" lon="12.271510849487502">
</wpt>
<wpt lat="52.558122442802876" lon="12.38985114231868">
</wpt>
<wpt lat="52.558122442802876" lon="12.404643678922577">
</wpt>
<wpt lat="52.558122442802876" lon="12.419436215526474">
</wpt>
<wpt lat="52.558122442802876" lon="12.434228752130371">
</wpt>
<wpt lat="52.558122442802876" lon="12.449021288734269">
</wpt>
<wpt lat="52.558122442802876" lon="12.463813825338166">
</wpt>
<wpt lat="52.558122442802876" lon="12.478606361942063">
</wpt>
<wpt lat="52.558122442802876" lon="12.49339889854596">
</wpt>
<wpt lat="52.558122442802876" lon="12.508191435149858">
</wpt>
<wpt lat="52.558122442802876" lon="12.522983971753755">
</wpt>
<wpt lat="52.558122442802876" lon="12.567361581565446">
</wpt>
<wpt lat="52.558122442802876" lon="12.582154118169344">
</wpt>
<wpt lat="52.558122442802876" lon="12.596946654773241">
</wpt>
<wpt lat="52.558122442802876" lon="12.611739191377138">
</wpt>
<wpt lat="52.558122442802876" lon="12.626531727981035">
</wpt>
<wpt lat="52.558122442802876" lon="13.957860022331786">
</wpt>
<wpt lat="52.558122442802876" lon="13.972652558935684">
</wpt>
<wpt lat="52.558122442802876" lon="14.105785388370759">
</wpt>
<wpt lat="52.558122442802876" lon="14.120577924974656">
</wpt>
<wpt lat="52.558122442802876" lon="14.135370461578553">
</wpt>
<wpt lat="52.558122442802876" lon="14.15016299818245">
</wpt>
<wpt lat="52.567115658862065" lon="6.813258959007753">
</wpt>
<wpt lat="52.567115658862065" lon="6.828054528679749">
</wpt>
<wpt lat="52.567115658862065" lon="6.842850098351745">
</wpt>
<wpt lat="52.567115658862065" lon="8.485158331943316">
</wpt>
<wpt lat="52.567115658862065" lon="8.499953901615312">
</wpt>
<wpt lat="52.567115658862065" lon="8.662705168007269">
</wpt>
<wpt lat="52.567115658862065" lon="12.405984295022291">
</wpt>
<wpt lat="52.567115658862065" lon="12.420779864694287">
</wpt>
<wpt lat="52.567115658862065" lon="12.435575434366283">
</wpt>
<wpt lat="52.567115658862065" lon="12.45037100403828">
</wpt>
<wpt lat="52.567115658862065" lon="12.465166573710276">
</wpt>
<wpt lat="52.567115658862065" lon="12.52434885239826">
</wpt>
<wpt lat="52.567115658862065" lon="12.568735561414249">
</wpt>
<wpt lat="52.567115658862065" lon="12.583531131086245">
</wpt>
<wpt lat="52.567115658862065" lon="12.598326700758241">
</wpt>
<wpt lat="52.567115658862065" lon="13.959519110581885">
</wpt>
<wpt lat="52.567115658862065" lon="13.974314680253881">
</wpt>
<wpt lat="52.567115658862065" lon="14.107474807301847">
</wpt>
<wpt lat="52.567115658862065" lon="14.122270376973843">
</wpt>
<wpt lat="52.567115658862065" lon="14.137065946645839">
</wpt>
<wpt lat="52.567115658862065" lon="14.151861516317835">
</wpt>
<wpt lat="52.576108874921253" lon="6.81345317832435">
</wpt>
<wpt lat="52.576108874921253" lon="6.828251782673168">
</wpt>
<wpt lat="52.576108874921253" lon="6.843050387021986">
</wpt>
<wpt lat="52.576108874921253" lon="6.857848991370804">
</wpt>
<wpt lat="52.576108874921253" lon="6.872647595719622">
</wpt>
<wpt lat="52.576108874921253" lon="7.020633639207801">
</wpt>
<wpt lat="52.576108874921253" lon="7.124223869649527">
</wpt>
<wpt lat="52.576108874921253" lon="7.893751295788062">
</wpt>
<wpt lat="52.576108874921253" lon="8.470896865391991">
</wpt>
<wpt lat="52.576108874921253" lon="8.663278721926636">
</wpt>
<wpt lat="52.576108874921253" lon="10.261527991599072">
</wpt>
<wpt lat="52.576108874921253" lon="10.29112520029671">
</wpt>
<wpt lat="52.576108874921253" lon="11.593402382992769">
</wpt>
<wpt lat="52.576108874921253" lon="12.407325622177806">
</wpt>
<wpt lat="52.576108874921253" lon="12.555311665665995">
</wpt>
<wpt lat="52.576108874921253" lon="12.570110270014814">
</wpt>
<wpt lat="52.576108874921253" lon="12.584908874363633">
</wpt>
<wpt lat="52.576108874921253" lon="14.109165122291975">
</wpt>
<wpt lat="52.576108874921253" lon="14.123963726640794">
</wpt>
<wpt lat="52.576108874921253" lon="14.138762330989612">
</wpt>
<wpt lat="52.576108874921253" lon="14.153560935338431">
</wpt>
<wpt lat="52.576108874921253" lon="14.286748374477801">
</wpt>
<wpt lat="52.585102090980442" lon="6.828449141307763">
</wpt>
<wpt lat="52.585102090980442" lon="7.006068828933811">
</wpt>
<wpt lat="52.585102090980442" lon="7.020870469569315">
</wpt>
<wpt lat="52.585102090980442" lon="7.035672110204819">
</wpt>
<wpt lat="52.585102090980442" lon="7.10968031338234">
</wpt>
<wpt lat="52.585102090980442" lon="7.124481954017844">
</wpt>
<wpt lat="52.585102090980442" lon="8.64905093947476">
</wpt>
<wpt lat="52.585102090980442" lon="8.663852580110264">
</wpt>
<wpt lat="52.585102090980442" lon="8.900678830278329">
</wpt>
<wpt lat="52.585102090980442" lon="10.292033050015709">
</wpt>
<wpt lat="52.585102090980442" lon="10.66207406590331">
</wpt>
<wpt lat="52.585102090980442" lon="10.721280628445326">
</wpt>
<wpt lat="52.585102090980442" lon="11.594577425940065">
</wpt>
<wpt lat="52.585102090980442" lon="12.556684067247827">
</wpt>
<wpt lat="52.585102090980442" lon="12.571485707883332">
</wpt>
<wpt lat="52.585102090980442" lon="12.586287348518836">
</wpt>
<wpt lat="52.585102090980442" lon="14.155261255882264">
</wpt>
<wpt lat="52.585102090980442" lon="14.170062896517768">
</wpt>
<wpt lat="52.585102090980442" lon="14.184864537153272">
</wpt>
<wpt lat="52.585102090980442" lon="14.303277662237305">
</wpt>
<wpt lat="52.59409530703963" lon="6.813841926124352">
</wpt>
<wpt lat="52.59409530703963" lon="7.006302747055861">
</wpt>
<wpt lat="52.59409530703963" lon="7.021107425589054">
</wpt>
<wpt lat="52.59409530703963" lon="7.035912104122247">
</wpt>
<wpt lat="52.59409530703963" lon="7.05071678265544">
</wpt>
<wpt lat="52.59409530703963" lon="7.080326139721826">
</wpt>
<wpt lat="52.59409530703963" lon="7.095130818255019">
</wpt>
<wpt lat="52.59409530703963" lon="7.109935496788212">
</wpt>
<wpt lat="52.59409530703963" lon="7.124740175321405">
</wpt>
<wpt lat="52.59409530703963" lon="8.649622064240324">
</wpt>
<wpt lat="52.59409530703963" lon="8.664426742773518">
</wpt>
<wpt lat="52.59409530703963" lon="8.886496920771426">
</wpt>
<wpt lat="52.59409530703963" lon="9.819191668362642">
</wpt>
<wpt lat="52.59409530703963" lon="10.663058344754694">
</wpt>
<wpt lat="52.59409530703963" lon="10.677863023287888">
</wpt>
<wpt lat="52.59409530703963" lon="10.692667701821081">
</wpt>
<wpt lat="52.59409530703963" lon="10.707472380354275">
</wpt>
<wpt lat="52.59409530703963" lon="10.722277058887469">
</wpt>
<wpt lat="52.59409530703963" lon="11.595753092345909">
</wpt>
<wpt lat="52.59409530703963" lon="12.558057197003512">
</wpt>
<wpt lat="52.59409530703963" lon="12.572861875536706">
</wpt>
<wpt lat="52.59409530703963" lon="12.5876665540699">
</wpt>
<wpt lat="52.59409530703963" lon="13.964501657656932">
</wpt>
<wpt lat="52.59409530703963" lon="13.979306336190126">
</wpt>
<wpt lat="52.59409530703963" lon="13.99411101472332">
</wpt>
<wpt lat="52.59409530703963" lon="14.18657183565484">
</wpt>
<wpt lat="52.59409530703963" lon="14.305009263920391">
</wpt>
<wpt lat="52.59409530703963" lon="14.319813942453585">
</wpt>
<wpt lat="52.59409530703963" lon="14.334618620986779">
</wpt>
<wpt lat="52.59409530703963" lon="14.349423299519973">
</wpt>
<wpt lat="52.59409530703963" lon="14.408642013652749">
</wpt>
<wpt lat="52.59409530703963" lon="14.423446692185943">
</wpt>
<wpt lat="52.59409530703963" lon="14.438251370719136">
</wpt>
<wpt lat="52.59409530703963" lon="14.556688798984688">
</wpt>
<wpt lat="52.603088523098819" lon="6.991729071270191">
</wpt>
<wpt lat="52.603088523098819" lon="7.00653678931322">
</wpt>
<wpt lat="52.603088523098819" lon="7.021344507356249">
</wpt>
<wpt lat="52.603088523098819" lon="7.036152225399277">
</wpt>
<wpt lat="52.603088523098819" lon="7.050959943442306">
</wpt>
<wpt lat="52.603088523098819" lon="7.065767661485335">
</wpt>
<wpt lat="52.603088523098819" lon="7.080575379528364">
</wpt>
<wpt lat="52.603088523098819" lon="7.095383097571393">
</wpt>
<wpt lat="52.603088523098819" lon="7.110190815614422">
</wpt>
<wpt lat="52.603088523098819" lon="7.12499853365745">
</wpt>
<wpt lat="52.603088523098819" lon="8.679808928175477">
</wpt>
<wpt lat="52.603088523098819" lon="8.872309262734852">
</wpt>
<wpt lat="52.603088523098819" lon="10.427119657252879">
</wpt>
<wpt lat="52.603088523098819" lon="10.441927375295908">
</wpt>
<wpt lat="52.603088523098819" lon="10.456735093338937">
</wpt>
<wpt lat="52.603088523098819" lon="10.66404314594134">
</wpt>
<wpt lat="52.603088523098819" lon="10.678850863984369">
</wpt>
<wpt lat="52.603088523098819" lon="10.693658582027398">
</wpt>
<wpt lat="52.603088523098819" lon="10.708466300070427">
</wpt>
<wpt lat="52.603088523098819" lon="10.723274018113456">
</wpt>
<wpt lat="52.603088523098819" lon="11.463659920264897">
</wpt>
<wpt lat="52.603088523098819" lon="12.574238773492059">
</wpt>
<wpt lat="52.603088523098819" lon="12.589046491535088">
</wpt>
<wpt lat="52.603088523098819" lon="13.966164269536769">
</wpt>
<wpt lat="52.603088523098819" lon="13.980971987579798">
</wpt>
<wpt lat="52.603088523098819" lon="13.995779705622827">
</wpt>
<wpt lat="52.603088523098819" lon="14.306741784526432">
</wpt>
<wpt lat="52.603088523098819" lon="14.321549502569461">
</wpt>
<wpt lat="52.603088523098819" lon="14.33635722061249">
</wpt>
<wpt lat="52.603088523098819" lon="14.351164938655518">
</wpt>
<wpt lat="52.603088523098819" lon="14.410395810827634">
</wpt>
<wpt lat="52.603088523098819" lon="14.425203528870663">
</wpt>
<wpt lat="52.603088523098819" lon="14.440011246913691">
</wpt>
<wpt lat="52.603088523098819" lon="14.45481896495672">
</wpt>
<wpt lat="52.603088523098819" lon="14.543665273214893">
</wpt>
<wpt lat="52.603088523098819" lon="14.558472991257922">
</wpt>
<wpt lat="52.603088523098819" lon="14.573280709300951">
</wpt>
<wpt lat="52.603088523098819" lon="14.58808842734398">
</wpt>
<wpt lat="52.612081739158008" lon="6.799420327467684">
</wpt>
<wpt lat="52.612081739158008" lon="6.90309564163076">
</wpt>
<wpt lat="52.612081739158008" lon="6.917906400796913">
</wpt>
<wpt lat="52.612081739158008" lon="7.006770955793836">
</wpt>
<wpt lat="52.612081739158008" lon="7.036392474126143">
</wpt>
<wpt lat="52.612081739158008" lon="7.051203233292297">
</wpt>
<wpt lat="52.612081739158008" lon="7.06601399245845">
</wpt>
<wpt lat="52.612081739158008" lon="7.080824751624604">
</wpt>
<wpt lat="52.612081739158008" lon="7.095635510790758">
</wpt>
<wpt lat="52.612081739158008" lon="7.110446269956912">
</wpt>
<wpt lat="52.612081739158008" lon="7.125257029123065">
</wpt>
<wpt lat="52.612081739158008" lon="8.87292661072915">
</wpt>
<wpt lat="52.612081739158008" lon="9.021034202390679">
</wpt>
<wpt lat="52.612081739158008" lon="10.161462658184446">
</wpt>
<wpt lat="52.612081739158008" lon="10.176273417350599">
</wpt>
<wpt lat="52.612081739158008" lon="10.428056323175197">
</wpt>
<wpt lat="52.612081739158008" lon="10.442867082341349">
</wpt>
<wpt lat="52.612081739158008" lon="10.457677841507502">
</wpt>
<wpt lat="52.612081739158008" lon="10.665028469833642">
</wpt>
<wpt lat="52.612081739158008" lon="10.679839228999795">
</wpt>
<wpt lat="52.612081739158008" lon="10.694649988165947">
</wpt>
<wpt lat="52.612081739158008" lon="10.7094607473321">
</wpt>
<wpt lat="52.612081739158008" lon="11.464809464805894">
</wpt>
<wpt lat="52.612081739158008" lon="11.479620223972047">
</wpt>
<wpt lat="52.612081739158008" lon="11.76102464812895">
</wpt>
<wpt lat="52.612081739158008" lon="12.101672108950465">
</wpt>
<wpt lat="52.612081739158008" lon="12.160915145615077">
</wpt>
<wpt lat="52.612081739158008" lon="12.575616402267356">
</wpt>
<wpt lat="52.612081739158008" lon="12.590427161433508">
</wpt>
<wpt lat="52.612081739158008" lon="12.605237920599661">
</wpt>
<wpt lat="52.612081739158008" lon="13.967827763885721">
</wpt>
<wpt lat="52.612081739158008" lon="13.982638523051873">
</wpt>
<wpt lat="52.612081739158008" lon="13.997449282218026">
</wpt>
<wpt lat="52.612081739158008" lon="14.012260041384179">
</wpt>
<wpt lat="52.612081739158008" lon="14.027070800550332">
</wpt>
<wpt lat="52.612081739158008" lon="14.041881559716485">
</wpt>
<wpt lat="52.612081739158008" lon="14.293664465541083">
</wpt>
<wpt lat="52.612081739158008" lon="14.397339779704152">
</wpt>
<wpt lat="52.612081739158008" lon="14.412150538870305">
</wpt>
<wpt lat="52.612081739158008" lon="14.426961298036458">
</wpt>
<wpt lat="52.612081739158008" lon="14.441772057202611">
</wpt>
<wpt lat="52.612081739158008" lon="14.456582816368764">
</wpt>
<wpt lat="52.612081739158008" lon="14.471393575534917">
</wpt>
<wpt lat="52.612081739158008" lon="14.486204334701069">
</wpt>
<wpt lat="52.612081739158008" lon="14.501015093867222">
</wpt>
<wpt lat="52.612081739158008" lon="14.515825853033375">
</wpt>
<wpt lat="52.612081739158008" lon="14.530636612199528">
</wpt>
<wpt lat="52.612081739158008" lon="14.545447371365681">
</wpt>
<wpt lat="52.612081739158008" lon="14.560258130531833">
</wpt>
<wpt lat="52.612081739158008" lon="14.575068889697986">
</wpt>
<wpt lat="52.621074955217196" lon="6.903308633259751">
</wpt>
<wpt lat="52.621074955217196" lon="6.918122435163462">
</wpt>
<wpt lat="52.621074955217196" lon="7.125515661815412">
</wpt>
<wpt lat="52.621074955217196" lon="7.140329463719123">
</wpt>
<wpt lat="52.621074955217196" lon="8.014343776038057">
</wpt>
<wpt lat="52.621074955217196" lon="8.04397137984548">
</wpt>
<wpt lat="52.621074955217196" lon="8.873544286453331">
</wpt>
<wpt lat="52.621074955217196" lon="8.888358088357043">
</wpt>
<wpt lat="52.621074955217196" lon="10.162345052076242">
</wpt>
<wpt lat="52.621074955217196" lon="10.177158853979954">
</wpt>
<wpt lat="52.621074955217196" lon="10.191972655883665">
</wpt>
<wpt lat="52.621074955217196" lon="10.488248693957898">
</wpt>
<wpt lat="52.621074955217196" lon="10.503062495861609">
</wpt>
<wpt lat="52.621074955217196" lon="10.680828118706149">
</wpt>
<wpt lat="52.621074955217196" lon="10.695641920609861">
</wpt>
<wpt lat="52.621074955217196" lon="11.465959619602865">
</wpt>
<wpt lat="52.621074955217196" lon="11.480773421506576">
</wpt>
<wpt lat="52.621074955217196" lon="11.495587223410288">
</wpt>
<wpt lat="52.621074955217196" lon="11.747421855773386">
</wpt>
<wpt lat="52.621074955217196" lon="11.762235657677097">
</wpt>
<wpt lat="52.621074955217196" lon="11.777049459580809">
</wpt>
<wpt lat="52.621074955217196" lon="11.940001280521637">
</wpt>
<wpt lat="52.621074955217196" lon="12.102953101462465">
</wpt>
<wpt lat="52.621074955217196" lon="12.117766903366176">
</wpt>
<wpt lat="52.621074955217196" lon="12.132580705269888">
</wpt>
<wpt lat="52.621074955217196" lon="12.147394507173599">
</wpt>
<wpt lat="52.621074955217196" lon="12.162208309077311">
</wpt>
<wpt lat="52.621074955217196" lon="12.177022110981023">
</wpt>
<wpt lat="52.621074955217196" lon="14.221326773693226">
</wpt>
<wpt lat="52.621074955217196" lon="14.265768179404361">
</wpt>
<wpt lat="52.621074955217196" lon="14.280581981308073">
</wpt>
<wpt lat="52.621074955217196" lon="14.487975207960035">
</wpt>
<wpt lat="52.621074955217196" lon="14.502789009863747">
</wpt>
<wpt lat="52.621074955217196" lon="14.517602811767459">
</wpt>
<wpt lat="52.621074955217196" lon="14.53241661367117">
</wpt>
<wpt lat="52.621074955217196" lon="14.547230415574882">
</wpt>
<wpt lat="52.630068171276385" lon="6.90352173797932">
</wpt>
<wpt lat="52.630068171276385" lon="6.918338584236167">
</wpt>
<wpt lat="52.630068171276385" lon="6.933155430493015">
</wpt>
<wpt lat="52.630068171276385" lon="8.029602053499724">
</wpt>
<wpt lat="52.630068171276385" lon="8.044418899756572">
</wpt>
<wpt lat="52.630068171276385" lon="8.059235746013419">
</wpt>
<wpt lat="52.630068171276385" lon="8.074052592270267">
</wpt>
<wpt lat="52.630068171276385" lon="8.281488439866131">
</wpt>
<wpt lat="52.630068171276385" lon="8.296305286122978">
</wpt>
<wpt lat="52.630068171276385" lon="8.311122132379825">
</wpt>
<wpt lat="52.630068171276385" lon="8.874162290140028">
</wpt>
<wpt lat="52.630068171276385" lon="8.888979136396875">
</wpt>
<wpt lat="52.630068171276385" lon="8.903795982653723">
</wpt>
<wpt lat="52.630068171276385" lon="10.178044760742601">
</wpt>
<wpt lat="52.630068171276385" lon="10.504015378393245">
</wpt>
<wpt lat="52.630068171276385" lon="10.518832224650092">
</wpt>
<wpt lat="52.630068171276385" lon="10.563282763420634">
</wpt>
<wpt lat="52.630068171276385" lon="10.578099609677482">
</wpt>
<wpt lat="52.630068171276385" lon="10.696634379732261">
</wpt>
<wpt lat="52.630068171276385" lon="11.467110385088327">
</wpt>
<wpt lat="52.630068171276385" lon="11.481927231345175">
</wpt>
<wpt lat="52.630068171276385" lon="11.496744077602022">
</wpt>
<wpt lat="52.630068171276385" lon="11.51156092385887">
</wpt>
<wpt lat="52.630068171276385" lon="11.748630463968428">
</wpt>
<wpt lat="52.630068171276385" lon="11.763447310225276">
</wpt>
<wpt lat="52.630068171276385" lon="11.778264156482123">
</wpt>
<wpt lat="52.630068171276385" lon="11.793081002738971">
</wpt>
<wpt lat="52.630068171276385" lon="12.119051620389614">
</wpt>
<wpt lat="52.630068171276385" lon="12.133868466646462">
</wpt>
<wpt lat="52.630068171276385" lon="12.148685312903309">
</wpt>
<wpt lat="52.630068171276385" lon="12.163502159160156">
</wpt>
<wpt lat="52.630068171276385" lon="12.178319005417004">
</wpt>
<wpt lat="52.630068171276385" lon="12.193135851673851">
</wpt>
<wpt lat="52.630068171276385" lon="12.207952697930699">
</wpt>
<wpt lat="52.630068171276385" lon="12.222769544187546">
</wpt>
<wpt lat="52.630068171276385" lon="12.237586390444394">
</wpt>
<wpt lat="52.630068171276385" lon="12.252403236701241">
</wpt>
<wpt lat="52.630068171276385" lon="12.267220082958088">
</wpt>
<wpt lat="52.630068171276385" lon="14.237860635118796">
</wpt>
<wpt lat="52.630068171276385" lon="14.252677481375644">
</wpt>
<wpt lat="52.630068171276385" lon="14.267494327632491">
</wpt>
<wpt lat="52.630068171276385" lon="14.50456386774205">
</wpt>
<wpt lat="52.630068171276385" lon="14.519380713998897">
</wpt>
<wpt lat="52.630068171276385" lon="14.534197560255745">
</wpt>
<wpt lat="52.639061387335573" lon="6.918554848096251">
</wpt>
<wpt lat="52.639061387335573" lon="6.933374740322959">
</wpt>
<wpt lat="52.639061387335573" lon="6.948194632549667">
</wpt>
<wpt lat="52.639061387335573" lon="6.963014524776375">
</wpt>
<wpt lat="52.639061387335573" lon="7.629909674978224">
</wpt>
<wpt lat="52.639061387335573" lon="7.763288705018594">
</wpt>
<wpt lat="52.639061387335573" lon="8.015226872872626">
</wpt>
<wpt lat="52.639061387335573" lon="8.030046765099334">
</wpt>
<wpt lat="52.639061387335573" lon="8.044866657326041">
</wpt>
<wpt lat="52.639061387335573" lon="8.059686549552749">
</wpt>
<wpt lat="52.639061387335573" lon="8.267165040726658">
</wpt>
<wpt lat="52.639061387335573" lon="8.281984932953366">
</wpt>
<wpt lat="52.639061387335573" lon="8.296804825180073">
</wpt>
<wpt lat="52.639061387335573" lon="8.311624717406781">
</wpt>
<wpt lat="52.639061387335573" lon="8.326444609633489">
</wpt>
<wpt lat="52.639061387335573" lon="8.874780622021676">
</wpt>
<wpt lat="52.639061387335573" lon="8.889600514248384">
</wpt>
<wpt lat="52.639061387335573" lon="10.17893113797196">
</wpt>
<wpt lat="52.639061387335573" lon="10.593888120319777">
</wpt>
<wpt lat="52.639061387335573" lon="10.608708012546485">
</wpt>
<wpt lat="52.639061387335573" lon="10.697627365906731">
</wpt>
<wpt lat="52.639061387335573" lon="10.90510585708064">
</wpt>
<wpt lat="52.639061387335573" lon="10.919925749307348">
</wpt>
<wpt lat="52.639061387335573" lon="10.934745641534056">
</wpt>
<wpt lat="52.639061387335573" lon="11.468261761695535">
</wpt>
<wpt lat="52.639061387335573" lon="11.483081653922243">
</wpt>
<wpt lat="52.639061387335573" lon="11.497901546148951">
</wpt>
<wpt lat="52.639061387335573" lon="11.512721438375658">
</wpt>
<wpt lat="52.639061387335573" lon="11.76465960622969">
</wpt>
<wpt lat="52.639061387335573" lon="11.779479498456398">
</wpt>
<wpt lat="52.639061387335573" lon="12.120337019670677">
</wpt>
<wpt lat="52.639061387335573" lon="12.135156911897385">
</wpt>
<wpt lat="52.639061387335573" lon="12.149976804124092">
</wpt>
<wpt lat="52.639061387335573" lon="12.1647966963508">
</wpt>
<wpt lat="52.639061387335573" lon="12.179616588577508">
</wpt>
<wpt lat="52.639061387335573" lon="12.253716049711047">
</wpt>
<wpt lat="52.639061387335573" lon="12.268535941937754">
</wpt>
<wpt lat="52.639061387335573" lon="12.283355834164462">
</wpt>
<wpt lat="52.639061387335573" lon="12.29817572639117">
</wpt>
<wpt lat="52.639061387335573" lon="12.312995618617878">
</wpt>
<wpt lat="52.639061387335573" lon="12.550113894245202">
</wpt>
<wpt lat="52.639061387335573" lon="12.56493378647191">
</wpt>
<wpt lat="52.639061387335573" lon="12.579753678698617">
</wpt>
<wpt lat="52.639061387335573" lon="12.594573570925325">
</wpt>
<wpt lat="52.639061387335573" lon="12.609393463152033">
</wpt>
<wpt lat="52.639061387335573" lon="12.624213355378741">
</wpt>
<wpt lat="52.639061387335573" lon="14.506339668170627">
</wpt>
<wpt lat="52.639061387335573" lon="14.521159560397335">
</wpt>
<wpt lat="52.648054603394762" lon="7.645095277732819">
</wpt>
<wpt lat="52.648054603394762" lon="7.70438703699058">
</wpt>
<wpt lat="52.648054603394762" lon="7.71920997680502">
</wpt>
<wpt lat="52.648054603394762" lon="7.73403291661946">
</wpt>
<wpt lat="52.648054603394762" lon="7.748855856433901">
</wpt>
<wpt lat="52.648054603394762" lon="8.060137592537144">
</wpt>
<wpt lat="52.648054603394762" lon="8.297304629568186">
</wpt>
<wpt lat="52.648054603394762" lon="8.312127569382627">
</wpt>
<wpt lat="52.648054603394762" lon="8.326950509197067">
</wpt>
<wpt lat="52.648054603394762" lon="8.341773449011507">
</wpt>
<wpt lat="52.648054603394762" lon="8.63823224530031">
</wpt>
<wpt lat="52.648054603394762" lon="8.65305518511475">
</wpt>
<wpt lat="52.648054603394762" lon="8.875399282331353">
</wpt>
<wpt lat="52.648054603394762" lon="8.979159861032434">
</wpt>
<wpt lat="52.648054603394762" lon="10.328047384146489">
</wpt>
<wpt lat="52.648054603394762" lon="10.609683240620852">
</wpt>
<wpt lat="52.648054603394762" lon="10.935787916538535">
</wpt>
<wpt lat="52.648054603394762" lon="11.454590810043941">
</wpt>
<wpt lat="52.648054603394762" lon="11.780695485961624">
</wpt>
<wpt lat="52.648054603394762" lon="12.121623101693748">
</wpt>
<wpt lat="52.648054603394762" lon="12.136446041508188">
</wpt>
<wpt lat="52.648054603394762" lon="12.151268981322628">
</wpt>
<wpt lat="52.648054603394762" lon="12.166091921137069">
</wpt>
<wpt lat="52.648054603394762" lon="12.26985249983815">
</wpt>
<wpt lat="52.648054603394762" lon="12.28467543965259">
</wpt>
<wpt lat="52.648054603394762" lon="12.29949837946703">
</wpt>
<wpt lat="52.648054603394762" lon="12.31432131928147">
</wpt>
<wpt lat="52.648054603394762" lon="12.551488356312513">
</wpt>
<wpt lat="52.648054603394762" lon="12.566311296126953">
</wpt>
<wpt lat="52.648054603394762" lon="12.581134235941393">
</wpt>
<wpt lat="52.648054603394762" lon="12.595957175755833">
</wpt>
<wpt lat="52.648054603394762" lon="12.610780115570273">
</wpt>
<wpt lat="52.648054603394762" lon="12.847947152601316">
</wpt>
<wpt lat="52.648054603394762" lon="12.862770092415756">
</wpt>
<wpt lat="52.648054603394762" lon="12.877593032230196">
</wpt>
<wpt lat="52.648054603394762" lon="14.09307409701429">
</wpt>
<wpt lat="52.65704781945395" lon="7.141377555822601">
</wpt>
<wpt lat="52.65704781945395" lon="7.660287171564357">
</wpt>
<wpt lat="52.65704781945395" lon="7.67511316058555">
</wpt>
<wpt lat="52.65704781945395" lon="7.689939149606743">
</wpt>
<wpt lat="52.65704781945395" lon="7.704765138627936">
</wpt>
<wpt lat="52.65704781945395" lon="7.719591127649129">
</wpt>
<wpt lat="52.65704781945395" lon="7.734417116670322">
</wpt>
<wpt lat="52.65704781945395" lon="7.749243105691515">
</wpt>
<wpt lat="52.65704781945395" lon="8.312630688496832">
</wpt>
<wpt lat="52.65704781945395" lon="8.327456677518024">
</wpt>
<wpt lat="52.65704781945395" lon="8.342282666539216">
</wpt>
<wpt lat="52.65704781945395" lon="8.357108655560408">
</wpt>
<wpt lat="52.65704781945395" lon="8.609150468920674">
</wpt>
<wpt lat="52.65704781945395" lon="8.623976457941867">
</wpt>
<wpt lat="52.65704781945395" lon="8.638802446963059">
</wpt>
<wpt lat="52.65704781945395" lon="8.653628435984251">
</wpt>
<wpt lat="52.65704781945395" lon="10.625484975802806">
</wpt>
<wpt lat="52.65704781945395" lon="10.936830745247841">
</wpt>
<wpt lat="52.65704781945395" lon="10.951656734269033">
</wpt>
<wpt lat="52.65704781945395" lon="12.122909866943212">
</wpt>
<wpt lat="52.65704781945395" lon="12.137735855964404">
</wpt>
<wpt lat="52.65704781945395" lon="12.152561844985597">
</wpt>
<wpt lat="52.65704781945395" lon="12.285995746176326">
</wpt>
<wpt lat="52.65704781945395" lon="12.300821735197518">
</wpt>
<wpt lat="52.65704781945395" lon="12.449081625409439">
</wpt>
<wpt lat="52.65704781945395" lon="12.552863548557784">
</wpt>
<wpt lat="52.65704781945395" lon="12.567689537578977">
</wpt>
<wpt lat="52.65704781945395" lon="12.582515526600169">
</wpt>
<wpt lat="52.65704781945395" lon="12.597341515621361">
</wpt>
<wpt lat="52.65704781945395" lon="12.849383328981627">
</wpt>
<wpt lat="52.65704781945395" lon="12.864209318002819">
</wpt>
<wpt lat="52.65704781945395" lon="12.879035307024012">
</wpt>
<wpt lat="52.65704781945395" lon="14.109592395782959">
</wpt>
<wpt lat="52.65704781945395" lon="14.124418384804152">
</wpt>
<wpt lat="52.65704781945395" lon="14.272678275016073">
</wpt>
<wpt lat="52.666041035513139" lon="7.141639926937948">
</wpt>
<wpt lat="52.666041035513139" lon="7.675485361470113">
</wpt>
<wpt lat="52.666041035513139" lon="7.690314401318228">
</wpt>
<wpt lat="52.666041035513139" lon="7.705143441166344">
</wpt>
<wpt lat="52.666041035513139" lon="7.71997248101446">
</wpt>
<wpt lat="52.666041035513139" lon="7.734801520862575">
</wpt>
<wpt lat="52.666041035513139" lon="7.749630560710691">
</wpt>
<wpt lat="52.666041035513139" lon="8.327963114787222">
</wpt>
<wpt lat="52.666041035513139" lon="8.342792154635339">
</wpt>
<wpt lat="52.666041035513139" lon="8.357621194483455">
</wpt>
<wpt lat="52.666041035513139" lon="8.580056792205204">
</wpt>
<wpt lat="52.666041035513139" lon="8.59488583205332">
</wpt>
<wpt lat="52.666041035513139" lon="8.609714871901437">
</wpt>
<wpt lat="52.666041035513139" lon="8.624543911749553">
</wpt>
<wpt lat="52.666041035513139" lon="8.63937295159767">
</wpt>
<wpt lat="52.666041035513139" lon="8.654201991445786">
</wpt>
<wpt lat="52.666041035513139" lon="10.834070849118921">
</wpt>
<wpt lat="52.666041035513139" lon="10.937874128055737">
</wpt>
<wpt lat="52.666041035513139" lon="10.952703167903854">
</wpt>
<wpt lat="52.666041035513139" lon="11.456890522739817">
</wpt>
<wpt lat="52.666041035513139" lon="12.124197315905063">
</wpt>
<wpt lat="52.666041035513139" lon="12.139026355753179">
</wpt>
<wpt lat="52.666041035513139" lon="12.153855395601296">
</wpt>
<wpt lat="52.666041035513139" lon="12.287316754234345">
</wpt>
<wpt lat="52.666041035513139" lon="12.435607152715511">
</wpt>
<wpt lat="52.666041035513139" lon="12.450436192563627">
</wpt>
<wpt lat="52.666041035513139" lon="12.539410431652326">
</wpt>
<wpt lat="52.666041035513139" lon="12.554239471500443">
</wpt>
<wpt lat="52.666041035513139" lon="12.56906851134856">
</wpt>
<wpt lat="52.666041035513139" lon="12.835991228614658">
</wpt>
<wpt lat="52.666041035513139" lon="12.850820268462774">
</wpt>
<wpt lat="52.666041035513139" lon="12.865649308310891">
</wpt>
<wpt lat="52.666041035513139" lon="12.880478348159007">
</wpt>
<wpt lat="52.666041035513139" lon="14.126117695400799">
</wpt>
<wpt lat="52.666041035513139" lon="14.140946735248916">
</wpt>
<wpt lat="52.666041035513139" lon="14.155775775097032">
</wpt>
<wpt lat="52.666041035513139" lon="14.170604814945149">
</wpt>
<wpt lat="52.666041035513139" lon="14.274408093881965">
</wpt>
<wpt lat="52.666041035513139" lon="14.289237133730081">
</wpt>
<wpt lat="52.675034251572328" lon="7.141902437486966">
</wpt>
<wpt lat="52.675034251572328" lon="7.675857760155928">
</wpt>
<wpt lat="52.675034251572328" lon="7.690689852452288">
</wpt>
<wpt lat="52.675034251572328" lon="7.705521944748648">
</wpt>
<wpt lat="52.675034251572328" lon="7.720354037045008">
</wpt>
<wpt lat="52.675034251572328" lon="7.735186129341368">
</wpt>
<wpt lat="52.675034251572328" lon="7.750018221637728">
</wpt>
<wpt lat="52.675034251572328" lon="8.35813400578847">
</wpt>
<wpt lat="52.675034251572328" lon="8.625111667122935">
</wpt>
<wpt lat="52.675034251572328" lon="8.639943759419294">
</wpt>
<wpt lat="52.675034251572328" lon="8.654775851715653">
</wpt>
<wpt lat="52.675034251572328" lon="10.849925511576812">
</wpt>
<wpt lat="52.675034251572328" lon="10.864757603873171">
</wpt>
<wpt lat="52.675034251572328" lon="10.909253880762249">
</wpt>
<wpt lat="52.675034251572328" lon="10.924085973058608">
</wpt>
<wpt lat="52.675034251572328" lon="10.938918065354967">
</wpt>
<wpt lat="52.675034251572328" lon="10.953750157651326">
</wpt>
<wpt lat="52.675034251572328" lon="11.443209203431179">
</wpt>
<wpt lat="52.675034251572328" lon="11.458041295727538">
</wpt>
<wpt lat="52.675034251572328" lon="11.472873388023897">
</wpt>
<wpt lat="52.675034251572328" lon="11.487705480320257">
</wpt>
<wpt lat="52.675034251572328" lon="12.125485449063701">
</wpt>
<wpt lat="52.675034251572328" lon="12.14031754136006">
</wpt>
<wpt lat="52.675034251572328" lon="12.15514963365642">
</wpt>
<wpt lat="52.675034251572328" lon="12.288638464323652">
</wpt>
<wpt lat="52.675034251572328" lon="12.422127294990885">
</wpt>
<wpt lat="52.675034251572328" lon="12.436959387287244">
</wpt>
<wpt lat="52.675034251572328" lon="12.451791479583603">
</wpt>
<wpt lat="52.675034251572328" lon="12.466623571879962">
</wpt>
<wpt lat="52.675034251572328" lon="12.540784033361758">
</wpt>
<wpt lat="52.675034251572328" lon="12.555616125658117">
</wpt>
<wpt lat="52.675034251572328" lon="12.778097510103505">
</wpt>
<wpt lat="52.675034251572328" lon="12.792929602399864">
</wpt>
<wpt lat="52.675034251572328" lon="12.807761694696223">
</wpt>
<wpt lat="52.675034251572328" lon="12.822593786992583">
</wpt>
<wpt lat="52.675034251572328" lon="12.837425879288942">
</wpt>
<wpt lat="52.675034251572328" lon="12.852257971585301">
</wpt>
<wpt lat="52.675034251572328" lon="12.86709006388166">
</wpt>
<wpt lat="52.675034251572328" lon="13.059907263734329">
</wpt>
<wpt lat="52.675034251572328" lon="14.12781790907219">
</wpt>
<wpt lat="52.675034251572328" lon="14.142650001368549">
</wpt>
<wpt lat="52.675034251572328" lon="14.276138832035782">
</wpt>
<wpt lat="52.675034251572328" lon="14.290970924332141">
</wpt>
<wpt lat="52.675034251572328" lon="14.3058030166285">
</wpt>
<wpt lat="52.675034251572328" lon="14.32063510892486">
</wpt>
<wpt lat="52.675034251572328" lon="14.379963478110296">
</wpt>
<wpt lat="52.684027467631516" lon="7.127329941201493">
</wpt>
<wpt lat="52.684027467631516" lon="7.691065503150396">
</wpt>
<wpt lat="52.684027467631516" lon="7.705900649517472">
</wpt>
<wpt lat="52.684027467631516" lon="7.720735795884549">
</wpt>
<wpt lat="52.684027467631516" lon="7.735570942251625">
</wpt>
<wpt lat="52.684027467631516" lon="7.750406088618702">
</wpt>
<wpt lat="52.684027467631516" lon="7.765241234985778">
</wpt>
<wpt lat="52.684027467631516" lon="8.37348223603591">
</wpt>
<wpt lat="52.684027467631516" lon="8.729525748845743">
</wpt>
<wpt lat="52.684027467631516" lon="8.74436089521282">
</wpt>
<wpt lat="52.684027467631516" lon="10.939962557540126">
</wpt>
<wpt lat="52.684027467631516" lon="10.954797703907202">
</wpt>
<wpt lat="52.684027467631516" lon="10.969632850274278">
</wpt>
<wpt lat="52.684027467631516" lon="11.444357534020723">
</wpt>
<wpt lat="52.684027467631516" lon="11.459192680387799">
</wpt>
<wpt lat="52.684027467631516" lon="11.474027826754876">
</wpt>
<wpt lat="52.684027467631516" lon="11.488862973121952">
</wpt>
<wpt lat="52.684027467631516" lon="12.126774266906237">
</wpt>
<wpt lat="52.684027467631516" lon="12.141609413273313">
</wpt>
<wpt lat="52.684027467631516" lon="12.15644455964039">
</wpt>
<wpt lat="52.684027467631516" lon="12.275125730577001">
</wpt>
<wpt lat="52.684027467631516" lon="12.289960876944077">
</wpt>
<wpt lat="52.684027467631516" lon="12.423477194247765">
</wpt>
<wpt lat="52.684027467631516" lon="12.438312340614841">
</wpt>
<wpt lat="52.684027467631516" lon="12.453147486981917">
</wpt>
<wpt lat="52.684027467631516" lon="12.467982633348994">
</wpt>
<wpt lat="52.684027467631516" lon="12.48281777971607">
</wpt>
<wpt lat="52.684027467631516" lon="12.497652926083147">
</wpt>
<wpt lat="52.684027467631516" lon="12.512488072450223">
</wpt>
<wpt lat="52.684027467631516" lon="12.527323218817299">
</wpt>
<wpt lat="52.684027467631516" lon="12.542158365184376">
</wpt>
<wpt lat="52.684027467631516" lon="12.809190999791751">
</wpt>
<wpt lat="52.684027467631516" lon="12.824026146158827">
</wpt>
<wpt lat="52.684027467631516" lon="12.838861292525904">
</wpt>
<wpt lat="52.684027467631516" lon="12.85369643889298">
</wpt>
<wpt lat="52.684027467631516" lon="12.868531585260056">
</wpt>
<wpt lat="52.684027467631516" lon="13.892156684588327">
</wpt>
<wpt lat="52.684027467631516" lon="13.92182697732248">
</wpt>
<wpt lat="52.684027467631516" lon="13.936662123689556">
</wpt>
<wpt lat="52.684027467631516" lon="14.263035343765237">
</wpt>
<wpt lat="52.684027467631516" lon="14.277870490132313">
</wpt>
<wpt lat="52.684027467631516" lon="14.29270563649939">
</wpt>
<wpt lat="52.693020683690705" lon="7.721117757677299">
</wpt>
<wpt lat="52.693020683690705" lon="7.735955959738718">
</wpt>
<wpt lat="52.693020683690705" lon="7.750794161800136">
</wpt>
<wpt lat="52.693020683690705" lon="7.765632363861554">
</wpt>
<wpt lat="52.693020683690705" lon="8.373998648379731">
</wpt>
<wpt lat="52.693020683690705" lon="8.38883685044115">
</wpt>
<wpt lat="52.693020683690705" lon="9.783627844214562">
</wpt>
<wpt lat="52.693020683690705" lon="9.798466046275982">
</wpt>
<wpt lat="52.693020683690705" lon="9.813304248337401">
</wpt>
<wpt lat="52.693020683690705" lon="9.82814245039882">
</wpt>
<wpt lat="52.693020683690705" lon="9.842980652460239">
</wpt>
<wpt lat="52.693020683690705" lon="10.941007605005266">
</wpt>
<wpt lat="52.693020683690705" lon="10.955845807066686">
</wpt>
<wpt lat="52.693020683690705" lon="10.970684009128105">
</wpt>
<wpt lat="52.693020683690705" lon="11.460344677154941">
</wpt>
<wpt lat="52.693020683690705" lon="11.47518287921636">
</wpt>
<wpt lat="52.693020683690705" lon="12.113225567857389">
</wpt>
<wpt lat="52.693020683690705" lon="12.128063769918809">
</wpt>
<wpt lat="52.693020683690705" lon="12.142901971980228">
</wpt>
<wpt lat="52.693020683690705" lon="12.157740174041647">
</wpt>
<wpt lat="52.693020683690705" lon="12.172578376103067">
</wpt>
<wpt lat="52.693020683690705" lon="12.276445790533002">
</wpt>
<wpt lat="52.693020683690705" lon="12.291283992594421">
</wpt>
<wpt lat="52.693020683690705" lon="12.409989609085775">
</wpt>
<wpt lat="52.693020683690705" lon="12.424827811147194">
</wpt>
<wpt lat="52.693020683690705" lon="12.439666013208614">
</wpt>
<wpt lat="52.693020683690705" lon="12.454504215270033">
</wpt>
<wpt lat="52.693020683690705" lon="12.469342417331452">
</wpt>
<wpt lat="52.693020683690705" lon="12.543533427638549">
</wpt>
<wpt lat="52.693020683690705" lon="12.840297468866934">
</wpt>
<wpt lat="52.693020683690705" lon="13.893809815227703">
</wpt>
<wpt lat="52.693020683690705" lon="14.264764866763185">
</wpt>
<wpt lat="52.693020683690705" lon="14.279603068824605">
</wpt>
<wpt lat="52.702013899749893" lon="7.068484509823797">
</wpt>
<wpt lat="52.702013899749893" lon="7.721499922567588">
</wpt>
<wpt lat="52.702013899749893" lon="7.736341181948129">
</wpt>
<wpt lat="52.702013899749893" lon="7.75118244132867">
</wpt>
<wpt lat="52.702013899749893" lon="7.76602370070921">
</wpt>
<wpt lat="52.702013899749893" lon="8.38935659469192">
</wpt>
<wpt lat="52.702013899749893" lon="8.404197854072461">
</wpt>
<wpt lat="52.702013899749893" lon="9.457927270090851">
</wpt>
<wpt lat="52.702013899749893" lon="9.739911198321124">
</wpt>
<wpt lat="52.702013899749893" lon="9.754752457701665">
</wpt>
<wpt lat="52.702013899749893" lon="9.769593717082206">
</wpt>
<wpt lat="52.702013899749893" lon="9.784434976462746">
</wpt>
<wpt lat="52.702013899749893" lon="9.799276235843287">
</wpt>
<wpt lat="52.702013899749893" lon="9.814117495223828">
</wpt>
<wpt lat="52.702013899749893" lon="9.828958754604368">
</wpt>
<wpt lat="52.702013899749893" lon="9.843800013984909">
</wpt>
<wpt lat="52.702013899749893" lon="10.942053208144921">
</wpt>
<wpt lat="52.702013899749893" lon="10.956894467525462">
</wpt>
<wpt lat="52.702013899749893" lon="10.971735726906003">
</wpt>
<wpt lat="52.702013899749893" lon="10.986576986286543">
</wpt>
<wpt lat="52.702013899749893" lon="12.025465142924393">
</wpt>
<wpt lat="52.702013899749893" lon="12.099671439827096">
</wpt>
<wpt lat="52.702013899749893" lon="12.114512699207637">
</wpt>
<wpt lat="52.702013899749893" lon="12.129353958588178">
</wpt>
<wpt lat="52.702013899749893" lon="12.144195217968718">
</wpt>
<wpt lat="52.702013899749893" lon="12.159036477349259">
</wpt>
<wpt lat="52.702013899749893" lon="12.1738777367298">
</wpt>
<wpt lat="52.702013899749893" lon="12.188718996110341">
</wpt>
<wpt lat="52.702013899749893" lon="12.248084033632503">
</wpt>
<wpt lat="52.702013899749893" lon="12.262925293013044">
</wpt>
<wpt lat="52.702013899749893" lon="12.277766552393585">
</wpt>
<wpt lat="52.702013899749893" lon="12.292607811774126">
</wpt>
<wpt lat="52.702013899749893" lon="12.307449071154666">
</wpt>
<wpt lat="52.702013899749893" lon="12.39649662743791">
</wpt>
<wpt lat="52.702013899749893" lon="12.411337886818451">
</wpt>
<wpt lat="52.702013899749893" lon="12.426179146198992">
</wpt>
<wpt lat="52.702013899749893" lon="12.441020405579533">
</wpt>
<wpt lat="52.702013899749893" lon="12.455861664960073">
</wpt>
<wpt lat="52.702013899749893" lon="14.251654050005499">
</wpt>
<wpt lat="52.702013899749893" lon="14.266495309386039">
</wpt>
<wpt lat="52.711007115809082" lon="8.404720933677275">
</wpt>
<wpt lat="52.711007115809082" lon="8.419565252002874">
</wpt>
<wpt lat="52.711007115809082" lon="8.434409570328473">
</wpt>
<wpt lat="52.711007115809082" lon="9.428978898143596">
</wpt>
<wpt lat="52.711007115809082" lon="9.443823216469195">
</wpt>
<wpt lat="52.711007115809082" lon="9.458667534794793">
</wpt>
<wpt lat="52.711007115809082" lon="9.473511853120392">
</wpt>
<wpt lat="52.711007115809082" lon="9.725865264655573">
</wpt>
<wpt lat="52.711007115809082" lon="9.740709582981172">
</wpt>
<wpt lat="52.711007115809082" lon="9.75555390130677">
</wpt>
<wpt lat="52.711007115809082" lon="9.770398219632369">
</wpt>
<wpt lat="52.711007115809082" lon="9.785242537957968">
</wpt>
<wpt lat="52.711007115809082" lon="9.800086856283567">
</wpt>
<wpt lat="52.711007115809082" lon="9.814931174609166">
</wpt>
<wpt lat="52.711007115809082" lon="9.874308447911561">
</wpt>
<wpt lat="52.711007115809082" lon="10.111817541121143">
</wpt>
<wpt lat="52.711007115809082" lon="10.943099367354678">
</wpt>
<wpt lat="52.711007115809082" lon="10.957943685680277">
</wpt>
<wpt lat="52.711007115809082" lon="10.972788004005876">
</wpt>
<wpt lat="52.711007115809082" lon="10.987632322331475">
</wpt>
<wpt lat="52.711007115809082" lon="12.100956196751389">
</wpt>
<wpt lat="52.711007115809082" lon="12.175177788379383">
</wpt>
<wpt lat="52.711007115809082" lon="12.190022106704982">
</wpt>
<wpt lat="52.711007115809082" lon="12.204866425030581">
</wpt>
<wpt lat="52.711007115809082" lon="12.219710743356179">
</wpt>
<wpt lat="52.711007115809082" lon="12.234555061681778">
</wpt>
<wpt lat="52.711007115809082" lon="12.249399380007377">
</wpt>
<wpt lat="52.711007115809082" lon="12.264243698332976">
</wpt>
<wpt lat="52.711007115809082" lon="12.279088016658575">
</wpt>
<wpt lat="52.711007115809082" lon="12.293932334984174">
</wpt>
<wpt lat="52.711007115809082" lon="12.308776653309772">
</wpt>
<wpt lat="52.711007115809082" lon="12.323620971635371">
</wpt>
<wpt lat="52.711007115809082" lon="12.382998244937767">
</wpt>
<wpt lat="52.711007115809082" lon="12.397842563263366">
</wpt>
<wpt lat="52.711007115809082" lon="12.412686881588964">
</wpt>
<wpt lat="52.711007115809082" lon="12.427531199914563">
</wpt>
<wpt lat="52.711007115809082" lon="12.442375518240162">
</wpt>
<wpt lat="52.711007115809082" lon="12.709573248100941">
</wpt>
<wpt lat="52.711007115809082" lon="12.72441756642654">
</wpt>
<wpt lat="52.711007115809082" lon="13.76351984921846">
</wpt>
<wpt lat="52.711007115809082" lon="14.253382353963222">
</wpt>
<wpt lat="52.72000033186827" lon="7.395622526467896">
</wpt>
<wpt lat="52.72000033186827" lon="8.420091670412409">
</wpt>
<wpt lat="52.72000033186827" lon="8.434939049310156">
</wpt>
<wpt lat="52.72000033186827" lon="8.449786428207902">
</wpt>
<wpt lat="52.72000033186827" lon="8.924902552935793">
</wpt>
<wpt lat="52.72000033186827" lon="9.37032391986819">
</wpt>
<wpt lat="52.72000033186827" lon="9.385171298765936">
</wpt>
<wpt lat="52.72000033186827" lon="9.414866056561429">
</wpt>
<wpt lat="52.72000033186827" lon="9.429713435459176">
</wpt>
<wpt lat="52.72000033186827" lon="9.444560814356922">
</wpt>
<wpt lat="52.72000033186827" lon="9.459408193254669">
</wpt>
<wpt lat="52.72000033186827" lon="9.474255572152416">
</wpt>
<wpt lat="52.72000033186827" lon="9.489102951050162">
</wpt>
<wpt lat="52.72000033186827" lon="9.711813634516361">
</wpt>
<wpt lat="52.72000033186827" lon="9.726661013414107">
</wpt>
<wpt lat="52.72000033186827" lon="9.741508392311854">
</wpt>
<wpt lat="52.72000033186827" lon="9.7563557712096">
</wpt>
<wpt lat="52.72000033186827" lon="9.771203150107347">
</wpt>
<wpt lat="52.72000033186827" lon="9.786050529005093">
</wpt>
<wpt lat="52.72000033186827" lon="9.80089790790284">
</wpt>
<wpt lat="52.72000033186827" lon="10.023608591369038">
</wpt>
<wpt lat="52.72000033186827" lon="10.038455970266785">
</wpt>
<wpt lat="52.72000033186827" lon="10.097845485857771">
</wpt>
<wpt lat="52.72000033186827" lon="10.944146083029326">
</wpt>
<wpt lat="52.72000033186827" lon="10.958993461927072">
</wpt>
<wpt lat="52.72000033186827" lon="10.973840840824819">
</wpt>
<wpt lat="52.72000033186827" lon="10.988688219722565">
</wpt>
<wpt lat="52.72000033186827" lon="11.003535598620312">
</wpt>
<wpt lat="52.72000033186827" lon="12.042852121462571">
</wpt>
<wpt lat="52.72000033186827" lon="12.057699500360318">
</wpt>
<wpt lat="52.72000033186827" lon="12.072546879258065">
</wpt>
<wpt lat="52.72000033186827" lon="12.087394258155811">
</wpt>
<wpt lat="52.72000033186827" lon="12.102241637053558">
</wpt>
<wpt lat="52.72000033186827" lon="12.176478531542291">
</wpt>
<wpt lat="52.72000033186827" lon="12.191325910440037">
</wpt>
<wpt lat="52.72000033186827" lon="12.206173289337784">
</wpt>
<wpt lat="52.72000033186827" lon="12.22102066823553">
</wpt>
<wpt lat="52.72000033186827" lon="12.235868047133277">
</wpt>
<wpt lat="52.72000033186827" lon="12.250715426031023">
</wpt>
<wpt lat="52.72000033186827" lon="12.26556280492877">
</wpt>
<wpt lat="52.72000033186827" lon="12.280410183826517">
</wpt>
<wpt lat="52.72000033186827" lon="12.295257562724263">
</wpt>
<wpt lat="52.72000033186827" lon="12.31010494162201">
</wpt>
<wpt lat="52.72000033186827" lon="12.399189215008489">
</wpt>
<wpt lat="52.72000033186827" lon="12.414036593906236">
</wpt>
<wpt lat="52.72000033186827" lon="12.428883972803982">
</wpt>
<wpt lat="52.72000033186827" lon="12.69613679296342">
</wpt>
<wpt lat="52.72000033186827" lon="12.710984171861167">
</wpt>
<wpt lat="52.72000033186827" lon="12.725831550758913">
</wpt>
<wpt lat="52.728993547927459" lon="7.366237050912615">
</wpt>
<wpt lat="52.728993547927459" lon="8.420618368880865">
</wpt>
<wpt lat="52.728993547927459" lon="8.435468809979008">
</wpt>
<wpt lat="52.728993547927459" lon="8.450319251077152">
</wpt>
<wpt lat="52.728993547927459" lon="9.118589100493624">
</wpt>
<wpt lat="52.728993547927459" lon="9.385897040260213">
</wpt>
<wpt lat="52.728993547927459" lon="9.400747481358357">
</wpt>
<wpt lat="52.728993547927459" lon="9.415597922456501">
</wpt>
<wpt lat="52.728993547927459" lon="9.430448363554644">
</wpt>
<wpt lat="52.728993547927459" lon="9.445298804652788">
</wpt>
<wpt lat="52.728993547927459" lon="9.460149245750932">
</wpt>
<wpt lat="52.728993547927459" lon="9.474999686849076">
</wpt>
<wpt lat="52.728993547927459" lon="9.48985012794722">
</wpt>
<wpt lat="52.728993547927459" lon="9.712606744419377">
</wpt>
<wpt lat="52.728993547927459" lon="9.727457185517521">
</wpt>
<wpt lat="52.728993547927459" lon="9.742307626615665">
</wpt>
<wpt lat="52.728993547927459" lon="9.757158067713808">
</wpt>
<wpt lat="52.728993547927459" lon="9.772008508811952">
</wpt>
<wpt lat="52.728993547927459" lon="9.786858949910096">
</wpt>
<wpt lat="52.728993547927459" lon="10.024466007480397">
</wpt>
<wpt lat="52.728993547927459" lon="10.039316448578541">
</wpt>
<wpt lat="52.728993547927459" lon="10.054166889676685">
</wpt>
<wpt lat="52.728993547927459" lon="10.069017330774829">
</wpt>
<wpt lat="52.728993547927459" lon="10.083867771872972">
</wpt>
<wpt lat="52.728993547927459" lon="10.841240267878307">
</wpt>
<wpt lat="52.728993547927459" lon="10.945193355565314">
</wpt>
<wpt lat="52.728993547927459" lon="10.960043796663458">
</wpt>
<wpt lat="52.728993547927459" lon="10.974894237761601">
</wpt>
<wpt lat="52.728993547927459" lon="10.989744678859745">
</wpt>
<wpt lat="52.728993547927459" lon="11.004595119957889">
</wpt>
<wpt lat="52.728993547927459" lon="11.019445561056033">
</wpt>
<wpt lat="52.728993547927459" lon="12.044125996827956">
</wpt>
<wpt lat="52.728993547927459" lon="12.0589764379261">
</wpt>
<wpt lat="52.728993547927459" lon="12.073826879024244">
</wpt>
<wpt lat="52.728993547927459" lon="12.177779966711251">
</wpt>
<wpt lat="52.728993547927459" lon="12.192630407809395">
</wpt>
<wpt lat="52.728993547927459" lon="12.207480848907538">
</wpt>
<wpt lat="52.728993547927459" lon="12.222331290005682">
</wpt>
<wpt lat="52.728993547927459" lon="12.237181731103826">
</wpt>
<wpt lat="52.728993547927459" lon="12.25203217220197">
</wpt>
<wpt lat="52.728993547927459" lon="12.266882613300114">
</wpt>
<wpt lat="52.728993547927459" lon="12.281733054398257">
</wpt>
<wpt lat="52.728993547927459" lon="12.296583495496401">
</wpt>
<wpt lat="52.728993547927459" lon="12.415387024281552">
</wpt>
<wpt lat="52.728993547927459" lon="12.697545405146284">
</wpt>
<wpt lat="52.728993547927459" lon="12.712395846244428">
</wpt>
<wpt lat="52.728993547927459" lon="12.727246287342572">
</wpt>
<wpt lat="52.728993547927459" lon="14.063785986175516">
</wpt>
<wpt lat="52.737986763986648" lon="7.351692992794968">
</wpt>
<wpt lat="52.737986763986648" lon="8.42114534760732">
</wpt>
<wpt lat="52.737986763986648" lon="8.435998852535269">
</wpt>
<wpt lat="52.737986763986648" lon="8.450852357463218">
</wpt>
<wpt lat="52.737986763986648" lon="8.926164515157579">
</wpt>
<wpt lat="52.737986763986648" lon="8.941018020085528">
</wpt>
<wpt lat="52.737986763986648" lon="8.955871525013476">
</wpt>
<wpt lat="52.737986763986648" lon="9.119260079220913">
</wpt>
<wpt lat="52.737986763986648" lon="9.386623167923991">
</wpt>
<wpt lat="52.737986763986648" lon="9.40147667285194">
</wpt>
<wpt lat="52.737986763986648" lon="9.416330177779889">
</wpt>
<wpt lat="52.737986763986648" lon="9.431183682707838">
</wpt>
<wpt lat="52.737986763986648" lon="9.446037187635786">
</wpt>
<wpt lat="52.737986763986648" lon="9.460890692563735">
</wpt>
<wpt lat="52.737986763986648" lon="9.475744197491684">
</wpt>
<wpt lat="52.737986763986648" lon="9.490597702419633">
</wpt>
<wpt lat="52.737986763986648" lon="9.505451207347582">
</wpt>
<wpt lat="52.737986763986648" lon="9.728253781266814">
</wpt>
<wpt lat="52.737986763986648" lon="9.743107286194762">
</wpt>
<wpt lat="52.737986763986648" lon="9.757960791122711">
</wpt>
<wpt lat="52.737986763986648" lon="9.77281429605066">
</wpt>
<wpt lat="52.737986763986648" lon="9.787667800978609">
</wpt>
<wpt lat="52.737986763986648" lon="10.055030889681687">
</wpt>
<wpt lat="52.737986763986648" lon="10.069884394609636">
</wpt>
<wpt lat="52.737986763986648" lon="10.782852631151178">
</wpt>
<wpt lat="52.737986763986648" lon="10.797706136079126">
</wpt>
<wpt lat="52.737986763986648" lon="10.812559641007075">
</wpt>
<wpt lat="52.737986763986648" lon="10.827413145935024">
</wpt>
<wpt lat="52.737986763986648" lon="10.946241185358614">
</wpt>
<wpt lat="52.737986763986648" lon="10.961094690286563">
</wpt>
<wpt lat="52.737986763986648" lon="10.975948195214512">
</wpt>
<wpt lat="52.737986763986648" lon="10.990801700142461">
</wpt>
<wpt lat="52.737986763986648" lon="11.00565520507041">
</wpt>
<wpt lat="52.737986763986648" lon="11.020508709998358">
</wpt>
<wpt lat="52.737986763986648" lon="11.035362214926307">
</wpt>
<wpt lat="52.737986763986648" lon="12.045400550026825">
</wpt>
<wpt lat="52.737986763986648" lon="12.060254054954774">
</wpt>
<wpt lat="52.737986763986648" lon="12.164228589450415">
</wpt>
<wpt lat="52.737986763986648" lon="12.179082094378364">
</wpt>
<wpt lat="52.737986763986648" lon="12.193935599306313">
</wpt>
<wpt lat="52.737986763986648" lon="12.208789104234262">
</wpt>
<wpt lat="52.737986763986648" lon="12.22364260916221">
</wpt>
<wpt lat="52.737986763986648" lon="12.238496114090159">
</wpt>
<wpt lat="52.737986763986648" lon="12.253349619018108">
</wpt>
<wpt lat="52.737986763986648" lon="12.268203123946057">
</wpt>
<wpt lat="52.737986763986648" lon="12.283056628874006">
</wpt>
<wpt lat="52.737986763986648" lon="12.416738173225545">
</wpt>
<wpt lat="52.737986763986648" lon="12.669247757000674">
</wpt>
<wpt lat="52.737986763986648" lon="12.684101261928623">
</wpt>
<wpt lat="52.737986763986648" lon="12.698954766856572">
</wpt>
<wpt lat="52.737986763986648" lon="12.71380827178452">
</wpt>
<wpt lat="52.737986763986648" lon="12.728661776712469">
</wpt>
<wpt lat="52.737986763986648" lon="12.743515281640418">
</wpt>
<wpt lat="52.737986763986648" lon="14.050623715299912">
</wpt>
<wpt lat="52.737986763986648" lon="14.258572784291195">
</wpt>
<wpt lat="52.737986763986648" lon="14.31798680400299">
</wpt>
<wpt lat="52.746979980045836" lon="7.084581271842358">
</wpt>
<wpt lat="52.746979980045836" lon="7.144007553395644">
</wpt>
<wpt lat="52.746979980045836" lon="7.158864123783966">
</wpt>
<wpt lat="52.746979980045836" lon="7.351999538832144">
</wpt>
<wpt lat="52.746979980045836" lon="8.926795999994217">
</wpt>
<wpt lat="52.746979980045836" lon="8.941652570382539">
</wpt>
<wpt lat="52.746979980045836" lon="8.95650914077086">
</wpt>
<wpt lat="52.746979980045836" lon="9.06050513348911">
</wpt>
<wpt lat="52.746979980045836" lon="9.075361703877432">
</wpt>
<wpt lat="52.746979980045836" lon="9.119931415042396">
</wpt>
<wpt lat="52.746979980045836" lon="9.417062822808825">
</wpt>
<wpt lat="52.746979980045836" lon="9.431919393197147">
</wpt>
<wpt lat="52.746979980045836" lon="9.446775963585468">
</wpt>
<wpt lat="52.746979980045836" lon="9.461632533973789">
</wpt>
<wpt lat="52.746979980045836" lon="9.476489104362111">
</wpt>
<wpt lat="52.746979980045836" lon="9.491345674750432">
</wpt>
<wpt lat="52.746979980045836" lon="9.506202245138754">
</wpt>
<wpt lat="52.746979980045836" lon="9.521058815527075">
</wpt>
<wpt lat="52.746979980045836" lon="9.729050800963575">
</wpt>
<wpt lat="52.746979980045836" lon="9.743907371351897">
</wpt>
<wpt lat="52.746979980045836" lon="9.758763941740218">
</wpt>
<wpt lat="52.746979980045836" lon="9.77362051212854">
</wpt>
<wpt lat="52.746979980045836" lon="9.788477082516861">
</wpt>
<wpt lat="52.746979980045836" lon="9.803333652905183">
</wpt>
<wpt lat="52.746979980045836" lon="10.769010728146077">
</wpt>
<wpt lat="52.746979980045836" lon="10.783867298534398">
</wpt>
<wpt lat="52.746979980045836" lon="10.798723868922719">
</wpt>
<wpt lat="52.746979980045836" lon="10.813580439311041">
</wpt>
<wpt lat="52.746979980045836" lon="10.828437009699362">
</wpt>
<wpt lat="52.746979980045836" lon="10.947289572805934">
</wpt>
<wpt lat="52.746979980045836" lon="10.962146143194255">
</wpt>
<wpt lat="52.746979980045836" lon="10.977002713582577">
</wpt>
<wpt lat="52.746979980045836" lon="10.991859283970898">
</wpt>
<wpt lat="52.746979980045836" lon="11.00671585435922">
</wpt>
<wpt lat="52.746979980045836" lon="11.021572424747541">
</wpt>
<wpt lat="52.746979980045836" lon="11.036428995135863">
</wpt>
<wpt lat="52.746979980045836" lon="11.051285565524184">
</wpt>
<wpt lat="52.746979980045836" lon="12.180384915036614">
</wpt>
<wpt lat="52.746979980045836" lon="12.195241485424935">
</wpt>
<wpt lat="52.746979980045836" lon="12.210098055813257">
</wpt>
<wpt lat="52.746979980045836" lon="12.224954626201578">
</wpt>
<wpt lat="52.746979980045836" lon="12.239811196589899">
</wpt>
<wpt lat="52.746979980045836" lon="12.254667766978221">
</wpt>
<wpt lat="52.746979980045836" lon="12.269524337366542">
</wpt>
<wpt lat="52.746979980045836" lon="12.284380907754864">
</wpt>
<wpt lat="52.746979980045836" lon="12.418090041249757">
</wpt>
<wpt lat="52.746979980045836" lon="12.640938597074578">
</wpt>
<wpt lat="52.746979980045836" lon="12.6557951674629">
</wpt>
<wpt lat="52.746979980045836" lon="12.670651737851221">
</wpt>
<wpt lat="52.746979980045836" lon="12.685508308239543">
</wpt>
<wpt lat="52.746979980045836" lon="12.700364878627864">
</wpt>
<wpt lat="52.746979980045836" lon="12.715221449016186">
</wpt>
<wpt lat="52.746979980045836" lon="12.730078019404507">
</wpt>
<wpt lat="52.746979980045836" lon="12.744934589792829">
</wpt>
<wpt lat="52.746979980045836" lon="12.75979116018115">
</wpt>
<wpt lat="52.746979980045836" lon="12.774647730569471">
</wpt>
<wpt lat="52.746979980045836" lon="14.037456213576794">
</wpt>
<wpt lat="52.746979980045836" lon="14.275161339789937">
</wpt>
<wpt lat="52.746979980045836" lon="14.290017910178259">
</wpt>
<wpt lat="52.746979980045836" lon="14.30487448056658">
</wpt>
<wpt lat="52.755973196105025" lon="7.14427132331627">
</wpt>
<wpt lat="52.755973196105025" lon="7.352306248042174">
</wpt>
<wpt lat="52.755973196105025" lon="7.649498997650609">
</wpt>
<wpt lat="52.755973196105025" lon="7.66435863513103">
</wpt>
<wpt lat="52.755973196105025" lon="7.679218272611452">
</wpt>
<wpt lat="52.755973196105025" lon="8.912568183486457">
</wpt>
<wpt lat="52.755973196105025" lon="8.927427820966878">
</wpt>
<wpt lat="52.755973196105025" lon="8.9422874584473">
</wpt>
<wpt lat="52.755973196105025" lon="9.120603108212361">
</wpt>
<wpt lat="52.755973196105025" lon="9.135462745692783">
</wpt>
<wpt lat="52.755973196105025" lon="9.432655495301217">
</wpt>
<wpt lat="52.755973196105025" lon="9.447515132781639">
</wpt>
<wpt lat="52.755973196105025" lon="9.462374770262061">
</wpt>
<wpt lat="52.755973196105025" lon="9.477234407742483">
</wpt>
<wpt lat="52.755973196105025" lon="9.492094045222904">
</wpt>
<wpt lat="52.755973196105025" lon="9.506953682703326">
</wpt>
<wpt lat="52.755973196105025" lon="9.71498860742923">
</wpt>
<wpt lat="52.755973196105025" lon="9.729848244909652">
</wpt>
<wpt lat="52.755973196105025" lon="9.744707882390074">
</wpt>
<wpt lat="52.755973196105025" lon="9.789286794831339">
</wpt>
<wpt lat="52.755973196105025" lon="9.804146432311761">
</wpt>
<wpt lat="52.755973196105025" lon="9.819006069792183">
</wpt>
<wpt lat="52.755973196105025" lon="10.770022868539174">
</wpt>
<wpt lat="52.755973196105025" lon="10.784882506019596">
</wpt>
<wpt lat="52.755973196105025" lon="10.799742143500017">
</wpt>
<wpt lat="52.755973196105025" lon="10.814601780980439">
</wpt>
<wpt lat="52.755973196105025" lon="10.829461418460861">
</wpt>
<wpt lat="52.755973196105025" lon="10.948338518304235">
</wpt>
<wpt lat="52.755973196105025" lon="10.963198155784657">
</wpt>
<wpt lat="52.755973196105025" lon="10.978057793265078">
</wpt>
<wpt lat="52.755973196105025" lon="10.9929174307455">
</wpt>
<wpt lat="52.755973196105025" lon="11.007777068225922">
</wpt>
<wpt lat="52.755973196105025" lon="11.022636705706343">
</wpt>
<wpt lat="52.755973196105025" lon="11.037496343186765">
</wpt>
<wpt lat="52.755973196105025" lon="12.166828791698817">
</wpt>
<wpt lat="52.755973196105025" lon="12.181688429179239">
</wpt>
<wpt lat="52.755973196105025" lon="12.196548066659661">
</wpt>
<wpt lat="52.755973196105025" lon="12.211407704140083">
</wpt>
<wpt lat="52.755973196105025" lon="12.226267341620504">
</wpt>
<wpt lat="52.755973196105025" lon="12.241126979100926">
</wpt>
<wpt lat="52.755973196105025" lon="12.255986616581348">
</wpt>
<wpt lat="52.755973196105025" lon="12.27084625406177">
</wpt>
<wpt lat="52.755973196105025" lon="12.285705891542191">
</wpt>
<wpt lat="52.755973196105025" lon="12.419442628865987">
</wpt>
<wpt lat="52.755973196105025" lon="12.642337191072313">
</wpt>
<wpt lat="52.755973196105025" lon="12.657196828552735">
</wpt>
<wpt lat="52.755973196105025" lon="12.672056466033156">
</wpt>
<wpt lat="52.755973196105025" lon="12.686916103513578">
</wpt>
<wpt lat="52.755973196105025" lon="12.701775740994">
</wpt>
<wpt lat="52.755973196105025" lon="14.276897313918704">
</wpt>
<wpt lat="52.764966412164213" lon="7.35261312054123">
</wpt>
<wpt lat="52.764966412164213" lon="7.635004538444064">
</wpt>
<wpt lat="52.764966412164213" lon="7.649867244649476">
</wpt>
<wpt lat="52.764966412164213" lon="7.664729950854889">
</wpt>
<wpt lat="52.764966412164213" lon="7.679592657060301">
</wpt>
<wpt lat="52.764966412164213" lon="8.021434899784783">
</wpt>
<wpt lat="52.764966412164213" lon="8.928059978314879">
</wpt>
<wpt lat="52.764966412164213" lon="8.94292268452029">
</wpt>
<wpt lat="52.764966412164213" lon="9.180725983806873">
</wpt>
<wpt lat="52.764966412164213" lon="9.448254695504279">
</wpt>
<wpt lat="52.764966412164213" lon="9.46311740170969">
</wpt>
<wpt lat="52.764966412164213" lon="9.477980107915101">
</wpt>
<wpt lat="52.764966412164213" lon="9.492842814120513">
</wpt>
<wpt lat="52.764966412164213" lon="9.507705520325924">
</wpt>
<wpt lat="52.764966412164213" lon="9.730646113407095">
</wpt>
<wpt lat="52.764966412164213" lon="9.804959644434152">
</wpt>
<wpt lat="52.764966412164213" lon="9.819822350639564">
</wpt>
<wpt lat="52.764966412164213" lon="9.834685056844975">
</wpt>
<wpt lat="52.764966412164213" lon="9.849547763050387">
</wpt>
<wpt lat="52.764966412164213" lon="9.87927317546121">
</wpt>
<wpt lat="52.764966412164213" lon="10.771035547785894">
</wpt>
<wpt lat="52.764966412164213" lon="10.785898253991306">
</wpt>
<wpt lat="52.764966412164213" lon="10.800760960196717">
</wpt>
<wpt lat="52.764966412164213" lon="10.815623666402129">
</wpt>
<wpt lat="52.764966412164213" lon="10.83048637260754">
</wpt>
<wpt lat="52.764966412164213" lon="10.949388022250831">
</wpt>
<wpt lat="52.764966412164213" lon="10.964250728456243">
</wpt>
<wpt lat="52.764966412164213" lon="10.979113434661654">
</wpt>
<wpt lat="52.764966412164213" lon="10.993976140867066">
</wpt>
<wpt lat="52.764966412164213" lon="11.008838847072477">
</wpt>
<wpt lat="52.764966412164213" lon="11.023701553277888">
</wpt>
<wpt lat="52.764966412164213" lon="11.0385642594833">
</wpt>
<wpt lat="52.764966412164213" lon="12.168129931094567">
</wpt>
<wpt lat="52.764966412164213" lon="12.182992637299979">
</wpt>
<wpt lat="52.764966412164213" lon="12.19785534350539">
</wpt>
<wpt lat="52.764966412164213" lon="12.212718049710801">
</wpt>
<wpt lat="52.764966412164213" lon="12.227580755916213">
</wpt>
<wpt lat="52.764966412164213" lon="12.242443462121624">
</wpt>
<wpt lat="52.764966412164213" lon="12.257306168327036">
</wpt>
<wpt lat="52.764966412164213" lon="12.272168874532447">
</wpt>
<wpt lat="52.764966412164213" lon="12.287031580737859">
</wpt>
<wpt lat="52.764966412164213" lon="12.30189428694327">
</wpt>
<wpt lat="52.764966412164213" lon="12.40593323038115">
</wpt>
<wpt lat="52.764966412164213" lon="12.420795936586561">
</wpt>
<wpt lat="52.764966412164213" lon="12.435658642791973">
</wpt>
<wpt lat="52.764966412164213" lon="12.643736529667732">
</wpt>
<wpt lat="52.764966412164213" lon="12.658599235873144">
</wpt>
<wpt lat="52.764966412164213" lon="12.673461942078555">
</wpt>
<wpt lat="52.764966412164213" lon="12.688324648283967">
</wpt>
<wpt lat="52.764966412164213" lon="12.926127947570549">
</wpt>
<wpt lat="52.764966412164213" lon="12.940990653775961">
</wpt>
<wpt lat="52.764966412164213" lon="12.955853359981372">
</wpt>
<wpt lat="52.764966412164213" lon="12.970716066186784">
</wpt>
<wpt lat="52.764966412164213" lon="14.263771506057576">
</wpt>
<wpt lat="52.773959628223402" lon="7.635369911170129">
</wpt>
<wpt lat="52.773959628223402" lon="7.650235687734584">
</wpt>
<wpt lat="52.773959628223402" lon="8.036745878410413">
</wpt>
<wpt lat="52.773959628223402" lon="8.051611654974868">
</wpt>
<wpt lat="52.773959628223402" lon="8.943558248842214">
</wpt>
<wpt lat="52.773959628223402" lon="9.44899465203371">
</wpt>
<wpt lat="52.773959628223402" lon="9.463860428598165">
</wpt>
<wpt lat="52.773959628223402" lon="9.478726205162621">
</wpt>
<wpt lat="52.773959628223402" lon="9.493591981727077">
</wpt>
<wpt lat="52.773959628223402" lon="9.508457758291533">
</wpt>
<wpt lat="52.773959628223402" lon="9.523323534855988">
</wpt>
<wpt lat="52.773959628223402" lon="9.538189311420444">
</wpt>
<wpt lat="52.773959628223402" lon="9.805773289580648">
</wpt>
<wpt lat="52.773959628223402" lon="9.820639066145104">
</wpt>
<wpt lat="52.773959628223402" lon="9.835504842709559">
</wpt>
<wpt lat="52.773959628223402" lon="9.850370619274015">
</wpt>
<wpt lat="52.773959628223402" lon="9.865236395838471">
</wpt>
<wpt lat="52.773959628223402" lon="10.772048766270272">
</wpt>
<wpt lat="52.773959628223402" lon="10.786914542834728">
</wpt>
<wpt lat="52.773959628223402" lon="10.801780319399183">
</wpt>
<wpt lat="52.773959628223402" lon="10.816646095963639">
</wpt>
<wpt lat="52.773959628223402" lon="10.950438085043741">
</wpt>
<wpt lat="52.773959628223402" lon="10.965303861608197">
</wpt>
<wpt lat="52.773959628223402" lon="10.980169638172653">
</wpt>
<wpt lat="52.773959628223402" lon="10.995035414737108">
</wpt>
<wpt lat="52.773959628223402" lon="11.039632744430476">
</wpt>
<wpt lat="52.773959628223402" lon="11.991042444555644">
</wpt>
<wpt lat="52.773959628223402" lon="12.154565986764657">
</wpt>
<wpt lat="52.773959628223402" lon="12.169431763329113">
</wpt>
<wpt lat="52.773959628223402" lon="12.184297539893569">
</wpt>
<wpt lat="52.773959628223402" lon="12.199163316458025">
</wpt>
<wpt lat="52.773959628223402" lon="12.21402909302248">
</wpt>
<wpt lat="52.773959628223402" lon="12.228894869586936">
</wpt>
<wpt lat="52.773959628223402" lon="12.243760646151392">
</wpt>
<wpt lat="52.773959628223402" lon="12.258626422715848">
</wpt>
<wpt lat="52.773959628223402" lon="12.273492199280303">
</wpt>
<wpt lat="52.773959628223402" lon="12.288357975844759">
</wpt>
<wpt lat="52.773959628223402" lon="12.303223752409215">
</wpt>
<wpt lat="52.773959628223402" lon="12.392418411795949">
</wpt>
<wpt lat="52.773959628223402" lon="12.407284188360405">
</wpt>
<wpt lat="52.773959628223402" lon="12.422149964924861">
</wpt>
<wpt lat="52.773959628223402" lon="12.437015741489317">
</wpt>
<wpt lat="52.773959628223402" lon="12.451881518053773">
</wpt>
<wpt lat="52.773959628223402" lon="12.466747294618228">
</wpt>
<wpt lat="52.773959628223402" lon="12.481613071182684">
</wpt>
<wpt lat="52.773959628223402" lon="12.630270836827242">
</wpt>
<wpt lat="52.773959628223402" lon="12.645136613391697">
</wpt>
<wpt lat="52.773959628223402" lon="12.660002389956153">
</wpt>
<wpt lat="52.773959628223402" lon="12.674868166520609">
</wpt>
<wpt lat="52.773959628223402" lon="12.689733943085065">
</wpt>
<wpt lat="52.773959628223402" lon="12.912720591551901">
</wpt>
<wpt lat="52.773959628223402" lon="12.927586368116357">
</wpt>
<wpt lat="52.773959628223402" lon="12.942452144680813">
</wpt>
<wpt lat="52.773959628223402" lon="12.957317921245268">
</wpt>
<wpt lat="52.773959628223402" lon="12.972183697809724">
</wpt>
<wpt lat="52.773959628223402" lon="13.09110991032537">
</wpt>
<wpt lat="52.773959628223402" lon="13.105975686889826">
</wpt>
<wpt lat="52.773959628223402" lon="14.250640482352919">
</wpt>
<wpt lat="52.78295284428259" lon="7.650604327045874">
</wpt>
<wpt lat="52.78295284428259" lon="8.052063238131199">
</wpt>
<wpt lat="52.78295284428259" lon="8.944194151654189">
</wpt>
<wpt lat="52.78295284428259" lon="9.479472699767983">
</wpt>
<wpt lat="52.78295284428259" lon="9.4943415483267">
</wpt>
<wpt lat="52.78295284428259" lon="9.509210396885416">
</wpt>
<wpt lat="52.78295284428259" lon="9.524079245444133">
</wpt>
<wpt lat="52.78295284428259" lon="9.538948094002849">
</wpt>
<wpt lat="52.78295284428259" lon="9.553816942561566">
</wpt>
<wpt lat="52.78295284428259" lon="9.806587368059747">
</wpt>
<wpt lat="52.78295284428259" lon="9.821456216618463">
</wpt>
<wpt lat="52.78295284428259" lon="9.83632506517718">
</wpt>
<wpt lat="52.78295284428259" lon="9.851193913735896">
</wpt>
<wpt lat="52.78295284428259" lon="9.866062762294613">
</wpt>
<wpt lat="52.78295284428259" lon="10.77306252437632">
</wpt>
<wpt lat="52.78295284428259" lon="10.787931372935036">
</wpt>
<wpt lat="52.78295284428259" lon="10.802800221493753">
</wpt>
<wpt lat="52.78295284428259" lon="10.966357555639634">
</wpt>
<wpt lat="52.78295284428259" lon="10.981226404198351">
</wpt>
<wpt lat="52.78295284428259" lon="12.111258894660805">
</wpt>
<wpt lat="52.78295284428259" lon="12.126127743219522">
</wpt>
<wpt lat="52.78295284428259" lon="12.140996591778238">
</wpt>
<wpt lat="52.78295284428259" lon="12.155865440336955">
</wpt>
<wpt lat="52.78295284428259" lon="12.170734288895671">
</wpt>
<wpt lat="52.78295284428259" lon="12.185603137454388">
</wpt>
<wpt lat="52.78295284428259" lon="12.200471986013104">
</wpt>
<wpt lat="52.78295284428259" lon="12.215340834571821">
</wpt>
<wpt lat="52.78295284428259" lon="12.230209683130537">
</wpt>
<wpt lat="52.78295284428259" lon="12.245078531689254">
</wpt>
<wpt lat="52.78295284428259" lon="12.25994738024797">
</wpt>
<wpt lat="52.78295284428259" lon="12.334291623041553">
</wpt>
<wpt lat="52.78295284428259" lon="12.349160471600269">
</wpt>
<wpt lat="52.78295284428259" lon="12.364029320158986">
</wpt>
<wpt lat="52.78295284428259" lon="12.378898168717702">
</wpt>
<wpt lat="52.78295284428259" lon="12.393767017276419">
</wpt>
<wpt lat="52.78295284428259" lon="12.408635865835135">
</wpt>
<wpt lat="52.78295284428259" lon="12.423504714393852">
</wpt>
<wpt lat="52.78295284428259" lon="12.631668594215883">
</wpt>
<wpt lat="52.78295284428259" lon="12.6465374427746">
</wpt>
<wpt lat="52.78295284428259" lon="12.661406291333316">
</wpt>
<wpt lat="52.78295284428259" lon="12.89930786827278">
</wpt>
<wpt lat="52.78295284428259" lon="12.914176716831497">
</wpt>
<wpt lat="52.78295284428259" lon="12.929045565390213">
</wpt>
<wpt lat="52.78295284428259" lon="12.94391441394893">
</wpt>
<wpt lat="52.78295284428259" lon="12.958783262507646">
</wpt>
<wpt lat="52.78295284428259" lon="12.973652111066363">
</wpt>
<wpt lat="52.78295284428259" lon="13.077734050977378">
</wpt>
<wpt lat="52.78295284428259" lon="13.092602899536095">
</wpt>
<wpt lat="52.78295284428259" lon="13.107471748094811">
</wpt>
<wpt lat="52.78295284428259" lon="14.192897692881116">
</wpt>
<wpt lat="52.78295284428259" lon="14.207766541439833">
</wpt>
<wpt lat="52.78295284428259" lon="14.222635389998549">
</wpt>
<wpt lat="52.791946060341779" lon="7.368406641125344">
</wpt>
<wpt lat="52.791946060341779" lon="7.650973162723181">
</wpt>
<wpt lat="52.791946060341779" lon="8.944830393197432">
</wpt>
<wpt lat="52.791946060341779" lon="8.959702315386791">
</wpt>
<wpt lat="52.791946060341779" lon="9.495091514203713">
</wpt>
<wpt lat="52.791946060341779" lon="9.509963436393072">
</wpt>
<wpt lat="52.791946060341779" lon="9.53970728077179">
</wpt>
<wpt lat="52.791946060341779" lon="9.554579202961149">
</wpt>
<wpt lat="52.791946060341779" lon="9.747914191422815">
</wpt>
<wpt lat="52.791946060341779" lon="9.792529957990892">
</wpt>
<wpt lat="52.791946060341779" lon="9.807401880180251">
</wpt>
<wpt lat="52.791946060341779" lon="9.82227380236961">
</wpt>
<wpt lat="52.791946060341779" lon="9.837145724558969">
</wpt>
<wpt lat="52.791946060341779" lon="9.852017646748328">
</wpt>
<wpt lat="52.791946060341779" lon="9.866889568937687">
</wpt>
<wpt lat="52.791946060341779" lon="10.774076822488583">
</wpt>
<wpt lat="52.791946060341779" lon="10.788948744677942">
</wpt>
<wpt lat="52.791946060341779" lon="10.803820666867301">
</wpt>
<wpt lat="52.791946060341779" lon="10.967411810950249">
</wpt>
<wpt lat="52.791946060341779" lon="10.982283733139608">
</wpt>
<wpt lat="52.791946060341779" lon="11.056643344086403">
</wpt>
<wpt lat="52.791946060341779" lon="11.993574442016017">
</wpt>
<wpt lat="52.791946060341779" lon="12.112549819530889">
</wpt>
<wpt lat="52.791946060341779" lon="12.127421741720248">
</wpt>
<wpt lat="52.791946060341779" lon="12.142293663909607">
</wpt>
<wpt lat="52.791946060341779" lon="12.157165586098966">
</wpt>
<wpt lat="52.791946060341779" lon="12.172037508288325">
</wpt>
<wpt lat="52.791946060341779" lon="12.186909430477684">
</wpt>
<wpt lat="52.791946060341779" lon="12.201781352667043">
</wpt>
<wpt lat="52.791946060341779" lon="12.216653274856402">
</wpt>
<wpt lat="52.791946060341779" lon="12.231525197045761">
</wpt>
<wpt lat="52.791946060341779" lon="12.24639711923512">
</wpt>
<wpt lat="52.791946060341779" lon="12.350500574560632">
</wpt>
<wpt lat="52.791946060341779" lon="12.365372496749991">
</wpt>
<wpt lat="52.791946060341779" lon="12.38024441893935">
</wpt>
<wpt lat="52.791946060341779" lon="12.395116341128709">
</wpt>
<wpt lat="52.791946060341779" lon="12.409988263318068">
</wpt>
<wpt lat="52.791946060341779" lon="12.603323251779734">
</wpt>
<wpt lat="52.791946060341779" lon="12.618195173969093">
</wpt>
<wpt lat="52.791946060341779" lon="12.633067096158452">
</wpt>
<wpt lat="52.791946060341779" lon="12.647939018347811">
</wpt>
<wpt lat="52.791946060341779" lon="12.841274006809478">
</wpt>
<wpt lat="52.791946060341779" lon="12.856145928998837">
</wpt>
<wpt lat="52.791946060341779" lon="12.871017851188196">
</wpt>
<wpt lat="52.791946060341779" lon="12.885889773377555">
</wpt>
<wpt lat="52.791946060341779" lon="12.900761695566914">
</wpt>
<wpt lat="52.791946060341779" lon="12.915633617756272">
</wpt>
<wpt lat="52.791946060341779" lon="12.930505539945631">
</wpt>
<wpt lat="52.791946060341779" lon="12.94537746213499">
</wpt>
<wpt lat="52.791946060341779" lon="12.960249384324349">
</wpt>
<wpt lat="52.791946060341779" lon="12.975121306513708">
</wpt>
<wpt lat="52.791946060341779" lon="12.989993228703067">
</wpt>
<wpt lat="52.791946060341779" lon="13.064352839649862">
</wpt>
<wpt lat="52.791946060341779" lon="13.079224761839221">
</wpt>
<wpt lat="52.791946060341779" lon="14.209490848230502">
</wpt>
<wpt lat="52.800939276400968" lon="7.368717243212746">
</wpt>
<wpt lat="52.800939276400968" lon="9.495841879642674">
</wpt>
<wpt lat="52.800939276400968" lon="9.510716877100226">
</wpt>
<wpt lat="52.800939276400968" lon="9.525591874557778">
</wpt>
<wpt lat="52.800939276400968" lon="9.54046687201533">
</wpt>
<wpt lat="52.800939276400968" lon="9.748716836421057">
</wpt>
<wpt lat="52.800939276400968" lon="9.763591833878609">
</wpt>
<wpt lat="52.800939276400968" lon="9.778466831336161">
</wpt>
<wpt lat="52.800939276400968" lon="9.793341828793713">
</wpt>
<wpt lat="52.800939276400968" lon="9.808216826251265">
</wpt>
<wpt lat="52.800939276400968" lon="9.823091823708817">
</wpt>
<wpt lat="52.800939276400968" lon="9.837966821166368">
</wpt>
<wpt lat="52.800939276400968" lon="9.85284181862392">
</wpt>
<wpt lat="52.800939276400968" lon="9.867716816081472">
</wpt>
<wpt lat="52.800939276400968" lon="9.882591813539024">
</wpt>
<wpt lat="52.800939276400968" lon="11.9948414525114">
</wpt>
<wpt lat="52.800939276400968" lon="12.113841432171816">
</wpt>
<wpt lat="52.800939276400968" lon="12.128716429629367">
</wpt>
<wpt lat="52.800939276400968" lon="12.143591427086919">
</wpt>
<wpt lat="52.800939276400968" lon="12.158466424544471">
</wpt>
<wpt lat="52.800939276400968" lon="12.173341422002023">
</wpt>
<wpt lat="52.800939276400968" lon="12.188216419459575">
</wpt>
<wpt lat="52.800939276400968" lon="12.203091416917127">
</wpt>
<wpt lat="52.800939276400968" lon="12.217966414374679">
</wpt>
<wpt lat="52.800939276400968" lon="12.232841411832231">
</wpt>
<wpt lat="52.800939276400968" lon="12.247716409289783">
</wpt>
<wpt lat="52.800939276400968" lon="12.351841391492647">
</wpt>
<wpt lat="52.800939276400968" lon="12.366716388950199">
</wpt>
<wpt lat="52.800939276400968" lon="12.38159138640775">
</wpt>
<wpt lat="52.800939276400968" lon="12.396466383865302">
</wpt>
<wpt lat="52.800939276400968" lon="12.619591345728582">
</wpt>
<wpt lat="52.800939276400968" lon="12.634466343186133">
</wpt>
<wpt lat="52.800939276400968" lon="12.649341340643685">
</wpt>
<wpt lat="52.800939276400968" lon="12.842716307591861">
</wpt>
<wpt lat="52.800939276400968" lon="12.857591305049413">
</wpt>
<wpt lat="52.800939276400968" lon="12.872466302506965">
</wpt>
<wpt lat="52.800939276400968" lon="12.887341299964516">
</wpt>
<wpt lat="52.800939276400968" lon="12.902216297422068">
</wpt>
<wpt lat="52.800939276400968" lon="12.91709129487962">
</wpt>
<wpt lat="52.800939276400968" lon="12.931966292337172">
</wpt>
<wpt lat="52.800939276400968" lon="12.946841289794724">
</wpt>
<wpt lat="52.800939276400968" lon="12.961716287252276">
</wpt>
<wpt lat="52.800939276400968" lon="12.976591284709828">
</wpt>
<wpt lat="52.800939276400968" lon="13.06584126945514">
</wpt>
<wpt lat="52.800939276400968" lon="13.080716266912692">
</wpt>
<wpt lat="52.800939276400968" lon="14.107091091483776">
</wpt>
<wpt lat="52.809932492460156" lon="7.369028010810626">
</wpt>
<wpt lat="52.809932492460156" lon="7.383906085175088">
</wpt>
<wpt lat="52.809932492460156" lon="8.574152034332053">
</wpt>
<wpt lat="52.809932492460156" lon="9.734641834760131">
</wpt>
<wpt lat="52.809932492460156" lon="9.749519909124594">
</wpt>
<wpt lat="52.809932492460156" lon="9.764397983489056">
</wpt>
<wpt lat="52.809932492460156" lon="9.779276057853519">
</wpt>
<wpt lat="52.809932492460156" lon="9.794154132217981">
</wpt>
<wpt lat="52.809932492460156" lon="9.809032206582444">
</wpt>
<wpt lat="52.809932492460156" lon="9.823910280946906">
</wpt>
<wpt lat="52.809932492460156" lon="9.838788355311369">
</wpt>
<wpt lat="52.809932492460156" lon="9.853666429675831">
</wpt>
<wpt lat="52.809932492460156" lon="9.868544504040294">
</wpt>
<wpt lat="52.809932492460156" lon="9.883422578404756">
</wpt>
<wpt lat="52.809932492460156" lon="9.898300652769219">
</wpt>
<wpt lat="52.809932492460156" lon="10.850497412094821">
</wpt>
<wpt lat="52.809932492460156" lon="11.996109138158436">
</wpt>
<wpt lat="52.809932492460156" lon="12.010987212522899">
</wpt>
<wpt lat="52.809932492460156" lon="12.130011807438599">
</wpt>
<wpt lat="52.809932492460156" lon="12.144889881803062">
</wpt>
<wpt lat="52.809932492460156" lon="12.159767956167524">
</wpt>
<wpt lat="52.809932492460156" lon="12.174646030531987">
</wpt>
<wpt lat="52.809932492460156" lon="12.189524104896449">
</wpt>
<wpt lat="52.809932492460156" lon="12.204402179260912">
</wpt>
<wpt lat="52.809932492460156" lon="12.219280253625374">
</wpt>
<wpt lat="52.809932492460156" lon="12.234158327989837">
</wpt>
<wpt lat="52.809932492460156" lon="12.353182922905537">
</wpt>
<wpt lat="52.809932492460156" lon="12.36806099727">
</wpt>
<wpt lat="52.809932492460156" lon="12.650744410194788">
</wpt>
<wpt lat="52.809932492460156" lon="12.844159376932801">
</wpt>
<wpt lat="52.809932492460156" lon="12.859037451297263">
</wpt>
<wpt lat="52.809932492460156" lon="12.873915525661726">
</wpt>
<wpt lat="52.809932492460156" lon="12.888793600026188">
</wpt>
<wpt lat="52.809932492460156" lon="12.903671674390651">
</wpt>
<wpt lat="52.809932492460156" lon="12.918549748755114">
</wpt>
<wpt lat="52.809932492460156" lon="12.933427823119576">
</wpt>
<wpt lat="52.809932492460156" lon="12.948305897484039">
</wpt>
<wpt lat="52.809932492460156" lon="12.963183971848501">
</wpt>
<wpt lat="52.809932492460156" lon="12.978062046212964">
</wpt>
<wpt lat="52.809932492460156" lon="14.108795697912116">
</wpt>
<wpt lat="52.818925708519345" lon="7.369338944036948">
</wpt>
<wpt lat="52.818925708519345" lon="7.384220096948205">
</wpt>
<wpt lat="52.818925708519345" lon="8.574712329848792">
</wpt>
<wpt lat="52.818925708519345" lon="9.750323409838158">
</wpt>
<wpt lat="52.818925708519345" lon="9.765204562749416">
</wpt>
<wpt lat="52.818925708519345" lon="9.780085715660674">
</wpt>
<wpt lat="52.818925708519345" lon="9.794966868571931">
</wpt>
<wpt lat="52.818925708519345" lon="9.809848021483189">
</wpt>
<wpt lat="52.818925708519345" lon="9.824729174394447">
</wpt>
<wpt lat="52.818925708519345" lon="9.839610327305705">
</wpt>
<wpt lat="52.818925708519345" lon="9.854491480216963">
</wpt>
<wpt lat="52.818925708519345" lon="9.86937263312822">
</wpt>
<wpt lat="52.818925708519345" lon="9.884253786039478">
</wpt>
<wpt lat="52.818925708519345" lon="9.899134938950736">
</wpt>
<wpt lat="52.818925708519345" lon="10.866409878182493">
</wpt>
<wpt lat="52.818925708519345" lon="11.997377499438086">
</wpt>
<wpt lat="52.818925708519345" lon="12.012258652349344">
</wpt>
<wpt lat="52.818925708519345" lon="12.131307875639406">
</wpt>
<wpt lat="52.818925708519345" lon="12.146189028550664">
</wpt>
<wpt lat="52.818925708519345" lon="12.161070181461922">
</wpt>
<wpt lat="52.818925708519345" lon="12.175951334373179">
</wpt>
<wpt lat="52.818925708519345" lon="12.190832487284437">
</wpt>
<wpt lat="52.818925708519345" lon="12.205713640195695">
</wpt>
<wpt lat="52.818925708519345" lon="12.220594793106953">
</wpt>
<wpt lat="52.818925708519345" lon="12.235475946018211">
</wpt>
<wpt lat="52.818925708519345" lon="12.250357098929468">
</wpt>
<wpt lat="52.818925708519345" lon="12.354525169308273">
</wpt>
<wpt lat="52.818925708519345" lon="12.890246674113554">
</wpt>
<wpt lat="52.818925708519345" lon="12.905127827024812">
</wpt>
<wpt lat="52.818925708519345" lon="12.920008979936069">
</wpt>
<wpt lat="52.818925708519345" lon="12.934890132847327">
</wpt>
<wpt lat="52.818925708519345" lon="12.949771285758585">
</wpt>
<wpt lat="52.818925708519345" lon="12.964652438669843">
</wpt>
<wpt lat="52.818925708519345" lon="12.979533591581101">
</wpt>
<wpt lat="52.818925708519345" lon="13.098582814871163">
</wpt>
<wpt lat="52.818925708519345" lon="13.113463967782421">
</wpt>
<wpt lat="52.818925708519345" lon="13.143226273604936">
</wpt>
<wpt lat="52.818925708519345" lon="13.158107426516194">
</wpt>
<wpt lat="52.818925708519345" lon="13.425968178918835">
</wpt>
<wpt lat="52.827918924578533" lon="7.250576178217077">
</wpt>
<wpt lat="52.827918924578533" lon="7.265460411316186">
</wpt>
<wpt lat="52.827918924578533" lon="7.280344644415294">
</wpt>
<wpt lat="52.827918924578533" lon="7.354765809910836">
</wpt>
<wpt lat="52.827918924578533" lon="7.369650043009944">
</wpt>
<wpt lat="52.827918924578533" lon="7.384534276109052">
</wpt>
<wpt lat="52.827918924578533" lon="7.399418509208161">
</wpt>
<wpt lat="52.827918924578533" lon="7.414302742307269">
</wpt>
<wpt lat="52.827918924578533" lon="7.444071208505486">
</wpt>
<wpt lat="52.827918924578533" lon="9.780895805065498">
</wpt>
<wpt lat="52.827918924578533" lon="9.795780038164606">
</wpt>
<wpt lat="52.827918924578533" lon="9.810664271263715">
</wpt>
<wpt lat="52.827918924578533" lon="9.825548504362823">
</wpt>
<wpt lat="52.827918924578533" lon="9.840432737461931">
</wpt>
<wpt lat="52.827918924578533" lon="9.85531697056104">
</wpt>
<wpt lat="52.827918924578533" lon="10.867444821300408">
</wpt>
<wpt lat="52.827918924578533" lon="10.882329054399516">
</wpt>
<wpt lat="52.827918924578533" lon="10.897213287498625">
</wpt>
<wpt lat="52.827918924578533" lon="11.358624513570984">
</wpt>
<wpt lat="52.827918924578533" lon="12.013530769931752">
</wpt>
<wpt lat="52.827918924578533" lon="12.147488867823727">
</wpt>
<wpt lat="52.827918924578533" lon="12.162373100922835">
</wpt>
<wpt lat="52.827918924578533" lon="12.177257334021943">
</wpt>
<wpt lat="52.827918924578533" lon="12.192141567121052">
</wpt>
<wpt lat="52.827918924578533" lon="12.20702580022016">
</wpt>
<wpt lat="52.827918924578533" lon="12.221910033319269">
</wpt>
<wpt lat="52.827918924578533" lon="12.236794266418377">
</wpt>
<wpt lat="52.827918924578533" lon="12.251678499517485">
</wpt>
<wpt lat="52.827918924578533" lon="12.340983898112135">
</wpt>
<wpt lat="52.827918924578533" lon="12.355868131211244">
</wpt>
<wpt lat="52.827918924578533" lon="12.727973958688953">
</wpt>
<wpt lat="52.827918924578533" lon="12.906584755878253">
</wpt>
<wpt lat="52.827918924578533" lon="12.921468988977361">
</wpt>
<wpt lat="52.827918924578533" lon="12.93635322207647">
</wpt>
<wpt lat="52.827918924578533" lon="12.951237455175578">
</wpt>
<wpt lat="52.827918924578533" lon="12.966121688274686">
</wpt>
<wpt lat="52.827918924578533" lon="12.981005921373795">
</wpt>
<wpt lat="52.827918924578533" lon="13.055427086869337">
</wpt>
<wpt lat="52.827918924578533" lon="13.070311319968445">
</wpt>
<wpt lat="52.827918924578533" lon="13.442417147446154">
</wpt>
<wpt lat="52.827918924578533" lon="13.993133772113163">
</wpt>
<wpt lat="52.827918924578533" lon="14.008018005212271">
</wpt>
<wpt lat="52.836912140637722" lon="7.250862788414271">
</wpt>
<wpt lat="52.836912140637722" lon="7.369961307847757">
</wpt>
<wpt lat="52.836912140637722" lon="7.384848622776943">
</wpt>
<wpt lat="52.836912140637722" lon="7.399735937706128">
</wpt>
<wpt lat="52.836912140637722" lon="7.414623252635314">
</wpt>
<wpt lat="52.836912140637722" lon="7.4295105675645">
</wpt>
<wpt lat="52.836912140637722" lon="7.444397882493686">
</wpt>
<wpt lat="52.836912140637722" lon="7.459285197422871">
</wpt>
<wpt lat="52.836912140637722" lon="9.796593641304922">
</wpt>
<wpt lat="52.836912140637722" lon="9.811480956234107">
</wpt>
<wpt lat="52.836912140637722" lon="9.826368271163291">
</wpt>
<wpt lat="52.836912140637722" lon="9.841255586092476">
</wpt>
<wpt lat="52.836912140637722" lon="9.856142901021661">
</wpt>
<wpt lat="52.836912140637722" lon="10.868480316206229">
</wpt>
<wpt lat="52.836912140637722" lon="10.883367631135414">
</wpt>
<wpt lat="52.836912140637722" lon="10.898254946064599">
</wpt>
<wpt lat="52.836912140637722" lon="10.913142260993784">
</wpt>
<wpt lat="52.836912140637722" lon="12.148789400116124">
</wpt>
<wpt lat="52.836912140637722" lon="12.208338659832863">
</wpt>
<wpt lat="52.836912140637722" lon="12.223225974762048">
</wpt>
<wpt lat="52.836912140637722" lon="12.238113289691233">
</wpt>
<wpt lat="52.836912140637722" lon="12.253000604620418">
</wpt>
<wpt lat="52.836912140637722" lon="12.267887919549603">
</wpt>
<wpt lat="52.836912140637722" lon="12.327437179266342">
</wpt>
<wpt lat="52.836912140637722" lon="12.342324494195527">
</wpt>
<wpt lat="52.836912140637722" lon="12.357211809124712">
</wpt>
<wpt lat="52.836912140637722" lon="12.372099124053896">
</wpt>
<wpt lat="52.836912140637722" lon="12.714507367425147">
</wpt>
<wpt lat="52.836912140637722" lon="12.90804246150455">
</wpt>
<wpt lat="52.836912140637722" lon="12.922929776433735">
</wpt>
<wpt lat="52.836912140637722" lon="12.93781709136292">
</wpt>
<wpt lat="52.836912140637722" lon="12.952704406292105">
</wpt>
<wpt lat="52.836912140637722" lon="13.042028295867214">
</wpt>
<wpt lat="52.836912140637722" lon="13.280225334734171">
</wpt>
<wpt lat="52.836912140637722" lon="13.443985798955204">
</wpt>
<wpt lat="52.836912140637722" lon="13.458873113884389">
</wpt>
<wpt lat="52.836912140637722" lon="13.994816451335042">
</wpt>
<wpt lat="52.836912140637722" lon="14.009703766264227">
</wpt>
<wpt lat="52.84590535669691" lon="7.251149551447591">
</wpt>
<wpt lat="52.84590535669691" lon="7.400053535474213">
</wpt>
<wpt lat="52.84590535669691" lon="7.414943933876875">
</wpt>
<wpt lat="52.84590535669691" lon="7.429834332279538">
</wpt>
<wpt lat="52.84590535669691" lon="7.4447247306822">
</wpt>
<wpt lat="52.84590535669691" lon="9.812298076705392">
</wpt>
<wpt lat="52.84590535669691" lon="9.827188475108054">
</wpt>
<wpt lat="52.84590535669691" lon="9.842078873510715">
</wpt>
<wpt lat="52.84590535669691" lon="10.914187558502334">
</wpt>
<wpt lat="52.84590535669691" lon="12.135200227520567">
</wpt>
<wpt lat="52.84590535669691" lon="12.150090625923228">
</wpt>
<wpt lat="52.84590535669691" lon="12.224542617936535">
</wpt>
<wpt lat="52.84590535669691" lon="12.239433016339197">
</wpt>
<wpt lat="52.84590535669691" lon="12.254323414741858">
</wpt>
<wpt lat="52.84590535669691" lon="12.269213813144519">
</wpt>
<wpt lat="52.84590535669691" lon="12.284104211547181">
</wpt>
<wpt lat="52.84590535669691" lon="12.298994609949842">
</wpt>
<wpt lat="52.84590535669691" lon="12.313885008352504">
</wpt>
<wpt lat="52.84590535669691" lon="12.328775406755165">
</wpt>
<wpt lat="52.84590535669691" lon="12.343665805157826">
</wpt>
<wpt lat="52.84590535669691" lon="12.358556203560488">
</wpt>
<wpt lat="52.84590535669691" lon="12.373446601963149">
</wpt>
<wpt lat="52.84590535669691" lon="12.909500944458959">
</wpt>
<wpt lat="52.84590535669691" lon="12.92439134286162">
</wpt>
<wpt lat="52.84590535669691" lon="12.939281741264281">
</wpt>
<wpt lat="52.84590535669691" lon="12.954172139666943">
</wpt>
<wpt lat="52.84590535669691" lon="13.266870506122832">
</wpt>
<wpt lat="52.84590535669691" lon="13.445555286954768">
</wpt>
<wpt lat="52.854898572756099" lon="7.415264786153882">
</wpt>
<wpt lat="52.854898572756099" lon="7.430158269674592">
</wpt>
<wpt lat="52.854898572756099" lon="9.828009116508968">
</wpt>
<wpt lat="52.854898572756099" lon="9.842902600029678">
</wpt>
<wpt lat="52.854898572756099" lon="9.962050468195361">
</wpt>
<wpt lat="52.854898572756099" lon="9.976943951716072">
</wpt>
<wpt lat="52.854898572756099" lon="12.13649906221908">
</wpt>
<wpt lat="52.854898572756099" lon="12.151392545739791">
</wpt>
<wpt lat="52.854898572756099" lon="12.166286029260501">
</wpt>
<wpt lat="52.854898572756099" lon="12.210966479822632">
</wpt>
<wpt lat="52.854898572756099" lon="12.225859963343343">
</wpt>
<wpt lat="52.854898572756099" lon="12.240753446864053">
</wpt>
<wpt lat="52.854898572756099" lon="12.255646930384763">
</wpt>
<wpt lat="52.854898572756099" lon="12.270540413905474">
</wpt>
<wpt lat="52.854898572756099" lon="12.285433897426184">
</wpt>
<wpt lat="52.854898572756099" lon="12.300327380946895">
</wpt>
<wpt lat="52.854898572756099" lon="12.315220864467605">
</wpt>
<wpt lat="52.854898572756099" lon="12.330114347988316">
</wpt>
<wpt lat="52.854898572756099" lon="12.345007831509026">
</wpt>
<wpt lat="52.854898572756099" lon="12.359901315029736">
</wpt>
<wpt lat="52.854898572756099" lon="12.910960205296021">
</wpt>
<wpt lat="52.854898572756099" lon="12.925853688816732">
</wpt>
<wpt lat="52.854898572756099" lon="12.940747172337442">
</wpt>
<wpt lat="52.854898572756099" lon="13.447125612041596">
</wpt>
<wpt lat="52.863891788815287" lon="7.41558580958854">
</wpt>
<wpt lat="52.863891788815287" lon="7.430482379873045">
</wpt>
<wpt lat="52.863891788815287" lon="9.307450235720777">
</wpt>
<wpt lat="52.863891788815287" lon="9.322346806005283">
</wpt>
<wpt lat="52.863891788815287" lon="9.33724337628979">
</wpt>
<wpt lat="52.863891788815287" lon="9.352139946574296">
</wpt>
<wpt lat="52.863891788815287" lon="9.843726765962996">
</wpt>
<wpt lat="52.863891788815287" lon="9.962899328239045">
</wpt>
<wpt lat="52.863891788815287" lon="9.977795898523551">
</wpt>
<wpt lat="52.863891788815287" lon="12.033522597785391">
</wpt>
<wpt lat="52.863891788815287" lon="12.122902019492427">
</wpt>
<wpt lat="52.863891788815287" lon="12.137798589776933">
</wpt>
<wpt lat="52.863891788815287" lon="12.152695160061439">
</wpt>
<wpt lat="52.863891788815287" lon="12.167591730345945">
</wpt>
<wpt lat="52.863891788815287" lon="12.182488300630451">
</wpt>
<wpt lat="52.863891788815287" lon="12.197384870914957">
</wpt>
<wpt lat="52.863891788815287" lon="12.271867722337488">
</wpt>
<wpt lat="52.863891788815287" lon="12.286764292621994">
</wpt>
<wpt lat="52.863891788815287" lon="12.3016608629065">
</wpt>
<wpt lat="52.863891788815287" lon="12.912420244571249">
</wpt>
<wpt lat="52.863891788815287" lon="12.927316814855756">
</wpt>
<wpt lat="52.872885004874476" lon="7.415907004303149">
</wpt>
<wpt lat="52.872885004874476" lon="7.430806662998371">
</wpt>
<wpt lat="52.872885004874476" lon="9.293263999901194">
</wpt>
<wpt lat="52.872885004874476" lon="9.308163658596417">
</wpt>
<wpt lat="52.872885004874476" lon="9.32306331729164">
</wpt>
<wpt lat="52.872885004874476" lon="9.859451030319653">
</wpt>
<wpt lat="52.872885004874476" lon="9.963748641186211">
</wpt>
<wpt lat="52.872885004874476" lon="11.334517241146688">
</wpt>
<wpt lat="52.872885004874476" lon="11.349416899841911">
</wpt>
<wpt lat="52.872885004874476" lon="12.03480119982215">
</wpt>
<wpt lat="52.872885004874476" lon="12.049700858517372">
</wpt>
<wpt lat="52.872885004874476" lon="12.109299493298263">
</wpt>
<wpt lat="52.872885004874476" lon="12.124199151993485">
</wpt>
<wpt lat="52.872885004874476" lon="12.139098810688708">
</wpt>
<wpt lat="52.872885004874476" lon="12.15399846938393">
</wpt>
<wpt lat="52.872885004874476" lon="12.168898128079153">
</wpt>
<wpt lat="52.872885004874476" lon="12.183797786774376">
</wpt>
<wpt lat="52.872885004874476" lon="12.690386182411943">
</wpt>
<wpt lat="52.872885004874476" lon="13.286372530220847">
</wpt>
<wpt lat="52.872885004874476" lon="13.345971165001737">
</wpt>
<wpt lat="52.872885004874476" lon="13.36087082369696">
</wpt>
<wpt lat="52.881878220933665" lon="7.267200882879704">
</wpt>
<wpt lat="52.881878220933665" lon="7.282103631633744">
</wpt>
<wpt lat="52.881878220933665" lon="7.431131119174138">
</wpt>
<wpt lat="52.881878220933665" lon="9.860279166082561">
</wpt>
<wpt lat="52.881878220933665" lon="9.875181914836601">
</wpt>
<wpt lat="52.881878220933665" lon="9.934792909852758">
</wpt>
<wpt lat="52.881878220933665" lon="11.335651292732463">
</wpt>
<wpt lat="52.881878220933665" lon="11.350554041486502">
</wpt>
<wpt lat="52.881878220933665" lon="11.365456790240541">
</wpt>
<wpt lat="52.881878220933665" lon="12.021177735418275">
</wpt>
<wpt lat="52.881878220933665" lon="12.170205222958669">
</wpt>
<wpt lat="52.881878220933665" lon="13.332619625773743">
</wpt>
<wpt lat="52.881878220933665" lon="13.347522374527783">
</wpt>
<wpt lat="52.881878220933665" lon="13.362425123281822">
</wpt>
<wpt lat="52.881878220933665" lon="13.973437822197438">
</wpt>
<wpt lat="52.881878220933665" lon="13.988340570951477">
</wpt>
<wpt lat="52.890871436992853" lon="7.252585662978405">
</wpt>
<wpt lat="52.890871436992853" lon="7.267491503440539">
</wpt>
<wpt lat="52.890871436992853" lon="9.876013584313771">
</wpt>
<wpt lat="52.890871436992853" lon="9.890919424775904">
</wpt>
<wpt lat="52.890871436992853" lon="9.905825265238036">
</wpt>
<wpt lat="52.890871436992853" lon="9.920731105700169">
</wpt>
<wpt lat="52.890871436992853" lon="11.351691790064889">
</wpt>
<wpt lat="52.890871436992853" lon="11.366597630527021">
</wpt>
<wpt lat="52.890871436992853" lon="11.381503470989154">
</wpt>
<wpt lat="52.890871436992853" lon="11.992642929936586">
</wpt>
<wpt lat="52.890871436992853" lon="12.007548770398719">
</wpt>
<wpt lat="52.890871436992853" lon="12.022454610860851">
</wpt>
<wpt lat="52.890871436992853" lon="12.171513015482176">
</wpt>
<wpt lat="52.890871436992853" lon="12.514347346111224">
</wpt>
<wpt lat="52.890871436992853" lon="13.349074411990644">
</wpt>
<wpt lat="52.890871436992853" lon="13.363980252452777">
</wpt>
<wpt lat="52.890871436992853" lon="13.945308030475944">
</wpt>
<wpt lat="52.890871436992853" lon="13.960213870938077">
</wpt>
<wpt lat="52.890871436992853" lon="13.975119711400209">
</wpt>
<wpt lat="52.890871436992853" lon="13.990025551862342">
</wpt>
<wpt lat="52.899864653052042" lon="7.267782279144132">
</wpt>
<wpt lat="52.899864653052042" lon="9.876845697763638">
</wpt>
<wpt lat="52.899864653052042" lon="9.891754631584321">
</wpt>
<wpt lat="52.899864653052042" lon="9.906663565405005">
</wpt>
<wpt lat="52.899864653052042" lon="9.921572499225688">
</wpt>
<wpt lat="52.899864653052042" lon="10.83101746228736">
</wpt>
<wpt lat="52.899864653052042" lon="11.367739079831953">
</wpt>
<wpt lat="52.899864653052042" lon="11.382648013652636">
</wpt>
<wpt lat="52.899864653052042" lon="11.397556947473319">
</wpt>
<wpt lat="52.899864653052042" lon="11.993914300300645">
</wpt>
<wpt lat="52.899864653052042" lon="12.008823234121328">
</wpt>
<wpt lat="52.899864653052042" lon="12.172821506148843">
</wpt>
<wpt lat="52.899864653052042" lon="12.187730439969526">
</wpt>
<wpt lat="52.899864653052042" lon="12.515726984024555">
</wpt>
<wpt lat="52.899864653052042" lon="13.365536211803494">
</wpt>
<wpt lat="52.899864653052042" lon="13.380445145624178">
</wpt>
<wpt lat="52.899864653052042" lon="13.425171947086227">
</wpt>
<wpt lat="52.899864653052042" lon="13.991711432272186">
</wpt>
<wpt lat="52.899864653052042" lon="14.00662036609287">
</wpt>
<wpt lat="52.899864653052042" lon="14.021529299913553">
</wpt>
<wpt lat="52.90885786911123" lon="7.268073210101608">
</wpt>
<wpt lat="52.90885786911123" lon="7.282985238932477">
</wpt>
<wpt lat="52.90885786911123" lon="7.297897267763345">
</wpt>
<wpt lat="52.90885786911123" lon="9.892590284334519">
</wpt>
<wpt lat="52.90885786911123" lon="9.907502313165388">
</wpt>
<wpt lat="52.90885786911123" lon="9.922414341996257">
</wpt>
<wpt lat="52.90885786911123" lon="10.071534630304948">
</wpt>
<wpt lat="52.90885786911123" lon="11.368881138590556">
</wpt>
<wpt lat="52.90885786911123" lon="11.383793167421425">
</wpt>
<wpt lat="52.90885786911123" lon="11.398705196252294">
</wpt>
<wpt lat="52.90885786911123" lon="12.651315618045295">
</wpt>
<wpt lat="52.90885786911123" lon="13.36709300192701">
</wpt>
<wpt lat="52.90885786911123" lon="13.382005030757879">
</wpt>
<wpt lat="52.917851085170419" lon="7.283279421917795">
</wpt>
<wpt lat="52.917851085170419" lon="7.298194547411667">
</wpt>
<wpt lat="52.917851085170419" lon="9.923256634333056">
</wpt>
<wpt lat="52.917851085170419" lon="10.072407889271771">
</wpt>
<wpt lat="52.917851085170419" lon="11.370023807238594">
</wpt>
<wpt lat="52.917851085170419" lon="11.384938932732465">
</wpt>
<wpt lat="52.917851085170419" lon="11.399854058226337">
</wpt>
<wpt lat="52.917851085170419" lon="11.414769183720209">
</wpt>
<wpt lat="52.917851085170419" lon="12.443912842797344">
</wpt>
<wpt lat="52.917851085170419" lon="12.458827968291216">
</wpt>
<wpt lat="52.917851085170419" lon="12.473743093785087">
</wpt>
<wpt lat="52.917851085170419" lon="13.368650623417379">
</wpt>
<wpt lat="52.917851085170419" lon="13.38356574891125">
</wpt>
<wpt lat="52.926844301229607" lon="7.283573762033161">
</wpt>
<wpt lat="52.926844301229607" lon="7.462592447763665">
</wpt>
<wpt lat="52.926844301229607" lon="7.477510671574541">
</wpt>
<wpt lat="52.926844301229607" lon="8.118994295442182">
</wpt>
<wpt lat="52.926844301229607" lon="10.05836339085598">
</wpt>
<wpt lat="52.926844301229607" lon="10.073281614666856">
</wpt>
<wpt lat="52.926844301229607" lon="10.088199838477731">
</wpt>
<wpt lat="52.926844301229607" lon="11.356248862402138">
</wpt>
<wpt lat="52.926844301229607" lon="11.371167086213013">
</wpt>
<wpt lat="52.926844301229607" lon="11.386085310023889">
</wpt>
<wpt lat="52.926844301229607" lon="11.401003533834764">
</wpt>
<wpt lat="52.926844301229607" lon="11.41592175764564">
</wpt>
<wpt lat="52.926844301229607" lon="11.952977814837153">
</wpt>
<wpt lat="52.926844301229607" lon="12.131996500567658">
</wpt>
<wpt lat="52.926844301229607" lon="12.44527920059604">
</wpt>
<wpt lat="52.926844301229607" lon="12.460197424406916">
</wpt>
<wpt lat="52.926844301229607" lon="12.475115648217791">
</wpt>
<wpt lat="52.926844301229607" lon="13.355290853059438">
</wpt>
<wpt lat="52.926844301229607" lon="13.370209076870314">
</wpt>
<wpt lat="52.926844301229607" lon="13.385127300681189">
</wpt>
<wpt lat="52.926844301229607" lon="13.593982434033444">
</wpt>
<wpt lat="52.926844301229607" lon="13.60890065784432">
</wpt>
<wpt lat="52.926844301229607" lon="13.623818881655195">
</wpt>
<wpt lat="52.935837517288796" lon="7.283868259390963">
</wpt>
<wpt lat="52.935837517288796" lon="7.492766792353842">
</wpt>
<wpt lat="52.935837517288796" lon="7.507688116136904">
</wpt>
<wpt lat="52.935837517288796" lon="8.13438371502555">
</wpt>
<wpt lat="52.935837517288796" lon="10.059234483040761">
</wpt>
<wpt lat="52.935837517288796" lon="10.074155806823825">
</wpt>
<wpt lat="52.935837517288796" lon="10.089077130606888">
</wpt>
<wpt lat="52.935837517288796" lon="10.103998454389952">
</wpt>
<wpt lat="52.935837517288796" lon="11.342468328384236">
</wpt>
<wpt lat="52.935837517288796" lon="11.357389652167299">
</wpt>
<wpt lat="52.935837517288796" lon="11.431996271082618">
</wpt>
<wpt lat="52.935837517288796" lon="12.118377165103546">
</wpt>
<wpt lat="52.935837517288796" lon="12.327275698066437">
</wpt>
<wpt lat="52.935837517288796" lon="12.46156761211401">
</wpt>
<wpt lat="52.935837517288796" lon="13.356847039097829">
</wpt>
<wpt lat="52.935837517288796" lon="13.580666895843784">
</wpt>
<wpt lat="52.935837517288796" lon="13.595588219626848">
</wpt>
<wpt lat="52.935837517288796" lon="13.610509543409911">
</wpt>
<wpt lat="52.935837517288796" lon="13.625430867192975">
</wpt>
<wpt lat="52.935837517288796" lon="13.640352190976039">
</wpt>
<wpt lat="52.935837517288796" lon="13.700037486108293">
</wpt>
<wpt lat="52.935837517288796" lon="14.132755875817139">
</wpt>
<wpt lat="52.944830733347985" lon="9.940710637372103">
</wpt>
<wpt lat="52.944830733347985" lon="9.955635062783722">
</wpt>
<wpt lat="52.944830733347985" lon="10.045181615253439">
</wpt>
<wpt lat="52.944830733347985" lon="10.060106040665058">
</wpt>
<wpt lat="52.944830733347985" lon="11.31375777524109">
</wpt>
<wpt lat="52.944830733347985" lon="11.328682200652709">
</wpt>
<wpt lat="52.944830733347985" lon="11.343606626064329">
</wpt>
<wpt lat="52.944830733347985" lon="11.358531051475948">
</wpt>
<wpt lat="52.944830733347985" lon="12.07490347123368">
</wpt>
<wpt lat="52.944830733347985" lon="12.0898278966453">
</wpt>
<wpt lat="52.944830733347985" lon="12.104752322056919">
</wpt>
<wpt lat="52.944830733347985" lon="12.119676747468539">
</wpt>
<wpt lat="52.944830733347985" lon="12.462938531935785">
</wpt>
<wpt lat="52.944830733347985" lon="12.925595719695988">
</wpt>
<wpt lat="52.944830733347985" lon="13.358404056632951">
</wpt>
<wpt lat="52.944830733347985" lon="13.612119288630481">
</wpt>
<wpt lat="52.944830733347985" lon="13.627043714042101">
</wpt>
<wpt lat="52.944830733347985" lon="13.64196813945372">
</wpt>
<wpt lat="52.944830733347985" lon="13.656892564865339">
</wpt>
<wpt lat="52.944830733347985" lon="13.671816990276959">
</wpt>
<wpt lat="52.944830733347985" lon="13.686741415688578">
</wpt>
<wpt lat="52.944830733347985" lon="13.865834520628011">
</wpt>
<wpt lat="52.944830733347985" lon="14.119549752625542">
</wpt>
<wpt lat="52.944830733347985" lon="14.134474178037161">
</wpt>
<wpt lat="52.953823949407173" lon="7.53822571414578">
</wpt>
<wpt lat="52.953823949407173" lon="9.956485363177951">
</wpt>
<wpt lat="52.953823949407173" lon="9.97141289187568">
</wpt>
<wpt lat="52.953823949407173" lon="9.986340420573409">
</wpt>
<wpt lat="52.953823949407173" lon="10.001267949271138">
</wpt>
<wpt lat="52.953823949407173" lon="10.016195477968868">
</wpt>
<wpt lat="52.953823949407173" lon="10.031123006666597">
</wpt>
<wpt lat="52.953823949407173" lon="10.046050535364326">
</wpt>
<wpt lat="52.953823949407173" lon="11.329818003369045">
</wpt>
<wpt lat="52.953823949407173" lon="11.344745532066774">
</wpt>
<wpt lat="52.953823949407173" lon="11.449238232950879">
</wpt>
<wpt lat="52.953823949407173" lon="12.06126690955778">
</wpt>
<wpt lat="52.953823949407173" lon="12.076194438255509">
</wpt>
<wpt lat="52.953823949407173" lon="12.747933229653327">
</wpt>
<wpt lat="52.953823949407173" lon="12.89720851663062">
</wpt>
<wpt lat="52.953823949407173" lon="12.912136045328349">
</wpt>
<wpt lat="52.953823949407173" lon="12.927063574026079">
</wpt>
<wpt lat="52.953823949407173" lon="13.643584951517084">
</wpt>
<wpt lat="52.953823949407173" lon="13.658512480214814">
</wpt>
<wpt lat="52.953823949407173" lon="13.673440008912543">
</wpt>
<wpt lat="52.953823949407173" lon="13.688367537610272">
</wpt>
<wpt lat="52.962817165466362" lon="7.553504101611824">
</wpt>
<wpt lat="52.962817165466362" lon="9.106290000440472">
</wpt>
<wpt lat="52.962817165466362" lon="9.972266751710309">
</wpt>
<wpt lat="52.962817165466362" lon="9.987197385352893">
</wpt>
<wpt lat="52.962817165466362" lon="10.002128018995476">
</wpt>
<wpt lat="52.962817165466362" lon="10.01705865263806">
</wpt>
<wpt lat="52.962817165466362" lon="10.031989286280643">
</wpt>
<wpt lat="52.962817165466362" lon="11.345885046827982">
</wpt>
<wpt lat="52.962817165466362" lon="11.450399482326066">
</wpt>
<wpt lat="52.962817165466362" lon="12.047624828029402">
</wpt>
<wpt lat="52.962817165466362" lon="12.749364609230822">
</wpt>
<wpt lat="52.962817165466362" lon="12.764295242873406">
</wpt>
<wpt lat="52.962817165466362" lon="12.779225876515989">
</wpt>
<wpt lat="52.962817165466362" lon="13.675063895070993">
</wpt>
<wpt lat="52.962817165466362" lon="13.689994528713576">
</wpt>
<wpt lat="52.962817165466362" lon="13.854231498781994">
</wpt>
<wpt lat="52.97181038152555" lon="9.988054808273056">
</wpt>
<wpt lat="52.97181038152555" lon="10.002988548520422">
</wpt>
<wpt lat="52.97181038152555" lon="10.017922288767789">
</wpt>
<wpt lat="52.97181038152555" lon="11.347025170783416">
</wpt>
<wpt lat="52.97181038152555" lon="11.361958911030783">
</wpt>
<wpt lat="52.97181038152555" lon="11.436627612267616">
</wpt>
<wpt lat="52.97181038152555" lon="12.019043481914913">
</wpt>
<wpt lat="52.97181038152555" lon="12.03397722216228">
</wpt>
<wpt lat="52.97181038152555" lon="12.73586301378851">
</wpt>
<wpt lat="52.97181038152555" lon="12.750796754035877">
</wpt>
<wpt lat="52.97181038152555" lon="12.765730494283243">
</wpt>
<wpt lat="52.97181038152555" lon="12.78066423453061">
</wpt>
<wpt lat="52.97181038152555" lon="12.795597974777976">
</wpt>
<wpt lat="52.97181038152555" lon="12.810531715025343">
</wpt>
<wpt lat="52.97181038152555" lon="12.840399195520076">
</wpt>
<wpt lat="52.97181038152555" lon="12.855332935767443">
</wpt>
<wpt lat="52.97181038152555" lon="13.691622389619972">
</wpt>
<wpt lat="52.97181038152555" lon="13.855893532341005">
</wpt>
<wpt lat="52.97181038152555" lon="13.870827272588372">
</wpt>
<wpt lat="52.980803597584739" lon="9.988912689662129">
</wpt>
<wpt lat="52.980803597584739" lon="10.003849538175398">
</wpt>
<wpt lat="52.980803597584739" lon="11.363102752882881">
</wpt>
<wpt lat="52.980803597584739" lon="11.37803960139615">
</wpt>
<wpt lat="52.980803597584739" lon="11.392976449909419">
</wpt>
<wpt lat="52.980803597584739" lon="11.407913298422688">
</wpt>
<wpt lat="52.980803597584739" lon="11.422850146935957">
</wpt>
<wpt lat="52.980803597584739" lon="12.020324087466719">
</wpt>
<wpt lat="52.980803597584739" lon="12.707419119077095">
</wpt>
<wpt lat="52.980803597584739" lon="12.722355967590364">
</wpt>
<wpt lat="52.980803597584739" lon="12.737292816103633">
</wpt>
<wpt lat="52.980803597584739" lon="12.752229664616902">
</wpt>
<wpt lat="52.980803597584739" lon="12.767166513130171">
</wpt>
<wpt lat="52.980803597584739" lon="12.78210336164344">
</wpt>
<wpt lat="52.980803597584739" lon="12.797040210156709">
</wpt>
<wpt lat="52.980803597584739" lon="13.827682757572273">
</wpt>
<wpt lat="52.980803597584739" lon="13.842619606085542">
</wpt>
<wpt lat="52.980803597584739" lon="13.857556454598811">
</wpt>
<wpt lat="52.980803597584739" lon="13.87249330311208">
</wpt>
<wpt lat="52.989796813643927" lon="7.55455780388734">
</wpt>
<wpt lat="52.989796813643927" lon="7.569497762328821">
</wpt>
<wpt lat="52.989796813643927" lon="10.333390074002784">
</wpt>
<wpt lat="52.989796813643927" lon="11.244727538933118">
</wpt>
<wpt lat="52.989796813643927" lon="11.379187164906446">
</wpt>
<wpt lat="52.989796813643927" lon="11.394127123347927">
</wpt>
<wpt lat="52.989796813643927" lon="11.409067081789408">
</wpt>
<wpt lat="52.989796813643927" lon="12.664023590873802">
</wpt>
<wpt lat="52.989796813643927" lon="12.678963549315283">
</wpt>
<wpt lat="52.989796813643927" lon="12.693903507756763">
</wpt>
<wpt lat="52.989796813643927" lon="12.708843466198244">
</wpt>
<wpt lat="52.989796813643927" lon="12.723783424639725">
</wpt>
<wpt lat="52.989796813643927" lon="12.738723383081206">
</wpt>
<wpt lat="52.989796813643927" lon="12.753663341522687">
</wpt>
<wpt lat="52.989796813643927" lon="12.768603299964168">
</wpt>
<wpt lat="52.989796813643927" lon="12.783543258405649">
</wpt>
<wpt lat="52.989796813643927" lon="13.784520473984868">
</wpt>
<wpt lat="52.989796813643927" lon="13.799460432426349">
</wpt>
<wpt lat="52.989796813643927" lon="13.81440039086783">
</wpt>
<wpt lat="52.989796813643927" lon="13.829340349309311">
</wpt>
<wpt lat="52.989796813643927" lon="13.844280307750791">
</wpt>
<wpt lat="52.989796813643927" lon="13.859220266192272">
</wpt>
<wpt lat="52.989796813643927" lon="14.187899351904852">
</wpt>
<wpt lat="52.989796813643927" lon="14.202839310346333">
</wpt>
<wpt lat="52.998790029703116" lon="7.55490941375113">
</wpt>
<wpt lat="52.998790029703116" lon="10.184889739593597">
</wpt>
<wpt lat="52.998790029703116" lon="10.199832809626793">
</wpt>
<wpt lat="52.998790029703116" lon="10.214775879659989">
</wpt>
<wpt lat="52.998790029703116" lon="10.304434299859164">
</wpt>
<wpt lat="52.998790029703116" lon="10.31937736989236">
</wpt>
<wpt lat="52.998790029703116" lon="10.334320439925555">
</wpt>
<wpt lat="52.998790029703116" lon="11.245847711950502">
</wpt>
<wpt lat="52.998790029703116" lon="11.260790781983697">
</wpt>
<wpt lat="52.998790029703116" lon="11.380335342249264">
</wpt>
<wpt lat="52.998790029703116" lon="11.39527841228246">
</wpt>
<wpt lat="52.998790029703116" lon="11.918285863444314">
</wpt>
<wpt lat="52.998790029703116" lon="11.978058143577098">
</wpt>
<wpt lat="52.998790029703116" lon="12.545894804838539">
</wpt>
<wpt lat="52.998790029703116" lon="12.695325505170498">
</wpt>
<wpt lat="52.998790029703116" lon="12.710268575203694">
</wpt>
<wpt lat="52.998790029703116" lon="12.72521164523689">
</wpt>
<wpt lat="52.998790029703116" lon="12.740154715270085">
</wpt>
<wpt lat="52.998790029703116" lon="12.755097785303281">
</wpt>
<wpt lat="52.998790029703116" lon="12.770040855336477">
</wpt>
<wpt lat="52.998790029703116" lon="12.784983925369673">
</wpt>
<wpt lat="52.998790029703116" lon="13.786169617593794">
</wpt>
<wpt lat="52.998790029703116" lon="13.80111268762699">
</wpt>
<wpt lat="52.998790029703116" lon="13.860884967759773">
</wpt>
<wpt lat="52.998790029703116" lon="14.204575578523277">
</wpt>
<wpt lat="53.007783245762305" lon="7.55526121172546">
</wpt>
<wpt lat="53.007783245762305" lon="8.1680547265993">
</wpt>
<wpt lat="53.007783245762305" lon="10.185789470696088">
</wpt>
<wpt lat="53.007783245762305" lon="10.200735653985694">
</wpt>
<wpt lat="53.007783245762305" lon="10.2156818372753">
</wpt>
<wpt lat="53.007783245762305" lon="10.305358937012935">
</wpt>
<wpt lat="53.007783245762305" lon="10.320305120302541">
</wpt>
<wpt lat="53.007783245762305" lon="10.335251303592146">
</wpt>
<wpt lat="53.007783245762305" lon="10.350197486881752">
</wpt>
<wpt lat="53.007783245762305" lon="11.232022300968497">
</wpt>
<wpt lat="53.007783245762305" lon="11.246968484258103">
</wpt>
<wpt lat="53.007783245762305" lon="11.261914667547709">
</wpt>
<wpt lat="53.007783245762305" lon="11.276860850837314">
</wpt>
<wpt lat="53.007783245762305" lon="11.381484133864555">
</wpt>
<wpt lat="53.007783245762305" lon="11.396430317154161">
</wpt>
<wpt lat="53.007783245762305" lon="11.919546732290366">
</wpt>
<wpt lat="53.007783245762305" lon="11.934492915579971">
</wpt>
<wpt lat="53.007783245762305" lon="12.502447880584993">
</wpt>
<wpt lat="53.007783245762305" lon="12.517394063874599">
</wpt>
<wpt lat="53.007783245762305" lon="12.532340247164205">
</wpt>
<wpt lat="53.007783245762305" lon="12.711694446639475">
</wpt>
<wpt lat="53.007783245762305" lon="12.726640629929081">
</wpt>
<wpt lat="53.007783245762305" lon="12.741586813218687">
</wpt>
<wpt lat="53.007783245762305" lon="12.756532996508293">
</wpt>
<wpt lat="53.007783245762305" lon="12.771479179797899">
</wpt>
<wpt lat="53.007783245762305" lon="13.070402845590015">
</wpt>
<wpt lat="53.007783245762305" lon="13.787819643491096">
</wpt>
<wpt lat="53.016776461821493" lon="8.168534424633435">
</wpt>
<wpt lat="53.016776461821493" lon="10.171740385028652">
</wpt>
<wpt lat="53.016776461821493" lon="10.186689683240557">
</wpt>
<wpt lat="53.016776461821493" lon="10.201638981452462">
</wpt>
<wpt lat="53.016776461821493" lon="10.216588279664366">
</wpt>
<wpt lat="53.016776461821493" lon="11.218191259861975">
</wpt>
<wpt lat="53.016776461821493" lon="11.233140558073879">
</wpt>
<wpt lat="53.016776461821493" lon="11.248089856285784">
</wpt>
<wpt lat="53.016776461821493" lon="11.263039154497688">
</wpt>
<wpt lat="53.016776461821493" lon="11.277988452709593">
</wpt>
<wpt lat="53.016776461821493" lon="11.367684241981021">
</wpt>
<wpt lat="53.016776461821493" lon="11.382633540192925">
</wpt>
<wpt lat="53.016776461821493" lon="11.39758283840483">
</wpt>
<wpt lat="53.016776461821493" lon="11.905858977609586">
</wpt>
<wpt lat="53.016776461821493" lon="11.920808275821491">
</wpt>
<wpt lat="53.016776461821493" lon="11.935757574033396">
</wpt>
<wpt lat="53.016776461821493" lon="12.503830906085771">
</wpt>
<wpt lat="53.016776461821493" lon="12.518780204297675">
</wpt>
<wpt lat="53.016776461821493" lon="12.53372950250958">
</wpt>
<wpt lat="53.016776461821493" lon="12.638374589992912">
</wpt>
<wpt lat="53.016776461821493" lon="12.713121081052435">
</wpt>
<wpt lat="53.016776461821493" lon="12.72807037926434">
</wpt>
<wpt lat="53.016776461821493" lon="12.743019677476244">
</wpt>
<wpt lat="53.016776461821493" lon="12.757968975688149">
</wpt>
<wpt lat="53.016776461821493" lon="12.772918273900054">
</wpt>
<wpt lat="53.016776461821493" lon="12.787867572111958">
</wpt>
<wpt lat="53.016776461821493" lon="13.056954939926241">
</wpt>
<wpt lat="53.016776461821493" lon="13.071904238138146">
</wpt>
<wpt lat="53.016776461821493" lon="13.08685353635005">
</wpt>
<wpt lat="53.016776461821493" lon="13.101802834561955">
</wpt>
<wpt lat="53.016776461821493" lon="13.116752132773859">
</wpt>
<wpt lat="53.016776461821493" lon="13.774521254097662">
</wpt>
<wpt lat="53.025769677880682" lon="7.541012957744412">
</wpt>
<wpt lat="53.025769677880682" lon="7.555965372545701">
</wpt>
<wpt lat="53.025769677880682" lon="7.645679861353438">
</wpt>
<wpt lat="53.025769677880682" lon="7.660632276154727">
</wpt>
<wpt lat="53.025769677880682" lon="8.169014379398567">
</wpt>
<wpt lat="53.025769677880682" lon="9.275493074693982">
</wpt>
<wpt lat="53.025769677880682" lon="10.067971059162319">
</wpt>
<wpt lat="53.025769677880682" lon="10.172637962771345">
</wpt>
<wpt lat="53.025769677880682" lon="10.187590377572635">
</wpt>
<wpt lat="53.025769677880682" lon="10.202542792373924">
</wpt>
<wpt lat="53.025769677880682" lon="10.217495207175213">
</wpt>
<wpt lat="53.025769677880682" lon="10.232447621976503">
</wpt>
<wpt lat="53.025769677880682" lon="11.174449754457735">
</wpt>
<wpt lat="53.025769677880682" lon="11.189402169259024">
</wpt>
<wpt lat="53.025769677880682" lon="11.204354584060313">
</wpt>
<wpt lat="53.025769677880682" lon="11.219306998861603">
</wpt>
<wpt lat="53.025769677880682" lon="11.234259413662892">
</wpt>
<wpt lat="53.025769677880682" lon="11.249211828464182">
</wpt>
<wpt lat="53.025769677880682" lon="11.264164243265471">
</wpt>
<wpt lat="53.025769677880682" lon="11.27911665806676">
</wpt>
<wpt lat="53.025769677880682" lon="11.29406907286805">
</wpt>
<wpt lat="53.025769677880682" lon="11.309021487669339">
</wpt>
<wpt lat="53.025769677880682" lon="11.847308420515757">
</wpt>
<wpt lat="53.025769677880682" lon="11.907118079720915">
</wpt>
<wpt lat="53.025769677880682" lon="11.922070494522204">
</wpt>
<wpt lat="53.025769677880682" lon="12.505214671772491">
</wpt>
<wpt lat="53.025769677880682" lon="12.52016708657378">
</wpt>
<wpt lat="53.025769677880682" lon="12.624833990182806">
</wpt>
<wpt lat="53.025769677880682" lon="12.639786404984095">
</wpt>
<wpt lat="53.025769677880682" lon="12.714548478990542">
</wpt>
<wpt lat="53.025769677880682" lon="12.789310552996989">
</wpt>
<wpt lat="53.025769677880682" lon="13.058454019420198">
</wpt>
<wpt lat="53.025769677880682" lon="13.073406434221488">
</wpt>
<wpt lat="53.025769677880682" lon="13.088358849022777">
</wpt>
<wpt lat="53.025769677880682" lon="13.103311263824066">
</wpt>
<wpt lat="53.025769677880682" lon="13.118263678625356">
</wpt>
<wpt lat="53.025769677880682" lon="13.133216093426645">
</wpt>
<wpt lat="53.025769677880682" lon="13.776169929882089">
</wpt>
<wpt lat="53.025769677880682" lon="14.284552033125928">
</wpt>
<wpt lat="53.03476289393987" lon="7.631095400956562">
</wpt>
<wpt lat="53.03476289393987" lon="7.646050934015516">
</wpt>
<wpt lat="53.03476289393987" lon="7.66100646707447">
</wpt>
<wpt lat="53.03476289393987" lon="7.675962000133424">
</wpt>
<wpt lat="53.03476289393987" lon="8.154539058019949">
</wpt>
<wpt lat="53.03476289393987" lon="8.169494591078903">
</wpt>
<wpt lat="53.03476289393987" lon="9.261248504382539">
</wpt>
<wpt lat="53.03476289393987" lon="10.053891756507097">
</wpt>
<wpt lat="53.03476289393987" lon="10.068847289566051">
</wpt>
<wpt lat="53.03476289393987" lon="10.083802822625005">
</wpt>
<wpt lat="53.03476289393987" lon="10.098758355683959">
</wpt>
<wpt lat="53.03476289393987" lon="10.128669421801867">
</wpt>
<wpt lat="53.03476289393987" lon="10.143624954860821">
</wpt>
<wpt lat="53.03476289393987" lon="10.158580487919775">
</wpt>
<wpt lat="53.03476289393987" lon="10.173536020978728">
</wpt>
<wpt lat="53.03476289393987" lon="10.188491554037682">
</wpt>
<wpt lat="53.03476289393987" lon="10.203447087096636">
</wpt>
<wpt lat="53.03476289393987" lon="10.21840262015559">
</wpt>
<wpt lat="53.03476289393987" lon="11.160601202869687">
</wpt>
<wpt lat="53.03476289393987" lon="11.175556735928641">
</wpt>
<wpt lat="53.03476289393987" lon="11.190512268987595">
</wpt>
<wpt lat="53.03476289393987" lon="11.205467802046549">
</wpt>
<wpt lat="53.03476289393987" lon="11.220423335105503">
</wpt>
<wpt lat="53.03476289393987" lon="11.235378868164457">
</wpt>
<wpt lat="53.03476289393987" lon="11.250334401223411">
</wpt>
<wpt lat="53.03476289393987" lon="11.265289934282364">
</wpt>
<wpt lat="53.03476289393987" lon="11.280245467341318">
</wpt>
<wpt lat="53.03476289393987" lon="11.295201000400272">
</wpt>
<wpt lat="53.03476289393987" lon="11.848555723581567">
</wpt>
<wpt lat="53.03476289393987" lon="11.863511256640521">
</wpt>
<wpt lat="53.03476289393987" lon="11.908377855817383">
</wpt>
<wpt lat="53.03476289393987" lon="11.923333388876337">
</wpt>
<wpt lat="53.03476289393987" lon="12.50659917817554">
</wpt>
<wpt lat="53.03476289393987" lon="12.626243442647171">
</wpt>
<wpt lat="53.03476289393987" lon="12.641198975706125">
</wpt>
<wpt lat="53.03476289393987" lon="12.656154508765079">
</wpt>
<wpt lat="53.03476289393987" lon="12.686065574882987">
</wpt>
<wpt lat="53.03476289393987" lon="12.701021107941941">
</wpt>
<wpt lat="53.03476289393987" lon="12.865531971590434">
</wpt>
<wpt lat="53.03476289393987" lon="12.880487504649388">
</wpt>
<wpt lat="53.03476289393987" lon="12.895443037708342">
</wpt>
<wpt lat="53.03476289393987" lon="12.910398570767295">
</wpt>
<wpt lat="53.03476289393987" lon="13.074909434415789">
</wpt>
<wpt lat="53.03476289393987" lon="13.089864967474742">
</wpt>
<wpt lat="53.03476289393987" lon="13.104820500533696">
</wpt>
<wpt lat="53.03476289393987" lon="13.11977603359265">
</wpt>
<wpt lat="53.03476289393987" lon="13.134731566651604">
</wpt>
<wpt lat="53.03476289393987" lon="13.777819488186623">
</wpt>
<wpt lat="53.043756109999059" lon="7.58658759340118">
</wpt>
<wpt lat="53.043756109999059" lon="7.601546246387278">
</wpt>
<wpt lat="53.043756109999059" lon="7.616504899373375">
</wpt>
<wpt lat="53.043756109999059" lon="7.631463552359472">
</wpt>
<wpt lat="53.043756109999059" lon="7.646422205345569">
</wpt>
<wpt lat="53.043756109999059" lon="7.661380858331666">
</wpt>
<wpt lat="53.043756109999059" lon="7.676339511317764">
</wpt>
<wpt lat="53.043756109999059" lon="9.261956727844069">
</wpt>
<wpt lat="53.043756109999059" lon="10.054765336107222">
</wpt>
<wpt lat="53.043756109999059" lon="10.069723989093319">
</wpt>
<wpt lat="53.043756109999059" lon="10.084682642079416">
</wpt>
<wpt lat="53.043756109999059" lon="10.099641295065513">
</wpt>
<wpt lat="53.043756109999059" lon="10.114599948051611">
</wpt>
<wpt lat="53.043756109999059" lon="10.129558601037708">
</wpt>
<wpt lat="53.043756109999059" lon="10.144517254023805">
</wpt>
<wpt lat="53.043756109999059" lon="10.159475907009902">
</wpt>
<wpt lat="53.043756109999059" lon="10.174434559996">
</wpt>
<wpt lat="53.043756109999059" lon="10.189393212982097">
</wpt>
<wpt lat="53.043756109999059" lon="10.204351865968194">
</wpt>
<wpt lat="53.043756109999059" lon="10.219310518954291">
</wpt>
<wpt lat="53.043756109999059" lon="11.161705657078416">
</wpt>
<wpt lat="53.043756109999059" lon="11.176664310064513">
</wpt>
<wpt lat="53.043756109999059" lon="11.191622963050611">
</wpt>
<wpt lat="53.043756109999059" lon="11.206581616036708">
</wpt>
<wpt lat="53.043756109999059" lon="11.221540269022805">
</wpt>
<wpt lat="53.043756109999059" lon="11.236498922008902">
</wpt>
<wpt lat="53.043756109999059" lon="11.251457574994999">
</wpt>
<wpt lat="53.043756109999059" lon="11.266416227981097">
</wpt>
<wpt lat="53.043756109999059" lon="11.281374880967194">
</wpt>
<wpt lat="53.043756109999059" lon="11.296333533953291">
</wpt>
<wpt lat="53.043756109999059" lon="12.507984425827166">
</wpt>
<wpt lat="53.043756109999059" lon="12.612694996729847">
</wpt>
<wpt lat="53.043756109999059" lon="12.627653649715944">
</wpt>
<wpt lat="53.043756109999059" lon="12.642612302702041">
</wpt>
<wpt lat="53.043756109999059" lon="12.657570955688138">
</wpt>
<wpt lat="53.043756109999059" lon="12.672529608674235">
</wpt>
<wpt lat="53.043756109999059" lon="12.687488261660333">
</wpt>
<wpt lat="53.043756109999059" lon="12.70244691464643">
</wpt>
<wpt lat="53.043756109999059" lon="12.837074791521305">
</wpt>
<wpt lat="53.043756109999059" lon="12.852033444507402">
</wpt>
<wpt lat="53.043756109999059" lon="12.866992097493499">
</wpt>
<wpt lat="53.043756109999059" lon="12.881950750479596">
</wpt>
<wpt lat="53.043756109999059" lon="12.896909403465694">
</wpt>
<wpt lat="53.043756109999059" lon="13.106330545271055">
</wpt>
<wpt lat="53.043756109999059" lon="13.121289198257152">
</wpt>
<wpt lat="53.043756109999059" lon="13.794428582631527">
</wpt>
<wpt lat="53.052749326058247" lon="7.586946577150609">
</wpt>
<wpt lat="53.052749326058247" lon="7.601908351734528">
</wpt>
<wpt lat="53.052749326058247" lon="7.616870126318446">
</wpt>
<wpt lat="53.052749326058247" lon="7.631831900902364">
</wpt>
<wpt lat="53.052749326058247" lon="7.646793675486283">
</wpt>
<wpt lat="53.052749326058247" lon="7.990914490916404">
</wpt>
<wpt lat="53.052749326058247" lon="8.065723363835996">
</wpt>
<wpt lat="53.052749326058247" lon="9.262665330549464">
</wpt>
<wpt lat="53.052749326058247" lon="10.055639383497136">
</wpt>
<wpt lat="53.052749326058247" lon="10.070601158081054">
</wpt>
<wpt lat="53.052749326058247" lon="10.085562932664972">
</wpt>
<wpt lat="53.052749326058247" lon="10.100524707248891">
</wpt>
<wpt lat="53.052749326058247" lon="10.115486481832809">
</wpt>
<wpt lat="53.052749326058247" lon="10.130448256416727">
</wpt>
<wpt lat="53.052749326058247" lon="10.145410031000646">
</wpt>
<wpt lat="53.052749326058247" lon="10.160371805584564">
</wpt>
<wpt lat="53.052749326058247" lon="10.175333580168482">
</wpt>
<wpt lat="53.052749326058247" lon="10.190295354752401">
</wpt>
<wpt lat="53.052749326058247" lon="10.205257129336319">
</wpt>
<wpt lat="53.052749326058247" lon="10.220218903920237">
</wpt>
<wpt lat="53.052749326058247" lon="11.147848928123175">
</wpt>
<wpt lat="53.052749326058247" lon="11.162810702707093">
</wpt>
<wpt lat="53.052749326058247" lon="11.177772477291011">
</wpt>
<wpt lat="53.052749326058247" lon="11.19273425187493">
</wpt>
<wpt lat="53.052749326058247" lon="11.207696026458848">
</wpt>
<wpt lat="53.052749326058247" lon="11.222657801042766">
</wpt>
<wpt lat="53.052749326058247" lon="11.237619575626685">
</wpt>
<wpt lat="53.052749326058247" lon="11.252581350210603">
</wpt>
<wpt lat="53.052749326058247" lon="11.267543124794521">
</wpt>
<wpt lat="53.052749326058247" lon="11.28250489937844">
</wpt>
<wpt lat="53.052749326058247" lon="11.297466673962358">
</wpt>
<wpt lat="53.052749326058247" lon="12.494408640675825">
</wpt>
<wpt lat="53.052749326058247" lon="12.509370415259744">
</wpt>
<wpt lat="53.052749326058247" lon="12.599141062763254">
</wpt>
<wpt lat="53.052749326058247" lon="12.614102837347172">
</wpt>
<wpt lat="53.052749326058247" lon="12.62906461193109">
</wpt>
<wpt lat="53.052749326058247" lon="12.644026386515009">
</wpt>
<wpt lat="53.052749326058247" lon="12.658988161098927">
</wpt>
<wpt lat="53.052749326058247" lon="12.673949935682845">
</wpt>
<wpt lat="53.052749326058247" lon="12.688911710266764">
</wpt>
<wpt lat="53.052749326058247" lon="12.703873484850682">
</wpt>
<wpt lat="53.052749326058247" lon="12.853491230689865">
</wpt>
<wpt lat="53.052749326058247" lon="12.868453005273784">
</wpt>
<wpt lat="53.052749326058247" lon="12.883414779857702">
</wpt>
<wpt lat="53.052749326058247" lon="12.89837655444162">
</wpt>
<wpt lat="53.052749326058247" lon="13.107841398616477">
</wpt>
<wpt lat="53.052749326058247" lon="13.122803173200396">
</wpt>
<wpt lat="53.052749326058247" lon="13.826006578644558">
</wpt>
<wpt lat="53.061742542117436" lon="7.61723554887311">
</wpt>
<wpt lat="53.061742542117436" lon="7.90156860809182">
</wpt>
<wpt lat="53.061742542117436" lon="7.991357995213518">
</wpt>
<wpt lat="53.061742542117436" lon="8.081147382335216">
</wpt>
<wpt lat="53.061742542117436" lon="8.096112280188832">
</wpt>
<wpt lat="53.061742542117436" lon="10.071478796866186">
</wpt>
<wpt lat="53.061742542117436" lon="10.086443694719803">
</wpt>
<wpt lat="53.061742542117436" lon="10.101408592573419">
</wpt>
<wpt lat="53.061742542117436" lon="10.116373490427035">
</wpt>
<wpt lat="53.061742542117436" lon="10.131338388280652">
</wpt>
<wpt lat="53.061742542117436" lon="10.146303286134268">
</wpt>
<wpt lat="53.061742542117436" lon="10.161268183987884">
</wpt>
<wpt lat="53.061742542117436" lon="10.176233081841501">
</wpt>
<wpt lat="53.061742542117436" lon="10.191197979695117">
</wpt>
<wpt lat="53.061742542117436" lon="10.206162877548733">
</wpt>
<wpt lat="53.061742542117436" lon="10.22112777540235">
</wpt>
<wpt lat="53.061742542117436" lon="10.236092673255966">
</wpt>
<wpt lat="53.061742542117436" lon="10.62518001744999">
</wpt>
<wpt lat="53.061742542117436" lon="11.148951442326561">
</wpt>
<wpt lat="53.061742542117436" lon="11.163916340180178">
</wpt>
<wpt lat="53.061742542117436" lon="11.178881238033794">
</wpt>
<wpt lat="53.061742542117436" lon="11.268670625155492">
</wpt>
<wpt lat="53.061742542117436" lon="11.283635523009108">
</wpt>
<wpt lat="53.061742542117436" lon="11.298600420862725">
</wpt>
<wpt lat="53.061742542117436" lon="11.80740694788568">
</wpt>
<wpt lat="53.061742542117436" lon="12.600546534127345">
</wpt>
<wpt lat="53.061742542117436" lon="12.615511431980961">
</wpt>
<wpt lat="53.061742542117436" lon="12.630476329834577">
</wpt>
<wpt lat="53.061742542117436" lon="12.645441227688194">
</wpt>
<wpt lat="53.061742542117436" lon="12.66040612554181">
</wpt>
<wpt lat="53.061742542117436" lon="12.675371023395426">
</wpt>
<wpt lat="53.061742542117436" lon="12.690335921249043">
</wpt>
<wpt lat="53.061742542117436" lon="12.705300819102659">
</wpt>
<wpt lat="53.061742542117436" lon="12.899844491199671">
</wpt>
<wpt lat="53.061742542117436" lon="13.124317959003916">
</wpt>
<wpt lat="53.070735758176625" lon="9.234147629188595">
</wpt>
<wpt lat="53.070735758176625" lon="10.087324928583039">
</wpt>
<wpt lat="53.070735758176625" lon="10.102292951379432">
</wpt>
<wpt lat="53.070735758176625" lon="10.117260974175826">
</wpt>
<wpt lat="53.070735758176625" lon="10.13222899697222">
</wpt>
<wpt lat="53.070735758176625" lon="10.401653407307307">
</wpt>
<wpt lat="53.070735758176625" lon="10.416621430103701">
</wpt>
<wpt lat="53.070735758176625" lon="11.150054547126995">
</wpt>
<wpt lat="53.070735758176625" lon="11.165022569923389">
</wpt>
<wpt lat="53.070735758176625" lon="11.284766752294539">
</wpt>
<wpt lat="53.070735758176625" lon="11.299734775090933">
</wpt>
<wpt lat="53.070735758176625" lon="11.314702797887326">
</wpt>
<wpt lat="53.070735758176625" lon="11.68890336779717">
</wpt>
<wpt lat="53.070735758176625" lon="12.586984735580796">
</wpt>
<wpt lat="53.070735758176625" lon="12.601952758377189">
</wpt>
<wpt lat="53.070735758176625" lon="12.616920781173583">
</wpt>
<wpt lat="53.070735758176625" lon="12.631888803969977">
</wpt>
<wpt lat="53.070735758176625" lon="12.646856826766371">
</wpt>
<wpt lat="53.070735758176625" lon="12.661824849562764">
</wpt>
<wpt lat="53.070735758176625" lon="12.676792872359158">
</wpt>
<wpt lat="53.070735758176625" lon="12.691760895155552">
</wpt>
<wpt lat="53.070735758176625" lon="12.706728917951946">
</wpt>
<wpt lat="53.070735758176625" lon="12.721696940748339">
</wpt>
<wpt lat="53.070735758176625" lon="12.991121351083427">
</wpt>
<wpt lat="53.070735758176625" lon="13.110865533454577">
</wpt>
<wpt lat="53.070735758176625" lon="13.125833556250971">
</wpt>
<wpt lat="53.079728974235813" lon="7.30357284369134">
</wpt>
<wpt lat="53.079728974235813" lon="10.118148933420214">
</wpt>
<wpt lat="53.079728974235813" lon="10.342716174621986">
</wpt>
<wpt lat="53.079728974235813" lon="10.357687324035437">
</wpt>
<wpt lat="53.079728974235813" lon="10.402600772275791">
</wpt>
<wpt lat="53.079728974235813" lon="11.151158242948364">
</wpt>
<wpt lat="53.079728974235813" lon="11.166129392361816">
</wpt>
<wpt lat="53.079728974235813" lon="11.285898587669427">
</wpt>
<wpt lat="53.079728974235813" lon="11.300869737082879">
</wpt>
<wpt lat="53.079728974235813" lon="11.31584088649633">
</wpt>
<wpt lat="53.079728974235813" lon="11.330812035909782">
</wpt>
<wpt lat="53.079728974235813" lon="11.345783185323233">
</wpt>
<wpt lat="53.079728974235813" lon="11.360754334736685">
</wpt>
<wpt lat="53.079728974235813" lon="11.375725484150136">
</wpt>
<wpt lat="53.079728974235813" lon="11.690119621832617">
</wpt>
<wpt lat="53.079728974235813" lon="12.588388586639704">
</wpt>
<wpt lat="53.079728974235813" lon="12.633302034880058">
</wpt>
<wpt lat="53.079728974235813" lon="12.64827318429351">
</wpt>
<wpt lat="53.079728974235813" lon="12.663244333706961">
</wpt>
<wpt lat="53.079728974235813" lon="12.678215483120413">
</wpt>
<wpt lat="53.079728974235813" lon="12.693186632533864">
</wpt>
<wpt lat="53.079728974235813" lon="12.708157781947316">
</wpt>
<wpt lat="53.079728974235813" lon="12.723128931360767">
</wpt>
<wpt lat="53.079728974235813" lon="12.738100080774219">
</wpt>
<wpt lat="53.079728974235813" lon="12.977638471389442">
</wpt>
<wpt lat="53.079728974235813" lon="12.992609620802893">
</wpt>
<wpt lat="53.079728974235813" lon="13.112378816110505">
</wpt>
<wpt lat="53.079728974235813" lon="13.127349965523956">
</wpt>
<wpt lat="53.088722190295002" lon="7.288898882069411">
</wpt>
<wpt lat="53.088722190295002" lon="7.303873159775405">
</wpt>
<wpt lat="53.088722190295002" lon="10.343651534092146">
</wpt>
<wpt lat="53.088722190295002" lon="10.35862581179814">
</wpt>
<wpt lat="53.088722190295002" lon="10.373600089504134">
</wpt>
<wpt lat="53.088722190295002" lon="11.287031029569755">
</wpt>
<wpt lat="53.088722190295002" lon="11.302005307275749">
</wpt>
<wpt lat="53.088722190295002" lon="11.316979584981743">
</wpt>
<wpt lat="53.088722190295002" lon="11.331953862687737">
</wpt>
<wpt lat="53.088722190295002" lon="11.346928140393731">
</wpt>
<wpt lat="53.088722190295002" lon="11.361902418099724">
</wpt>
<wpt lat="53.088722190295002" lon="11.376876695805718">
</wpt>
<wpt lat="53.088722190295002" lon="11.391850973511712">
</wpt>
<wpt lat="53.088722190295002" lon="11.676362249925594">
</wpt>
<wpt lat="53.088722190295002" lon="11.691336527631588">
</wpt>
<wpt lat="53.088722190295002" lon="12.649690300815191">
</wpt>
<wpt lat="53.088722190295002" lon="12.664664578521185">
</wpt>
<wpt lat="53.088722190295002" lon="12.679638856227179">
</wpt>
<wpt lat="53.088722190295002" lon="12.694613133933172">
</wpt>
<wpt lat="53.088722190295002" lon="12.709587411639166">
</wpt>
<wpt lat="53.088722190295002" lon="12.72456168934516">
</wpt>
<wpt lat="53.088722190295002" lon="12.739535967051154">
</wpt>
<wpt lat="53.088722190295002" lon="12.754510244757148">
</wpt>
<wpt lat="53.088722190295002" lon="12.949175854935067">
</wpt>
<wpt lat="53.088722190295002" lon="12.964150132641061">
</wpt>
<wpt lat="53.088722190295002" lon="12.979124410347055">
</wpt>
<wpt lat="53.088722190295002" lon="12.994098688053048">
</wpt>
<wpt lat="53.088722190295002" lon="13.009072965759042">
</wpt>
<wpt lat="53.088722190295002" lon="13.113892909700999">
</wpt>
<wpt lat="53.088722190295002" lon="13.128867187406993">
</wpt>
<wpt lat="53.09771540635419" lon="7.3041736368217">
</wpt>
<wpt lat="53.09771540635419" lon="9.910242572310917">
</wpt>
<wpt lat="53.09771540635419" lon="10.344587394892446">
</wpt>
<wpt lat="53.09771540635419" lon="10.359564802567672">
</wpt>
<wpt lat="53.09771540635419" lon="10.404497025593347">
</wpt>
<wpt lat="53.09771540635419" lon="11.288164078431631">
</wpt>
<wpt lat="53.09771540635419" lon="11.303141486106856">
</wpt>
<wpt lat="53.09771540635419" lon="11.318118893782081">
</wpt>
<wpt lat="53.09771540635419" lon="11.333096301457307">
</wpt>
<wpt lat="53.09771540635419" lon="11.348073709132532">
</wpt>
<wpt lat="53.09771540635419" lon="11.363051116807757">
</wpt>
<wpt lat="53.09771540635419" lon="11.378028524482982">
</wpt>
<wpt lat="53.09771540635419" lon="11.393005932158207">
</wpt>
<wpt lat="53.09771540635419" lon="11.66259927031226">
</wpt>
<wpt lat="53.09771540635419" lon="11.677576677987485">
</wpt>
<wpt lat="53.09771540635419" lon="11.69255408566271">
</wpt>
<wpt lat="53.09771540635419" lon="12.666085584552345">
</wpt>
<wpt lat="53.09771540635419" lon="12.68106299222757">
</wpt>
<wpt lat="53.09771540635419" lon="12.696040399902795">
</wpt>
<wpt lat="53.09771540635419" lon="12.71101780757802">
</wpt>
<wpt lat="53.09771540635419" lon="12.725995215253246">
</wpt>
<wpt lat="53.09771540635419" lon="12.740972622928471">
</wpt>
<wpt lat="53.09771540635419" lon="12.755950030603696">
</wpt>
<wpt lat="53.09771540635419" lon="12.770927438278921">
</wpt>
<wpt lat="53.09771540635419" lon="12.785904845954146">
</wpt>
<wpt lat="53.09771540635419" lon="12.965633738056848">
</wpt>
<wpt lat="53.09771540635419" lon="12.980611145732073">
</wpt>
<wpt lat="53.09771540635419" lon="12.995588553407298">
</wpt>
<wpt lat="53.09771540635419" lon="13.1154078148091">
</wpt>
<wpt lat="53.09771540635419" lon="13.130385222484325">
</wpt>
<wpt lat="53.106708622413379" lon="9.881127038390595">
</wpt>
<wpt lat="53.106708622413379" lon="9.896107577712948">
</wpt>
<wpt lat="53.106708622413379" lon="9.911088117035302">
</wpt>
<wpt lat="53.106708622413379" lon="10.345523757383551">
</wpt>
<wpt lat="53.106708622413379" lon="11.16945342011299">
</wpt>
<wpt lat="53.106708622413379" lon="11.289297734691818">
</wpt>
<wpt lat="53.106708622413379" lon="11.304278274014171">
</wpt>
<wpt lat="53.106708622413379" lon="11.319258813336525">
</wpt>
<wpt lat="53.106708622413379" lon="11.334239352658878">
</wpt>
<wpt lat="53.106708622413379" lon="11.349219891981232">
</wpt>
<wpt lat="53.106708622413379" lon="11.364200431303585">
</wpt>
<wpt lat="53.106708622413379" lon="11.379180970625939">
</wpt>
<wpt lat="53.106708622413379" lon="11.394161509948292">
</wpt>
<wpt lat="53.106708622413379" lon="11.409142049270645">
</wpt>
<wpt lat="53.106708622413379" lon="11.424122588592999">
</wpt>
<wpt lat="53.106708622413379" lon="11.6488306784283">
</wpt>
<wpt lat="53.106708622413379" lon="11.663811217750654">
</wpt>
<wpt lat="53.106708622413379" lon="11.678791757073007">
</wpt>
<wpt lat="53.106708622413379" lon="11.693772296395361">
</wpt>
<wpt lat="53.106708622413379" lon="12.667507352348334">
</wpt>
<wpt lat="53.106708622413379" lon="12.682487891670688">
</wpt>
<wpt lat="53.106708622413379" lon="12.697468430993041">
</wpt>
<wpt lat="53.106708622413379" lon="12.712448970315394">
</wpt>
<wpt lat="53.106708622413379" lon="12.727429509637748">
</wpt>
<wpt lat="53.106708622413379" lon="12.742410048960101">
</wpt>
<wpt lat="53.106708622413379" lon="12.787351666927162">
</wpt>
<wpt lat="53.106708622413379" lon="12.952137599473049">
</wpt>
<wpt lat="53.106708622413379" lon="12.967118138795403">
</wpt>
<wpt lat="53.106708622413379" lon="12.982098678117756">
</wpt>
<wpt lat="53.106708622413379" lon="12.99707921744011">
</wpt>
<wpt lat="53.106708622413379" lon="13.116923532018937">
</wpt>
<wpt lat="53.115701838472567" lon="9.911934115116937">
</wpt>
<wpt lat="53.115701838472567" lon="10.106721859548493">
</wpt>
<wpt lat="53.115701838472567" lon="10.121705532197074">
</wpt>
<wpt lat="53.115701838472567" lon="10.436362657817281">
</wpt>
<wpt lat="53.115701838472567" lon="11.15557894494918">
</wpt>
<wpt lat="53.115701838472567" lon="11.170562617597762">
</wpt>
<wpt lat="53.115701838472567" lon="11.305415671434993">
</wpt>
<wpt lat="53.115701838472567" lon="11.320399344083574">
</wpt>
<wpt lat="53.115701838472567" lon="11.335383016732155">
</wpt>
<wpt lat="53.115701838472567" lon="11.39531770732648">
</wpt>
<wpt lat="53.115701838472567" lon="11.410301379975062">
</wpt>
<wpt lat="53.115701838472567" lon="11.425285052623643">
</wpt>
<wpt lat="53.115701838472567" lon="11.620072797055199">
</wpt>
<wpt lat="53.115701838472567" lon="11.63505646970378">
</wpt>
<wpt lat="53.115701838472567" lon="11.650040142352362">
</wpt>
<wpt lat="53.115701838472567" lon="11.665023815000943">
</wpt>
<wpt lat="53.115701838472567" lon="11.680007487649524">
</wpt>
<wpt lat="53.115701838472567" lon="11.694991160298105">
</wpt>
<wpt lat="53.115701838472567" lon="12.668929882455886">
</wpt>
<wpt lat="53.115701838472567" lon="12.683913555104468">
</wpt>
<wpt lat="53.115701838472567" lon="12.698897227753049">
</wpt>
<wpt lat="53.115701838472567" lon="12.71388090040163">
</wpt>
<wpt lat="53.115701838472567" lon="12.803782936293118">
</wpt>
<wpt lat="53.115701838472567" lon="12.848733954238861">
</wpt>
<wpt lat="53.115701838472567" lon="12.968603335427511">
</wpt>
<wpt lat="53.115701838472567" lon="12.983587008076093">
</wpt>
<wpt lat="53.115701838472567" lon="12.998570680724674">
</wpt>
<wpt lat="53.115701838472567" lon="13.118440061913324">
</wpt>
<wpt lat="53.115701838472567" lon="13.807689003748061">
</wpt>
<wpt lat="53.115701838472567" lon="13.822672676396643">
</wpt>
<wpt lat="53.124695054531756" lon="9.927767374537892">
</wpt>
<wpt lat="53.124695054531756" lon="11.14169879460276">
</wpt>
<wpt lat="53.124695054531756" lon="11.156685602257882">
</wpt>
<wpt lat="53.124695054531756" lon="11.171672409913004">
</wpt>
<wpt lat="53.124695054531756" lon="11.186659217568126">
</wpt>
<wpt lat="53.124695054531756" lon="11.201646025223248">
</wpt>
<wpt lat="53.124695054531756" lon="11.21663283287837">
</wpt>
<wpt lat="53.124695054531756" lon="11.321540486464222">
</wpt>
<wpt lat="53.124695054531756" lon="11.396474524739832">
</wpt>
<wpt lat="53.124695054531756" lon="11.411461332394953">
</wpt>
<wpt lat="53.124695054531756" lon="11.426448140050075">
</wpt>
<wpt lat="53.124695054531756" lon="11.441434947705197">
</wpt>
<wpt lat="53.124695054531756" lon="11.531355793635928">
</wpt>
<wpt lat="53.124695054531756" lon="11.54634260129105">
</wpt>
<wpt lat="53.124695054531756" lon="11.561329408946172">
</wpt>
<wpt lat="53.124695054531756" lon="11.576316216601294">
</wpt>
<wpt lat="53.124695054531756" lon="11.591303024256415">
</wpt>
<wpt lat="53.124695054531756" lon="11.666237062532025">
</wpt>
<wpt lat="53.124695054531756" lon="11.681223870187146">
</wpt>
<wpt lat="53.124695054531756" lon="11.696210677842268">
</wpt>
<wpt lat="53.124695054531756" lon="12.535471906529091">
</wpt>
<wpt lat="53.124695054531756" lon="12.670353175425188">
</wpt>
<wpt lat="53.124695054531756" lon="12.68533998308031">
</wpt>
<wpt lat="53.124695054531756" lon="12.700326790735431">
</wpt>
<wpt lat="53.124695054531756" lon="12.85019486728665">
</wpt>
<wpt lat="53.124695054531756" lon="12.865181674941772">
</wpt>
<wpt lat="53.124695054531756" lon="12.970089328527624">
</wpt>
<wpt lat="53.124695054531756" lon="13.000062943837868">
</wpt>
<wpt lat="53.124695054531756" lon="13.119957405078843">
</wpt>
<wpt lat="53.124695054531756" lon="13.809350557214447">
</wpt>
<wpt lat="53.124695054531756" lon="13.944231826110544">
</wpt>
<wpt lat="53.133688270590945" lon="7.365336934318046">
</wpt>
<wpt lat="53.133688270590945" lon="9.92861741700202">
</wpt>
<wpt lat="53.133688270590945" lon="9.943607361345201">
</wpt>
<wpt lat="53.133688270590945" lon="9.958597305688382">
</wpt>
<wpt lat="53.133688270590945" lon="11.112823020113346">
</wpt>
<wpt lat="53.133688270590945" lon="11.127812964456528">
</wpt>
<wpt lat="53.133688270590945" lon="11.142802908799709">
</wpt>
<wpt lat="53.133688270590945" lon="11.15779285314289">
</wpt>
<wpt lat="53.133688270590945" lon="11.172782797486072">
</wpt>
<wpt lat="53.133688270590945" lon="11.187772741829253">
</wpt>
<wpt lat="53.133688270590945" lon="11.202762686172434">
</wpt>
<wpt lat="53.133688270590945" lon="11.322682240917885">
</wpt>
<wpt lat="53.133688270590945" lon="11.397631962633792">
</wpt>
<wpt lat="53.133688270590945" lon="11.412621906976973">
</wpt>
<wpt lat="53.133688270590945" lon="11.427611851320155">
</wpt>
<wpt lat="53.133688270590945" lon="11.442601795663336">
</wpt>
<wpt lat="53.133688270590945" lon="11.457591740006517">
</wpt>
<wpt lat="53.133688270590945" lon="11.517551517379243">
</wpt>
<wpt lat="53.133688270590945" lon="11.532541461722424">
</wpt>
<wpt lat="53.133688270590945" lon="11.547531406065605">
</wpt>
<wpt lat="53.133688270590945" lon="11.562521350408787">
</wpt>
<wpt lat="53.133688270590945" lon="11.577511294751968">
</wpt>
<wpt lat="53.133688270590945" lon="11.682440905154237">
</wpt>
<wpt lat="53.133688270590945" lon="12.551857677058756">
</wpt>
<wpt lat="53.133688270590945" lon="12.656787287461025">
</wpt>
<wpt lat="53.133688270590945" lon="12.671777231804207">
</wpt>
<wpt lat="53.133688270590945" lon="12.686767176147388">
</wpt>
<wpt lat="53.133688270590945" lon="12.701757120490569">
</wpt>
<wpt lat="53.133688270590945" lon="12.851656563922383">
</wpt>
<wpt lat="53.133688270590945" lon="12.911616341295108">
</wpt>
<wpt lat="53.133688270590945" lon="13.106485617756466">
</wpt>
<wpt lat="53.133688270590945" lon="13.811013001885989">
</wpt>
<wpt lat="53.133688270590945" lon="13.975902389660984">
</wpt>
<wpt lat="53.142681486650133" lon="9.914474832772115">
</wpt>
<wpt lat="53.142681486650133" lon="9.929467915486086">
</wpt>
<wpt lat="53.142681486650133" lon="9.944460998200057">
</wpt>
<wpt lat="53.142681486650133" lon="9.959454080914028">
</wpt>
<wpt lat="53.142681486650133" lon="11.113921449889816">
</wpt>
<wpt lat="53.142681486650133" lon="11.128914532603787">
</wpt>
<wpt lat="53.142681486650133" lon="11.143907615317758">
</wpt>
<wpt lat="53.142681486650133" lon="11.158900698031729">
</wpt>
<wpt lat="53.142681486650133" lon="11.173893780745701">
</wpt>
<wpt lat="53.142681486650133" lon="11.188886863459672">
</wpt>
<wpt lat="53.142681486650133" lon="11.203879946173643">
</wpt>
<wpt lat="53.142681486650133" lon="11.323824607885413">
</wpt>
<wpt lat="53.142681486650133" lon="11.383796938741298">
</wpt>
<wpt lat="53.142681486650133" lon="11.39879002145527">
</wpt>
<wpt lat="53.142681486650133" lon="11.413783104169241">
</wpt>
<wpt lat="53.142681486650133" lon="11.428776186883212">
</wpt>
<wpt lat="53.142681486650133" lon="11.443769269597183">
</wpt>
<wpt lat="53.142681486650133" lon="11.458762352311155">
</wpt>
<wpt lat="53.142681486650133" lon="11.473755435025126">
</wpt>
<wpt lat="53.142681486650133" lon="11.488748517739097">
</wpt>
<wpt lat="53.142681486650133" lon="11.503741600453068">
</wpt>
<wpt lat="53.142681486650133" lon="11.683658593020724">
</wpt>
<wpt lat="53.142681486650133" lon="12.688195134856798">
</wpt>
<wpt lat="53.142681486650133" lon="12.703188217570769">
</wpt>
<wpt lat="53.142681486650133" lon="13.093008368134022">
</wpt>
<wpt lat="53.142681486650133" lon="13.108001450847993">
</wpt>
<wpt lat="53.142681486650133" lon="13.797683255690671">
</wpt>
<wpt lat="53.142681486650133" lon="13.812676338404643">
</wpt>
<wpt lat="53.142681486650133" lon="13.827669421118614">
</wpt>
<wpt lat="53.142681486650133" lon="13.977600248258327">
</wpt>
<wpt lat="53.151674702709322" lon="9.885330202012417">
</wpt>
<wpt lat="53.151674702709322" lon="9.90032642478112">
</wpt>
<wpt lat="53.151674702709322" lon="9.915322647549823">
</wpt>
<wpt lat="53.151674702709322" lon="9.930318870318526">
</wpt>
<wpt lat="53.151674702709322" lon="9.945315093087229">
</wpt>
<wpt lat="53.151674702709322" lon="9.960311315855932">
</wpt>
<wpt lat="53.151674702709322" lon="11.145012914583473">
</wpt>
<wpt lat="53.151674702709322" lon="11.160009137352176">
</wpt>
<wpt lat="53.151674702709322" lon="11.175005360120879">
</wpt>
<wpt lat="53.151674702709322" lon="11.190001582889582">
</wpt>
<wpt lat="53.151674702709322" lon="11.204997805658286">
</wpt>
<wpt lat="53.151674702709322" lon="11.32496758780791">
</wpt>
<wpt lat="53.151674702709322" lon="11.339963810576613">
</wpt>
<wpt lat="53.151674702709322" lon="11.354960033345316">
</wpt>
<wpt lat="53.151674702709322" lon="11.369956256114019">
</wpt>
<wpt lat="53.151674702709322" lon="11.384952478882722">
</wpt>
<wpt lat="53.151674702709322" lon="11.399948701651425">
</wpt>
<wpt lat="53.151674702709322" lon="11.414944924420128">
</wpt>
<wpt lat="53.151674702709322" lon="11.47492981549494">
</wpt>
<wpt lat="53.151674702709322" lon="11.489926038263643">
</wpt>
<wpt lat="53.151674702709322" lon="11.504922261032346">
</wpt>
<wpt lat="53.151674702709322" lon="12.569654077610263">
</wpt>
<wpt lat="53.151674702709322" lon="12.689623859759887">
</wpt>
<wpt lat="53.151674702709322" lon="12.70462008252859">
</wpt>
<wpt lat="53.151674702709322" lon="13.09452187451487">
</wpt>
<wpt lat="53.151674702709322" lon="13.814340567412616">
</wpt>
<wpt lat="53.151674702709322" lon="13.829336790181319">
</wpt>
<wpt lat="53.16066791876851" lon="7.906256073168356">
</wpt>
<wpt lat="53.16066791876851" lon="9.166202691890057">
</wpt>
<wpt lat="53.16066791876851" lon="9.601184262639217">
</wpt>
<wpt lat="53.16066791876851" lon="9.901171552811052">
</wpt>
<wpt lat="53.16066791876851" lon="9.916170917319644">
</wpt>
<wpt lat="53.16066791876851" lon="9.931170281828235">
</wpt>
<wpt lat="53.16066791876851" lon="9.946169646336827">
</wpt>
<wpt lat="53.16066791876851" lon="9.961169010845419">
</wpt>
<wpt lat="53.16066791876851" lon="9.97616837535401">
</wpt>
<wpt lat="53.16066791876851" lon="11.161118171532758">
</wpt>
<wpt lat="53.16066791876851" lon="11.17611753604135">
</wpt>
<wpt lat="53.16066791876851" lon="11.191116900549941">
</wpt>
<wpt lat="53.16066791876851" lon="11.206116265058533">
</wpt>
<wpt lat="53.16066791876851" lon="11.221115629567125">
</wpt>
<wpt lat="53.16066791876851" lon="11.341110545635859">
</wpt>
<wpt lat="53.16066791876851" lon="11.35610991014445">
</wpt>
<wpt lat="53.16066791876851" lon="11.371109274653042">
</wpt>
<wpt lat="53.16066791876851" lon="11.386108639161634">
</wpt>
<wpt lat="53.16066791876851" lon="11.401108003670226">
</wpt>
<wpt lat="53.16066791876851" lon="11.506103555230368">
</wpt>
<wpt lat="53.16066791876851" lon="11.671096564824877">
</wpt>
<wpt lat="53.16066791876851" lon="12.706052715917707">
</wpt>
<wpt lat="53.16066791876851" lon="13.036038735106725">
</wpt>
<wpt lat="53.16066791876851" lon="13.066037464123909">
</wpt>
<wpt lat="53.16066791876851" lon="13.081036828632501">
</wpt>
<wpt lat="53.16066791876851" lon="13.816005689553496">
</wpt>
<wpt lat="53.16066791876851" lon="13.831005054062087">
</wpt>
<wpt lat="53.16066791876851" lon="13.846004418570679">
</wpt>
<wpt lat="53.169661134827699" lon="7.66664345218175">
</wpt>
<wpt lat="53.169661134827699" lon="9.151891737731763">
</wpt>
<wpt lat="53.169661134827699" lon="9.721987039256017">
</wpt>
<wpt lat="53.169661134827699" lon="9.736989547190866">
</wpt>
<wpt lat="53.169661134827699" lon="9.751992055125715">
</wpt>
<wpt lat="53.169661134827699" lon="9.766994563060564">
</wpt>
<wpt lat="53.169661134827699" lon="9.781997070995413">
</wpt>
<wpt lat="53.169661134827699" lon="9.902017134474203">
</wpt>
<wpt lat="53.169661134827699" lon="9.917019642409052">
</wpt>
<wpt lat="53.169661134827699" lon="9.932022150343901">
</wpt>
<wpt lat="53.169661134827699" lon="9.94702465827875">
</wpt>
<wpt lat="53.169661134827699" lon="10.202067293171179">
</wpt>
<wpt lat="53.169661134827699" lon="11.177230308936352">
</wpt>
<wpt lat="53.169661134827699" lon="11.192232816871201">
</wpt>
<wpt lat="53.169661134827699" lon="11.207235324806049">
</wpt>
<wpt lat="53.169661134827699" lon="11.222237832740898">
</wpt>
<wpt lat="53.169661134827699" lon="11.237240340675747">
</wpt>
<wpt lat="53.169661134827699" lon="12.70748611829093">
</wpt>
<wpt lat="53.169661134827699" lon="12.722488626225779">
</wpt>
<wpt lat="53.169661134827699" lon="12.797501165900023">
</wpt>
<wpt lat="53.169661134827699" lon="13.022538784922755">
</wpt>
<wpt lat="53.169661134827699" lon="13.037541292857604">
</wpt>
<wpt lat="53.169661134827699" lon="13.067546308727302">
</wpt>
<wpt lat="53.169661134827699" lon="13.817671705469742">
</wpt>
<wpt lat="53.169661134827699" lon="13.832674213404591">
</wpt>
<wpt lat="53.178654350886887" lon="7.591992600599472">
</wpt>
<wpt lat="53.178654350886887" lon="7.606998253648163">
</wpt>
<wpt lat="53.178654350886887" lon="7.622003906696854">
</wpt>
<wpt lat="53.178654350886887" lon="7.637009559745545">
</wpt>
<wpt lat="53.178654350886887" lon="7.652015212794236">
</wpt>
<wpt lat="53.178654350886887" lon="9.152580517663342">
</wpt>
<wpt lat="53.178654350886887" lon="9.722795333513602">
</wpt>
<wpt lat="53.178654350886887" lon="9.737800986562293">
</wpt>
<wpt lat="53.178654350886887" lon="9.752806639610984">
</wpt>
<wpt lat="53.178654350886887" lon="9.767812292659675">
</wpt>
<wpt lat="53.178654350886887" lon="9.782817945708366">
</wpt>
<wpt lat="53.178654350886887" lon="9.902863170097895">
</wpt>
<wpt lat="53.178654350886887" lon="9.917868823146586">
</wpt>
<wpt lat="53.178654350886887" lon="9.932874476195277">
</wpt>
<wpt lat="53.178654350886887" lon="10.022908394487423">
</wpt>
<wpt lat="53.178654350886887" lon="11.178343679236635">
</wpt>
<wpt lat="53.178654350886887" lon="11.193349332285326">
</wpt>
<wpt lat="53.178654350886887" lon="11.208354985334017">
</wpt>
<wpt lat="53.178654350886887" lon="11.223360638382708">
</wpt>
<wpt lat="53.178654350886887" lon="11.238366291431399">
</wpt>
<wpt lat="53.178654350886887" lon="11.613507617648676">
</wpt>
<wpt lat="53.178654350886887" lon="11.628513270697367">
</wpt>
<wpt lat="53.178654350886887" lon="11.643518923746058">
</wpt>
<wpt lat="53.178654350886887" lon="12.693914637154432">
</wpt>
<wpt lat="53.178654350886887" lon="13.039044657274326">
</wpt>
<wpt lat="53.178654350886887" lon="13.204106840809928">
</wpt>
<wpt lat="53.178654350886887" lon="13.819338615806261">
</wpt>
<wpt lat="53.178654350886887" lon="13.834344268854952">
</wpt>
<wpt lat="53.187647566946076" lon="7.517310483646785">
</wpt>
<wpt lat="53.187647566946076" lon="7.532319283498119">
</wpt>
<wpt lat="53.187647566946076" lon="7.547328083349454">
</wpt>
<wpt lat="53.187647566946076" lon="7.562336883200788">
</wpt>
<wpt lat="53.187647566946076" lon="7.577345683052123">
</wpt>
<wpt lat="53.187647566946076" lon="7.592354482903457">
</wpt>
<wpt lat="53.187647566946076" lon="7.607363282754791">
</wpt>
<wpt lat="53.187647566946076" lon="7.622372082606126">
</wpt>
<wpt lat="53.187647566946076" lon="7.63738088245746">
</wpt>
<wpt lat="53.187647566946076" lon="7.652389682308795">
</wpt>
<wpt lat="53.187647566946076" lon="9.738612861644381">
</wpt>
<wpt lat="53.187647566946076" lon="9.753621661495716">
</wpt>
<wpt lat="53.187647566946076" lon="9.768630461347051">
</wpt>
<wpt lat="53.187647566946076" lon="9.783639261198386">
</wpt>
<wpt lat="53.187647566946076" lon="9.888700860157734">
</wpt>
<wpt lat="53.187647566946076" lon="9.903709660009069">
</wpt>
<wpt lat="53.187647566946076" lon="9.918718459860404">
</wpt>
<wpt lat="53.187647566946076" lon="10.023780058819751">
</wpt>
<wpt lat="53.187647566946076" lon="11.179457647372569">
</wpt>
<wpt lat="53.187647566946076" lon="11.194466447223904">
</wpt>
<wpt lat="53.187647566946076" lon="11.20947524707524">
</wpt>
<wpt lat="53.187647566946076" lon="11.224484046926575">
</wpt>
<wpt lat="53.187647566946076" lon="11.23949284677791">
</wpt>
<wpt lat="53.187647566946076" lon="11.689756842317969">
</wpt>
<wpt lat="53.187647566946076" lon="13.821006421207581">
</wpt>
<wpt lat="53.187647566946076" lon="13.836015221058917">
</wpt>
<wpt lat="53.196640783005265" lon="7.517656817839816">
</wpt>
<wpt lat="53.196640783005265" lon="7.532668766183814">
</wpt>
<wpt lat="53.196640783005265" lon="7.547680714527813">
</wpt>
<wpt lat="53.196640783005265" lon="7.562692662871811">
</wpt>
<wpt lat="53.196640783005265" lon="7.577704611215809">
</wpt>
<wpt lat="53.196640783005265" lon="7.592716559559808">
</wpt>
<wpt lat="53.196640783005265" lon="7.607728507903806">
</wpt>
<wpt lat="53.196640783005265" lon="7.622740456247804">
</wpt>
<wpt lat="53.196640783005265" lon="9.244030877399624">
</wpt>
<wpt lat="53.196640783005265" lon="9.754437121095567">
</wpt>
<wpt lat="53.196640783005265" lon="9.769449069439565">
</wpt>
<wpt lat="53.196640783005265" lon="9.784461017783563">
</wpt>
<wpt lat="53.196640783005265" lon="9.874532707847553">
</wpt>
<wpt lat="53.196640783005265" lon="9.889544656191552">
</wpt>
<wpt lat="53.196640783005265" lon="9.90455660453555">
</wpt>
<wpt lat="53.196640783005265" lon="10.024652191287537">
</wpt>
<wpt lat="53.196640783005265" lon="11.015440781991426">
</wpt>
<wpt lat="53.196640783005265" lon="11.030452730335425">
</wpt>
<wpt lat="53.196640783005265" lon="11.180572213775408">
</wpt>
<wpt lat="53.196640783005265" lon="11.195584162119406">
</wpt>
<wpt lat="53.196640783005265" lon="11.210596110463404">
</wpt>
<wpt lat="53.196640783005265" lon="11.225608058807403">
</wpt>
<wpt lat="53.196640783005265" lon="11.240620007151401">
</wpt>
<wpt lat="53.196640783005265" lon="11.255631955495399">
</wpt>
<wpt lat="53.196640783005265" lon="12.68176704817524">
</wpt>
<wpt lat="53.196640783005265" lon="13.822675122319113">
</wpt>
<wpt lat="53.196640783005265" lon="13.837687070663112">
</wpt>
<wpt lat="53.205633999064453" lon="7.518003338068958">
</wpt>
<wpt lat="53.205633999064453" lon="7.533018436596858">
</wpt>
<wpt lat="53.205633999064453" lon="7.548033535124757">
</wpt>
<wpt lat="53.205633999064453" lon="7.563048633652657">
</wpt>
<wpt lat="53.205633999064453" lon="7.578063732180556">
</wpt>
<wpt lat="53.205633999064453" lon="7.593078830708456">
</wpt>
<wpt lat="53.205633999064453" lon="7.608093929236356">
</wpt>
<wpt lat="53.205633999064453" lon="9.244739668777488">
</wpt>
<wpt lat="53.205633999064453" lon="9.770268117254005">
</wpt>
<wpt lat="53.205633999064453" lon="9.785283215781906">
</wpt>
<wpt lat="53.205633999064453" lon="9.800298314309806">
</wpt>
<wpt lat="53.205633999064453" lon="9.860358708421408">
</wpt>
<wpt lat="53.205633999064453" lon="9.875373806949309">
</wpt>
<wpt lat="53.205633999064453" lon="10.025524792228314">
</wpt>
<wpt lat="53.205633999064453" lon="10.971475999486046">
</wpt>
<wpt lat="53.205633999064453" lon="10.986491098013946">
</wpt>
<wpt lat="53.205633999064453" lon="11.001506196541847">
</wpt>
<wpt lat="53.205633999064453" lon="11.016521295069747">
</wpt>
<wpt lat="53.205633999064453" lon="11.181687378876653">
</wpt>
<wpt lat="53.205633999064453" lon="11.196702477404553">
</wpt>
<wpt lat="53.205633999064453" lon="11.211717575932454">
</wpt>
<wpt lat="53.205633999064453" lon="11.226732674460354">
</wpt>
<wpt lat="53.205633999064453" lon="11.241747772988255">
</wpt>
<wpt lat="53.205633999064453" lon="12.382895261108693">
</wpt>
<wpt lat="53.205633999064453" lon="12.668182133138803">
</wpt>
<wpt lat="53.205633999064453" lon="12.683197231666703">
</wpt>
<wpt lat="53.205633999064453" lon="13.073589793392117">
</wpt>
<wpt lat="53.205633999064453" lon="13.208725680143221">
</wpt>
<wpt lat="53.214627215123642" lon="7.563404795681326">
</wpt>
<wpt lat="53.214627215123642" lon="7.578423046085586">
</wpt>
<wpt lat="53.214627215123642" lon="7.593441296489845">
</wpt>
<wpt lat="53.214627215123642" lon="7.608459546894105">
</wpt>
<wpt lat="53.214627215123642" lon="9.230430590554207">
</wpt>
<wpt lat="53.214627215123642" lon="9.245448840958467">
</wpt>
<wpt lat="53.214627215123642" lon="9.846178857128884">
</wpt>
<wpt lat="53.214627215123642" lon="9.861197107533144">
</wpt>
<wpt lat="53.214627215123642" lon="9.876215357937404">
</wpt>
<wpt lat="53.214627215123642" lon="10.957529387044154">
</wpt>
<wpt lat="53.214627215123642" lon="11.197821393512321">
</wpt>
<wpt lat="53.214627215123642" lon="11.227857894320842">
</wpt>
<wpt lat="53.214627215123642" lon="11.242876144725102">
</wpt>
<wpt lat="53.214627215123642" lon="11.498186401597529">
</wpt>
<wpt lat="53.214627215123642" lon="11.513204652001789">
</wpt>
<wpt lat="53.214627215123642" lon="11.993788664938123">
</wpt>
<wpt lat="53.214627215123642" lon="12.369244925044633">
</wpt>
<wpt lat="53.214627215123642" lon="12.384263175448893">
</wpt>
<wpt lat="53.214627215123642" lon="12.519427429087237">
</wpt>
<wpt lat="53.214627215123642" lon="12.684628183534102">
</wpt>
<wpt lat="53.214627215123642" lon="13.060084443640612">
</wpt>
<wpt lat="53.214627215123642" lon="13.210266947683216">
</wpt>
<wpt lat="53.214627215123642" lon="13.750923962236591">
</wpt>
<wpt lat="53.214627215123642" lon="13.765942212640851">
</wpt>
<wpt lat="53.214627215123642" lon="13.780960463045112">
</wpt>
<wpt lat="53.214627215123642" lon="13.795978713449372">
</wpt>
<wpt lat="53.22362043118283" lon="7.263333069609917">
</wpt>
<wpt lat="53.22362043118283" lon="7.578782553070221">
</wpt>
<wpt lat="53.22362043118283" lon="7.698953784864623">
</wpt>
<wpt lat="53.22362043118283" lon="7.939296248453426">
</wpt>
<wpt lat="53.22362043118283" lon="9.201094182294641">
</wpt>
<wpt lat="53.22362043118283" lon="9.216115586268941">
</wpt>
<wpt lat="53.22362043118283" lon="9.231136990243241">
</wpt>
<wpt lat="53.22362043118283" lon="9.246158394217542">
</wpt>
<wpt lat="53.22362043118283" lon="9.862035957163849">
</wpt>
<wpt lat="53.22362043118283" lon="9.877057361138149">
</wpt>
<wpt lat="53.22362043118283" lon="11.244005122799466">
</wpt>
<wpt lat="53.22362043118283" lon="11.469326182413969">
</wpt>
<wpt lat="53.22362043118283" lon="11.484347586388269">
</wpt>
<wpt lat="53.22362043118283" lon="11.499368990362569">
</wpt>
<wpt lat="53.22362043118283" lon="11.51439039433687">
</wpt>
<wpt lat="53.22362043118283" lon="11.52941179831117">
</wpt>
<wpt lat="53.22362043118283" lon="12.35558901689768">
</wpt>
<wpt lat="53.22362043118283" lon="12.37061042087198">
</wpt>
<wpt lat="53.22362043118283" lon="12.520824460614982">
</wpt>
<wpt lat="53.22362043118283" lon="12.535845864589282">
</wpt>
<wpt lat="53.22362043118283" lon="13.16674483150989">
</wpt>
<wpt lat="53.22362043118283" lon="13.21180904343279">
</wpt>
<wpt lat="53.22362043118283" lon="13.782622394456197">
</wpt>
<wpt lat="53.22362043118283" lon="13.797643798430498">
</wpt>
<wpt lat="53.232613647242019" lon="7.218552831531856">
</wpt>
<wpt lat="53.232613647242019" lon="7.233577390771099">
</wpt>
<wpt lat="53.232613647242019" lon="7.248601950010341">
</wpt>
<wpt lat="53.232613647242019" lon="7.714363286426869">
</wpt>
<wpt lat="53.232613647242019" lon="9.186770091872738">
</wpt>
<wpt lat="53.232613647242019" lon="9.201794651111982">
</wpt>
<wpt lat="53.232613647242019" lon="9.216819210351225">
</wpt>
<wpt lat="53.232613647242019" lon="9.231843769590469">
</wpt>
<wpt lat="53.232613647242019" lon="9.246868328829713">
</wpt>
<wpt lat="53.232613647242019" lon="9.502285835896856">
</wpt>
<wpt lat="53.232613647242019" lon="9.877899816877949">
</wpt>
<wpt lat="53.232613647242019" lon="11.230110148409885">
</wpt>
<wpt lat="53.232613647242019" lon="11.245134707649129">
</wpt>
<wpt lat="53.232613647242019" lon="11.485527655477028">
</wpt>
<wpt lat="53.232613647242019" lon="11.500552214716272">
</wpt>
<wpt lat="53.232613647242019" lon="11.515576773955516">
</wpt>
<wpt lat="53.232613647242019" lon="11.53060133319476">
</wpt>
<wpt lat="53.232613647242019" lon="12.341927532113921">
</wpt>
<wpt lat="53.232613647242019" lon="12.356952091353165">
</wpt>
<wpt lat="53.232613647242019" lon="12.522222242984846">
</wpt>
<wpt lat="53.232613647242019" lon="12.537246802224089">
</wpt>
<wpt lat="53.232613647242019" lon="12.552271361463333">
</wpt>
<wpt lat="53.232613647242019" lon="12.597345039181064">
</wpt>
<wpt lat="53.232613647242019" lon="12.867787105487452">
</wpt>
<wpt lat="53.232613647242019" lon="12.882811664726695">
</wpt>
<wpt lat="53.232613647242019" lon="12.94290990168367">
</wpt>
<wpt lat="53.232613647242019" lon="13.048081816358376">
</wpt>
<wpt lat="53.232613647242019" lon="13.799309778320563">
</wpt>
<wpt lat="53.241606863301207" lon="7.218836958028106">
</wpt>
<wpt lat="53.241606863301207" lon="7.233864674228419">
</wpt>
<wpt lat="53.241606863301207" lon="7.850001038441222">
</wpt>
<wpt lat="53.241606863301207" lon="7.865028754641535">
</wpt>
<wpt lat="53.241606863301207" lon="9.202495496469258">
</wpt>
<wpt lat="53.241606863301207" lon="9.217523212669569">
</wpt>
<wpt lat="53.241606863301207" lon="9.23255092886988">
</wpt>
<wpt lat="53.241606863301207" lon="9.518077536675797">
</wpt>
<wpt lat="53.241606863301207" lon="9.878742725483271">
</wpt>
<wpt lat="53.241606863301207" lon="10.94571057570538">
</wpt>
<wpt lat="53.241606863301207" lon="11.035876872907249">
</wpt>
<wpt lat="53.241606863301207" lon="11.201181751110674">
</wpt>
<wpt lat="53.241606863301207" lon="11.216209467310986">
</wpt>
<wpt lat="53.241606863301207" lon="11.231237183511297">
</wpt>
<wpt lat="53.241606863301207" lon="11.246264899711608">
</wpt>
<wpt lat="53.241606863301207" lon="11.486708358916591">
</wpt>
<wpt lat="53.241606863301207" lon="11.501736075116902">
</wpt>
<wpt lat="53.241606863301207" lon="11.516763791317214">
</wpt>
<wpt lat="53.241606863301207" lon="11.742179534321885">
</wpt>
<wpt lat="53.241606863301207" lon="12.358315898534652">
</wpt>
<wpt lat="53.241606863301207" lon="12.508593060537766">
</wpt>
<wpt lat="53.241606863301207" lon="12.523620776738078">
</wpt>
<wpt lat="53.241606863301207" lon="12.538648492938389">
</wpt>
<wpt lat="53.241606863301207" lon="12.5536762091387">
</wpt>
<wpt lat="53.241606863301207" lon="12.568703925339012">
</wpt>
<wpt lat="53.241606863301207" lon="12.583731641539323">
</wpt>
<wpt lat="53.241606863301207" lon="12.854230533144928">
</wpt>
<wpt lat="53.241606863301207" lon="12.86925824934524">
</wpt>
<wpt lat="53.241606863301207" lon="12.884285965545551">
</wpt>
<wpt lat="53.241606863301207" lon="12.899313681745863">
</wpt>
<wpt lat="53.241606863301207" lon="12.914341397946174">
</wpt>
<wpt lat="53.241606863301207" lon="12.929369114146485">
</wpt>
<wpt lat="53.241606863301207" lon="12.944396830346797">
</wpt>
<wpt lat="53.241606863301207" lon="13.034563127548665">
</wpt>
<wpt lat="53.241606863301207" lon="13.800976653764547">
</wpt>
<wpt lat="53.250600079360396" lon="7.21912123728592">
</wpt>
<wpt lat="53.250600079360396" lon="7.83538710649395">
</wpt>
<wpt lat="53.250600079360396" lon="7.850417981352683">
</wpt>
<wpt lat="53.250600079360396" lon="7.865448856211415">
</wpt>
<wpt lat="53.250600079360396" lon="9.533875965530717">
</wpt>
<wpt lat="53.250600079360396" lon="9.548906840389449">
</wpt>
<wpt lat="53.250600079360396" lon="9.563937715248182">
</wpt>
<wpt lat="53.250600079360396" lon="10.255357958749874">
</wpt>
<wpt lat="53.250600079360396" lon="10.84156207824044">
</wpt>
<wpt lat="53.250600079360396" lon="10.946778202251567">
</wpt>
<wpt lat="53.250600079360396" lon="10.961809077110299">
</wpt>
<wpt lat="53.250600079360396" lon="11.006901701686497">
</wpt>
<wpt lat="53.250600079360396" lon="11.021932576545229">
</wpt>
<wpt lat="53.250600079360396" lon="11.036963451403961">
</wpt>
<wpt lat="53.250600079360396" lon="11.051994326262694">
</wpt>
<wpt lat="53.250600079360396" lon="11.067025201121426">
</wpt>
<wpt lat="53.250600079360396" lon="11.202303074850018">
</wpt>
<wpt lat="53.250600079360396" lon="11.217333949708751">
</wpt>
<wpt lat="53.250600079360396" lon="11.232364824567483">
</wpt>
<wpt lat="53.250600079360396" lon="11.247395699426216">
</wpt>
<wpt lat="53.250600079360396" lon="11.472858822307202">
</wpt>
<wpt lat="53.250600079360396" lon="11.487889697165935">
</wpt>
<wpt lat="53.250600079360396" lon="11.502920572024667">
</wpt>
<wpt lat="53.250600079360396" lon="11.5179514468834">
</wpt>
<wpt lat="53.250600079360396" lon="11.743414569764386">
</wpt>
<wpt lat="53.250600079360396" lon="12.494958312701009">
</wpt>
<wpt lat="53.250600079360396" lon="12.509989187559741">
</wpt>
<wpt lat="53.250600079360396" lon="12.525020062418474">
</wpt>
<wpt lat="53.250600079360396" lon="12.540050937277206">
</wpt>
<wpt lat="53.250600079360396" lon="12.555081812135938">
</wpt>
<wpt lat="53.250600079360396" lon="12.570112686994671">
</wpt>
<wpt lat="53.250600079360396" lon="12.585143561853403">
</wpt>
<wpt lat="53.250600079360396" lon="12.720421435581995">
</wpt>
<wpt lat="53.250600079360396" lon="12.735452310440728">
</wpt>
<wpt lat="53.250600079360396" lon="12.75048318529946">
</wpt>
<wpt lat="53.250600079360396" lon="12.765514060158193">
</wpt>
<wpt lat="53.250600079360396" lon="12.87073018416932">
</wpt>
<wpt lat="53.250600079360396" lon="12.885761059028052">
</wpt>
<wpt lat="53.250600079360396" lon="12.900791933886785">
</wpt>
<wpt lat="53.250600079360396" lon="12.915822808745517">
</wpt>
<wpt lat="53.250600079360396" lon="13.006008057897912">
</wpt>
<wpt lat="53.250600079360396" lon="13.021038932756644">
</wpt>
<wpt lat="53.250600079360396" lon="13.036069807615377">
</wpt>
<wpt lat="53.250600079360396" lon="13.246502055637631">
</wpt>
<wpt lat="53.250600079360396" lon="13.261532930496363">
</wpt>
<wpt lat="53.250600079360396" lon="13.276563805355096">
</wpt>
<wpt lat="53.250600079360396" lon="13.291594680213828">
</wpt>
<wpt lat="53.250600079360396" lon="13.306625555072561">
</wpt>
<wpt lat="53.250600079360396" lon="13.697428301399604">
</wpt>
<wpt lat="53.250600079360396" lon="13.802644425410731">
</wpt>
<wpt lat="53.259593295419585" lon="7.219405669415769">
</wpt>
<wpt lat="53.259593295419585" lon="7.309609880710154">
</wpt>
<wpt lat="53.259593295419585" lon="7.700494796319154">
</wpt>
<wpt lat="53.259593295419585" lon="7.835801113260731">
</wpt>
<wpt lat="53.259593295419585" lon="7.850835148476461">
</wpt>
<wpt lat="53.259593295419585" lon="9.549681127854038">
</wpt>
<wpt lat="53.259593295419585" lon="9.564715163069769">
</wpt>
<wpt lat="53.259593295419585" lon="10.136008501267538">
</wpt>
<wpt lat="53.259593295419585" lon="10.842608156406884">
</wpt>
<wpt lat="53.259593295419585" lon="10.857642191622615">
</wpt>
<wpt lat="53.259593295419585" lon="10.932812367701269">
</wpt>
<wpt lat="53.259593295419585" lon="10.947846402917">
</wpt>
<wpt lat="53.259593295419585" lon="10.96288043813273">
</wpt>
<wpt lat="53.259593295419585" lon="10.977914473348461">
</wpt>
<wpt lat="53.259593295419585" lon="10.992948508564192">
</wpt>
<wpt lat="53.259593295419585" lon="11.007982543779923">
</wpt>
<wpt lat="53.259593295419585" lon="11.023016578995653">
</wpt>
<wpt lat="53.259593295419585" lon="11.038050614211384">
</wpt>
<wpt lat="53.259593295419585" lon="11.053084649427115">
</wpt>
<wpt lat="53.259593295419585" lon="11.203425001584423">
</wpt>
<wpt lat="53.259593295419585" lon="11.218459036800153">
</wpt>
<wpt lat="53.259593295419585" lon="11.233493072015884">
</wpt>
<wpt lat="53.259593295419585" lon="11.474037635467576">
</wpt>
<wpt lat="53.259593295419585" lon="11.489071670683307">
</wpt>
<wpt lat="53.259593295419585" lon="12.541454135784461">
</wpt>
<wpt lat="53.259593295419585" lon="12.556488171000192">
</wpt>
<wpt lat="53.259593295419585" lon="12.571522206215922">
</wpt>
<wpt lat="53.259593295419585" lon="12.586556241431653">
</wpt>
<wpt lat="53.259593295419585" lon="12.601590276647384">
</wpt>
<wpt lat="53.259593295419585" lon="12.72186255837323">
</wpt>
<wpt lat="53.259593295419585" lon="12.736896593588961">
</wpt>
<wpt lat="53.259593295419585" lon="12.751930628804692">
</wpt>
<wpt lat="53.259593295419585" lon="12.766964664020422">
</wpt>
<wpt lat="53.259593295419585" lon="12.887236945746269">
</wpt>
<wpt lat="53.259593295419585" lon="12.902270980961999">
</wpt>
<wpt lat="53.259593295419585" lon="13.248053790923807">
</wpt>
<wpt lat="53.259593295419585" lon="13.263087826139538">
</wpt>
<wpt lat="53.259593295419585" lon="13.278121861355269">
</wpt>
<wpt lat="53.259593295419585" lon="13.293155896570999">
</wpt>
<wpt lat="53.259593295419585" lon="13.30818993178673">
</wpt>
<wpt lat="53.259593295419585" lon="13.323223967002461">
</wpt>
<wpt lat="53.259593295419585" lon="13.684040812179999">
</wpt>
<wpt lat="53.259593295419585" lon="13.69907484739573">
</wpt>
<wpt lat="53.259593295419585" lon="13.804313093905845">
</wpt>
<wpt lat="53.268586511478773" lon="7.219690254527965">
</wpt>
<wpt lat="53.268586511478773" lon="7.309913438163163">
</wpt>
<wpt lat="53.268586511478773" lon="7.700880567249019">
</wpt>
<wpt lat="53.268586511478773" lon="9.565493029043196">
</wpt>
<wpt lat="53.268586511478773" lon="9.58053022631573">
</wpt>
<wpt lat="53.268586511478773" lon="9.595567423588264">
</wpt>
<wpt lat="53.268586511478773" lon="9.610604620860798">
</wpt>
<wpt lat="53.268586511478773" lon="10.121869328126948">
</wpt>
<wpt lat="53.268586511478773" lon="10.16698091994455">
</wpt>
<wpt lat="53.268586511478773" lon="10.843654797208572">
</wpt>
<wpt lat="53.268586511478773" lon="10.858691994481106">
</wpt>
<wpt lat="53.268586511478773" lon="10.87372919175364">
</wpt>
<wpt lat="53.268586511478773" lon="10.888766389026173">
</wpt>
<wpt lat="53.268586511478773" lon="10.978989572661376">
</wpt>
<wpt lat="53.268586511478773" lon="10.99402676993391">
</wpt>
<wpt lat="53.268586511478773" lon="11.009063967206444">
</wpt>
<wpt lat="53.268586511478773" lon="11.024101164478978">
</wpt>
<wpt lat="53.268586511478773" lon="11.039138361751512">
</wpt>
<wpt lat="53.268586511478773" lon="11.174473137204316">
</wpt>
<wpt lat="53.268586511478773" lon="11.18951033447685">
</wpt>
<wpt lat="53.268586511478773" lon="11.204547531749384">
</wpt>
<wpt lat="53.268586511478773" lon="11.219584729021918">
</wpt>
<wpt lat="53.268586511478773" lon="12.587969680822496">
</wpt>
<wpt lat="53.268586511478773" lon="12.60300687809503">
</wpt>
<wpt lat="53.268586511478773" lon="12.768416048092902">
</wpt>
<wpt lat="53.268586511478773" lon="12.888713626273173">
</wpt>
<wpt lat="53.268586511478773" lon="12.903750823545707">
</wpt>
<wpt lat="53.268586511478773" lon="13.249606360813985">
</wpt>
<wpt lat="53.268586511478773" lon="13.264643558086519">
</wpt>
<wpt lat="53.268586511478773" lon="13.279680755359053">
</wpt>
<wpt lat="53.268586511478773" lon="13.294717952631586">
</wpt>
<wpt lat="53.268586511478773" lon="13.30975514990412">
</wpt>
<wpt lat="53.268586511478773" lon="13.805982659897737">
</wpt>
<wpt lat="53.268586511478773" lon="13.82101985717027">
</wpt>
<wpt lat="53.277579727537962" lon="7.235015353763669">
</wpt>
<wpt lat="53.277579727537962" lon="7.295176797885149">
</wpt>
<wpt lat="53.277579727537962" lon="7.310217158915519">
</wpt>
<wpt lat="53.277579727537962" lon="7.701266545705138">
</wpt>
<wpt lat="53.277579727537962" lon="7.716306906735508">
</wpt>
<wpt lat="53.277579727537962" lon="9.039858677408006">
</wpt>
<wpt lat="53.277579727537962" lon="9.581311674501293">
</wpt>
<wpt lat="53.277579727537962" lon="9.596352035531662">
</wpt>
<wpt lat="53.277579727537962" lon="9.611392396562032">
</wpt>
<wpt lat="53.277579727537962" lon="10.844702001052298">
</wpt>
<wpt lat="53.277579727537962" lon="10.859742362082667">
</wpt>
<wpt lat="53.277579727537962" lon="10.874782723113036">
</wpt>
<wpt lat="53.277579727537962" lon="10.995105611355989">
</wpt>
<wpt lat="53.277579727537962" lon="11.010145972386358">
</wpt>
<wpt lat="53.277579727537962" lon="11.025186333416727">
</wpt>
<wpt lat="53.277579727537962" lon="11.040226694447096">
</wpt>
<wpt lat="53.277579727537962" lon="11.160549582690049">
</wpt>
<wpt lat="53.277579727537962" lon="11.175589943720418">
</wpt>
<wpt lat="53.277579727537962" lon="11.190630304750787">
</wpt>
<wpt lat="53.277579727537962" lon="11.205670665781156">
</wpt>
<wpt lat="53.277579727537962" lon="11.220711026811525">
</wpt>
<wpt lat="53.277579727537962" lon="11.401195359175954">
</wpt>
<wpt lat="53.277579727537962" lon="11.416235720206323">
</wpt>
<wpt lat="53.277579727537962" lon="11.431276081236692">
</wpt>
<wpt lat="53.277579727537962" lon="12.604424241605482">
</wpt>
<wpt lat="53.277579727537962" lon="12.619464602635851">
</wpt>
<wpt lat="53.277579727537962" lon="12.63450496366622">
</wpt>
<wpt lat="53.277579727537962" lon="12.679626046757328">
</wpt>
<wpt lat="53.277579727537962" lon="13.040594711486186">
</wpt>
<wpt lat="53.277579727537962" lon="13.251159765911353">
</wpt>
<wpt lat="53.277579727537962" lon="13.266200126941722">
</wpt>
<wpt lat="53.277579727537962" lon="13.281240487972092">
</wpt>
<wpt lat="53.277579727537962" lon="13.296280849002461">
</wpt>
<wpt lat="53.277579727537962" lon="13.80765312403501">
</wpt>
<wpt lat="53.28657294359715" lon="7.235303410632712">
</wpt>
<wpt lat="53.28657294359715" lon="7.250346937123181">
</wpt>
<wpt lat="53.28657294359715" lon="7.295477516594589">
</wpt>
<wpt lat="53.28657294359715" lon="9.025483062998566">
</wpt>
<wpt lat="53.28657294359715" lon="9.597137069636402">
</wpt>
<wpt lat="53.28657294359715" lon="10.830706241854889">
</wpt>
<wpt lat="53.28657294359715" lon="10.845749768345359">
</wpt>
<wpt lat="53.28657294359715" lon="10.860793294835828">
</wpt>
<wpt lat="53.28657294359715" lon="10.875836821326297">
</wpt>
<wpt lat="53.28657294359715" lon="10.996185033250052">
</wpt>
<wpt lat="53.28657294359715" lon="11.011228559740522">
</wpt>
<wpt lat="53.28657294359715" lon="11.026272086230991">
</wpt>
<wpt lat="53.28657294359715" lon="11.04131561272146">
</wpt>
<wpt lat="53.28657294359715" lon="11.161663824645215">
</wpt>
<wpt lat="53.28657294359715" lon="11.176707351135684">
</wpt>
<wpt lat="53.28657294359715" lon="11.191750877626154">
</wpt>
<wpt lat="53.28657294359715" lon="11.206794404116623">
</wpt>
<wpt lat="53.28657294359715" lon="11.221837930607093">
</wpt>
<wpt lat="53.28657294359715" lon="11.327142616040378">
</wpt>
<wpt lat="53.28657294359715" lon="11.417403774983194">
</wpt>
<wpt lat="53.28657294359715" lon="11.432447301473664">
</wpt>
<wpt lat="53.28657294359715" lon="11.628013145849765">
</wpt>
<wpt lat="53.28657294359715" lon="12.620885894220743">
</wpt>
<wpt lat="53.28657294359715" lon="12.876625844558722">
</wpt>
<wpt lat="53.28657294359715" lon="13.252714006820456">
</wpt>
<wpt lat="53.28657294359715" lon="13.267757533310926">
</wpt>
<wpt lat="53.28657294359715" lon="13.282801059801395">
</wpt>
<wpt lat="53.28657294359715" lon="13.297844586291864">
</wpt>
<wpt lat="53.28657294359715" lon="13.388105745234681">
</wpt>
<wpt lat="53.295566159656339" lon="7.686992432141727">
</wpt>
<wpt lat="53.295566159656339" lon="7.97287961156894">
</wpt>
<wpt lat="53.295566159656339" lon="9.011101473699346">
</wpt>
<wpt lat="53.295566159656339" lon="9.02614816735341">
</wpt>
<wpt lat="53.295566159656339" lon="9.041194861007474">
</wpt>
<wpt lat="53.295566159656339" lon="10.831751405841073">
</wpt>
<wpt lat="53.295566159656339" lon="10.846798099495137">
</wpt>
<wpt lat="53.295566159656339" lon="10.861844793149201">
</wpt>
<wpt lat="53.295566159656339" lon="10.876891486803265">
</wpt>
<wpt lat="53.295566159656339" lon="10.997265036035776">
</wpt>
<wpt lat="53.295566159656339" lon="11.01231172968984">
</wpt>
<wpt lat="53.295566159656339" lon="11.027358423343903">
</wpt>
<wpt lat="53.295566159656339" lon="11.042405116997967">
</wpt>
<wpt lat="53.295566159656339" lon="11.177825359884542">
</wpt>
<wpt lat="53.295566159656339" lon="11.192872053538606">
</wpt>
<wpt lat="53.295566159656339" lon="11.20791874719267">
</wpt>
<wpt lat="53.295566159656339" lon="11.222965440846734">
</wpt>
<wpt lat="53.295566159656339" lon="11.238012134500798">
</wpt>
<wpt lat="53.295566159656339" lon="11.313245602771117">
</wpt>
<wpt lat="53.295566159656339" lon="11.614179475852394">
</wpt>
<wpt lat="53.295566159656339" lon="11.629226169506458">
</wpt>
<wpt lat="53.295566159656339" lon="11.749599718738969">
</wpt>
<wpt lat="53.295566159656339" lon="13.254269084145355">
</wpt>
<wpt lat="53.295566159656339" lon="13.269315777799418">
</wpt>
<wpt lat="53.295566159656339" lon="13.284362471453482">
</wpt>
<wpt lat="53.295566159656339" lon="13.299409165107546">
</wpt>
<wpt lat="53.295566159656339" lon="13.31445585876161">
</wpt>
<wpt lat="53.295566159656339" lon="13.374642633377865">
</wpt>
<wpt lat="53.295566159656339" lon="13.389689327031929">
</wpt>
<wpt lat="53.295566159656339" lon="13.600343038188823">
</wpt>
<wpt lat="53.295566159656339" lon="13.615389731842887">
</wpt>
<wpt lat="53.304559375715527" lon="7.807774765387714">
</wpt>
<wpt lat="53.304559375715527" lon="7.958273390611568">
</wpt>
<wpt lat="53.304559375715527" lon="7.973323253133954">
</wpt>
<wpt lat="53.304559375715527" lon="7.988373115656339">
</wpt>
<wpt lat="53.304559375715527" lon="8.921464592044233">
</wpt>
<wpt lat="53.304559375715527" lon="8.936514454566618">
</wpt>
<wpt lat="53.304559375715527" lon="9.02681362970093">
</wpt>
<wpt lat="53.304559375715527" lon="9.041863492223316">
</wpt>
<wpt lat="53.304559375715527" lon="10.862896857431947">
</wpt>
<wpt lat="53.304559375715527" lon="10.877946719954332">
</wpt>
<wpt lat="53.304559375715527" lon="10.98329575761103">
</wpt>
<wpt lat="53.304559375715527" lon="10.998345620133415">
</wpt>
<wpt lat="53.304559375715527" lon="11.013395482655801">
</wpt>
<wpt lat="53.304559375715527" lon="11.028445345178186">
</wpt>
<wpt lat="53.304559375715527" lon="11.043495207700571">
</wpt>
<wpt lat="53.304559375715527" lon="11.17894397040204">
</wpt>
<wpt lat="53.304559375715527" lon="11.193993832924425">
</wpt>
<wpt lat="53.304559375715527" lon="11.209043695446811">
</wpt>
<wpt lat="53.304559375715527" lon="11.224093557969196">
</wpt>
<wpt lat="53.304559375715527" lon="11.239143420491581">
</wpt>
<wpt lat="53.304559375715527" lon="11.254193283013967">
</wpt>
<wpt lat="53.304559375715527" lon="11.269243145536352">
</wpt>
<wpt lat="53.304559375715527" lon="11.284293008058738">
</wpt>
<wpt lat="53.304559375715527" lon="11.299342870581123">
</wpt>
<wpt lat="53.304559375715527" lon="11.314392733103508">
</wpt>
<wpt lat="53.304559375715527" lon="11.600340121028831">
</wpt>
<wpt lat="53.304559375715527" lon="11.615389983551216">
</wpt>
<wpt lat="53.304559375715527" lon="11.630439846073601">
</wpt>
<wpt lat="53.304559375715527" lon="11.735788883730299">
</wpt>
<wpt lat="53.304559375715527" lon="11.750838746252684">
</wpt>
<wpt lat="53.304559375715527" lon="12.277583934536173">
</wpt>
<wpt lat="53.304559375715527" lon="12.924728022998744">
</wpt>
<wpt lat="53.304559375715527" lon="13.255824998491223">
</wpt>
<wpt lat="53.304559375715527" lon="13.270874861013608">
</wpt>
<wpt lat="53.304559375715527" lon="13.285924723535993">
</wpt>
<wpt lat="53.304559375715527" lon="13.300974586058379">
</wpt>
<wpt lat="53.304559375715527" lon="13.316024448580764">
</wpt>
<wpt lat="53.304559375715527" lon="13.33107431110315">
</wpt>
<wpt lat="53.304559375715527" lon="13.346124173625535">
</wpt>
<wpt lat="53.304559375715527" lon="13.36117403614792">
</wpt>
<wpt lat="53.304559375715527" lon="13.376223898670306">
</wpt>
<wpt lat="53.304559375715527" lon="13.632071561550857">
</wpt>
<wpt lat="53.304559375715527" lon="13.647121424073243">
</wpt>
<wpt lat="53.313552591774716" lon="7.808183769470007">
</wpt>
<wpt lat="53.313552591774716" lon="7.958714100436675">
</wpt>
<wpt lat="53.313552591774716" lon="7.973767133533341">
</wpt>
<wpt lat="53.313552591774716" lon="8.741471821463344">
</wpt>
<wpt lat="53.313552591774716" lon="9.027479450300012">
</wpt>
<wpt lat="53.313552591774716" lon="9.042532483396679">
</wpt>
<wpt lat="53.313552591774716" lon="9.057585516493345">
</wpt>
<wpt lat="53.313552591774716" lon="10.863949488093352">
</wpt>
<wpt lat="53.313552591774716" lon="10.879002521190019">
</wpt>
<wpt lat="53.313552591774716" lon="10.894055554286686">
</wpt>
<wpt lat="53.313552591774716" lon="10.969320719770019">
</wpt>
<wpt lat="53.313552591774716" lon="10.984373752866686">
</wpt>
<wpt lat="53.313552591774716" lon="10.999426785963353">
</wpt>
<wpt lat="53.313552591774716" lon="11.014479819060019">
</wpt>
<wpt lat="53.313552591774716" lon="11.029532852156686">
</wpt>
<wpt lat="53.313552591774716" lon="11.044585885253353">
</wpt>
<wpt lat="53.313552591774716" lon="11.165010150026687">
</wpt>
<wpt lat="53.313552591774716" lon="11.180063183123353">
</wpt>
<wpt lat="53.313552591774716" lon="11.19511621622002">
</wpt>
<wpt lat="53.313552591774716" lon="11.210169249316687">
</wpt>
<wpt lat="53.313552591774716" lon="11.225222282413354">
</wpt>
<wpt lat="53.313552591774716" lon="11.24027531551002">
</wpt>
<wpt lat="53.313552591774716" lon="11.255328348606687">
</wpt>
<wpt lat="53.313552591774716" lon="11.270381381703354">
</wpt>
<wpt lat="53.313552591774716" lon="11.285434414800021">
</wpt>
<wpt lat="53.313552591774716" lon="11.300487447896687">
</wpt>
<wpt lat="53.313552591774716" lon="11.315540480993354">
</wpt>
<wpt lat="53.313552591774716" lon="11.601548109830022">
</wpt>
<wpt lat="53.313552591774716" lon="11.616601142926688">
</wpt>
<wpt lat="53.313552591774716" lon="11.631654176023355">
</wpt>
<wpt lat="53.313552591774716" lon="11.646707209120022">
</wpt>
<wpt lat="53.313552591774716" lon="11.661760242216689">
</wpt>
<wpt lat="53.313552591774716" lon="11.676813275313355">
</wpt>
<wpt lat="53.313552591774716" lon="11.691866308410022">
</wpt>
<wpt lat="53.313552591774716" lon="11.706919341506689">
</wpt>
<wpt lat="53.313552591774716" lon="11.721972374603356">
</wpt>
<wpt lat="53.313552591774716" lon="11.737025407700022">
</wpt>
<wpt lat="53.313552591774716" lon="11.752078440796689">
</wpt>
<wpt lat="53.313552591774716" lon="13.242328717366695">
</wpt>
<wpt lat="53.313552591774716" lon="13.257381750463361">
</wpt>
<wpt lat="53.313552591774716" lon="13.272434783560028">
</wpt>
<wpt lat="53.313552591774716" lon="13.287487816656695">
</wpt>
<wpt lat="53.313552591774716" lon="13.302540849753361">
</wpt>
<wpt lat="53.313552591774716" lon="13.317593882850028">
</wpt>
<wpt lat="53.313552591774716" lon="13.332646915946695">
</wpt>
<wpt lat="53.313552591774716" lon="13.347699949043362">
</wpt>
<wpt lat="53.313552591774716" lon="13.362752982140028">
</wpt>
<wpt lat="53.313552591774716" lon="13.648760610976696">
</wpt>
<wpt lat="53.322545807833905" lon="7.808592993780376">
</wpt>
<wpt lat="53.322545807833905" lon="7.823649199158519">
</wpt>
<wpt lat="53.322545807833905" lon="9.013089424031772">
</wpt>
<wpt lat="53.322545807833905" lon="9.028145629409915">
</wpt>
<wpt lat="53.322545807833905" lon="9.043201834788057">
</wpt>
<wpt lat="53.322545807833905" lon="9.0582580401662">
</wpt>
<wpt lat="53.322545807833905" lon="10.880058890921436">
</wpt>
<wpt lat="53.322545807833905" lon="10.895115096299579">
</wpt>
<wpt lat="53.322545807833905" lon="10.970396123190291">
</wpt>
<wpt lat="53.322545807833905" lon="10.985452328568433">
</wpt>
<wpt lat="53.322545807833905" lon="11.000508533946576">
</wpt>
<wpt lat="53.322545807833905" lon="11.045677150081003">
</wpt>
<wpt lat="53.322545807833905" lon="11.166126793106143">
</wpt>
<wpt lat="53.322545807833905" lon="11.241407819996855">
</wpt>
<wpt lat="53.322545807833905" lon="11.256464025374997">
</wpt>
<wpt lat="53.322545807833905" lon="11.27152023075314">
</wpt>
<wpt lat="53.322545807833905" lon="11.286576436131282">
</wpt>
<wpt lat="53.322545807833905" lon="11.602756749072274">
</wpt>
<wpt lat="53.322545807833905" lon="11.617812954450416">
</wpt>
<wpt lat="53.322545807833905" lon="11.632869159828559">
</wpt>
<wpt lat="53.322545807833905" lon="11.647925365206701">
</wpt>
<wpt lat="53.322545807833905" lon="11.662981570584844">
</wpt>
<wpt lat="53.322545807833905" lon="11.678037775962986">
</wpt>
<wpt lat="53.322545807833905" lon="11.693093981341129">
</wpt>
<wpt lat="53.322545807833905" lon="11.708150186719271">
</wpt>
<wpt lat="53.322545807833905" lon="11.723206392097413">
</wpt>
<wpt lat="53.322545807833905" lon="11.738262597475556">
</wpt>
<wpt lat="53.322545807833905" lon="11.753318802853698">
</wpt>
<wpt lat="53.322545807833905" lon="12.084555321172832">
</wpt>
<wpt lat="53.322545807833905" lon="12.792196973945527">
</wpt>
<wpt lat="53.322545807833905" lon="12.80725317932367">
</wpt>
<wpt lat="53.322545807833905" lon="12.822309384701812">
</wpt>
<wpt lat="53.322545807833905" lon="13.213770724533516">
</wpt>
<wpt lat="53.322545807833905" lon="13.228826929911659">
</wpt>
<wpt lat="53.322545807833905" lon="13.258939340667943">
</wpt>
<wpt lat="53.322545807833905" lon="13.273995546046086">
</wpt>
<wpt lat="53.322545807833905" lon="13.289051751424228">
</wpt>
<wpt lat="53.322545807833905" lon="13.304107956802371">
</wpt>
<wpt lat="53.322545807833905" lon="13.319164162180513">
</wpt>
<wpt lat="53.322545807833905" lon="13.650400680499647">
</wpt>
<wpt lat="53.331539023893093" lon="7.79394305911026">
</wpt>
<wpt lat="53.331539023893093" lon="7.809002438478309">
</wpt>
<wpt lat="53.331539023893093" lon="7.824061817846358">
</wpt>
<wpt lat="53.331539023893093" lon="7.839121197214407">
</wpt>
<wpt lat="53.331539023893093" lon="8.727624579929293">
</wpt>
<wpt lat="53.331539023893093" lon="9.013752787922222">
</wpt>
<wpt lat="53.331539023893093" lon="9.028812167290271">
</wpt>
<wpt lat="53.331539023893093" lon="9.04387154665832">
</wpt>
<wpt lat="53.331539023893093" lon="9.058930926026369">
</wpt>
<wpt lat="53.331539023893093" lon="10.715462656511749">
</wpt>
<wpt lat="53.331539023893093" lon="10.730522035879797">
</wpt>
<wpt lat="53.331539023893093" lon="10.745581415247846">
</wpt>
<wpt lat="53.331539023893093" lon="10.881115829560287">
</wpt>
<wpt lat="53.331539023893093" lon="10.896175208928335">
</wpt>
<wpt lat="53.331539023893093" lon="10.911234588296384">
</wpt>
<wpt lat="53.331539023893093" lon="11.257600313761509">
</wpt>
<wpt lat="53.331539023893093" lon="11.272659693129558">
</wpt>
<wpt lat="53.331539023893093" lon="11.287719072497607">
</wpt>
<wpt lat="53.331539023893093" lon="11.619025418594683">
</wpt>
<wpt lat="53.331539023893093" lon="11.634084797962732">
</wpt>
<wpt lat="53.331539023893093" lon="11.649144177330781">
</wpt>
<wpt lat="53.331539023893093" lon="11.66420355669883">
</wpt>
<wpt lat="53.331539023893093" lon="11.679262936066879">
</wpt>
<wpt lat="53.331539023893093" lon="11.694322315434928">
</wpt>
<wpt lat="53.331539023893093" lon="11.709381694802977">
</wpt>
<wpt lat="53.331539023893093" lon="11.724441074171025">
</wpt>
<wpt lat="53.331539023893093" lon="12.206341213948591">
</wpt>
<wpt lat="53.331539023893093" lon="12.221400593316639">
</wpt>
<wpt lat="53.331539023893093" lon="12.236459972684688">
</wpt>
<wpt lat="53.331539023893093" lon="12.793657009302498">
</wpt>
<wpt lat="53.331539023893093" lon="12.808716388670547">
</wpt>
<wpt lat="53.331539023893093" lon="12.823775768038596">
</wpt>
<wpt lat="53.331539023893093" lon="13.290616528448112">
</wpt>
<wpt lat="53.331539023893093" lon="13.305675907816161">
</wpt>
<wpt lat="53.340532239952282" lon="7.7943495486559">
</wpt>
<wpt lat="53.340532239952282" lon="7.809412103723524">
</wpt>
<wpt lat="53.340532239952282" lon="8.969228843930589">
</wpt>
<wpt lat="53.340532239952282" lon="8.984291398998213">
</wpt>
<wpt lat="53.340532239952282" lon="8.999353954065837">
</wpt>
<wpt lat="53.340532239952282" lon="9.014416509133461">
</wpt>
<wpt lat="53.340532239952282" lon="9.029479064201086">
</wpt>
<wpt lat="53.340532239952282" lon="9.04454161926871">
</wpt>
<wpt lat="53.340532239952282" lon="9.059604174336334">
</wpt>
<wpt lat="53.340532239952282" lon="9.300605055418321">
</wpt>
<wpt lat="53.340532239952282" lon="10.701422676707374">
</wpt>
<wpt lat="53.340532239952282" lon="10.716485231774998">
</wpt>
<wpt lat="53.340532239952282" lon="10.731547786842622">
</wpt>
<wpt lat="53.340532239952282" lon="10.746610341910246">
</wpt>
<wpt lat="53.340532239952282" lon="10.882173337518864">
</wpt>
<wpt lat="53.340532239952282" lon="10.897235892586489">
</wpt>
<wpt lat="53.340532239952282" lon="10.912298447654113">
</wpt>
<wpt lat="53.340532239952282" lon="11.25873721420947">
</wpt>
<wpt lat="53.340532239952282" lon="11.273799769277094">
</wpt>
<wpt lat="53.340532239952282" lon="11.288862324344718">
</wpt>
<wpt lat="53.340532239952282" lon="11.650363645967699">
</wpt>
<wpt lat="53.340532239952282" lon="11.695551311170572">
</wpt>
<wpt lat="53.340532239952282" lon="12.102240297996426">
</wpt>
<wpt lat="53.340532239952282" lon="12.192615628402171">
</wpt>
<wpt lat="53.340532239952282" lon="12.207678183469795">
</wpt>
<wpt lat="53.340532239952282" lon="12.22274073853742">
</wpt>
<wpt lat="53.340532239952282" lon="12.780055276039516">
</wpt>
<wpt lat="53.340532239952282" lon="12.79511783110714">
</wpt>
<wpt lat="53.340532239952282" lon="12.810180386174764">
</wpt>
<wpt lat="53.340532239952282" lon="12.825242941242388">
</wpt>
<wpt lat="53.340532239952282" lon="13.533183029420726">
</wpt>
<wpt lat="53.340532239952282" lon="13.65368346996172">
</wpt>
<wpt lat="53.340532239952282" lon="13.668746025029344">
</wpt>
<wpt lat="53.34952545601147" lon="8.984949122967803">
</wpt>
<wpt lat="53.34952545601147" lon="9.000014855445908">
</wpt>
<wpt lat="53.34952545601147" lon="9.015080587924013">
</wpt>
<wpt lat="53.34952545601147" lon="9.045212052880222">
</wpt>
<wpt lat="53.34952545601147" lon="9.060277785358327">
</wpt>
<wpt lat="53.34952545601147" lon="9.075343517836432">
</wpt>
<wpt lat="53.34952545601147" lon="10.898297147687103">
</wpt>
<wpt lat="53.34952545601147" lon="10.913362880165208">
</wpt>
<wpt lat="53.34952545601147" lon="11.259874727161616">
</wpt>
<wpt lat="53.34952545601147" lon="11.274940459639721">
</wpt>
<wpt lat="53.34952545601147" lon="12.103555745935481">
</wpt>
<wpt lat="53.34952545601147" lon="12.118621478413585">
</wpt>
<wpt lat="53.34952545601147" lon="12.13368721089169">
</wpt>
<wpt lat="53.34952545601147" lon="12.163818675847899">
</wpt>
<wpt lat="53.34952545601147" lon="12.178884408326004">
</wpt>
<wpt lat="53.34952545601147" lon="12.193950140804109">
</wpt>
<wpt lat="53.34952545601147" lon="12.209015873282214">
</wpt>
<wpt lat="53.34952545601147" lon="12.224081605760318">
</wpt>
<wpt lat="53.34952545601147" lon="12.766447974972088">
</wpt>
<wpt lat="53.34952545601147" lon="12.781513707450193">
</wpt>
<wpt lat="53.34952545601147" lon="12.796579439928298">
</wpt>
<wpt lat="53.34952545601147" lon="12.811645172406402">
</wpt>
<wpt lat="53.34952545601147" lon="12.826710904884507">
</wpt>
<wpt lat="53.358518672070659" lon="9.045882847754472">
</wpt>
<wpt lat="53.358518672070659" lon="9.060951759355204">
</wpt>
<wpt lat="53.358518672070659" lon="9.076020670955936">
</wpt>
<wpt lat="53.358518672070659" lon="9.091089582556668">
</wpt>
<wpt lat="53.358518672070659" lon="9.1061584941574">
</wpt>
<wpt lat="53.358518672070659" lon="9.121227405758132">
</wpt>
<wpt lat="53.358518672070659" lon="9.136296317358864">
</wpt>
<wpt lat="53.358518672070659" lon="11.245943941461357">
</wpt>
<wpt lat="53.358518672070659" lon="11.261012853062089">
</wpt>
<wpt lat="53.358518672070659" lon="11.276081764662822">
</wpt>
<wpt lat="53.358518672070659" lon="11.291150676263554">
</wpt>
<wpt lat="53.358518672070659" lon="12.119940814303819">
</wpt>
<wpt lat="53.358518672070659" lon="12.135009725904551">
</wpt>
<wpt lat="53.358518672070659" lon="12.150078637505283">
</wpt>
<wpt lat="53.358518672070659" lon="12.165147549106015">
</wpt>
<wpt lat="53.358518672070659" lon="12.180216460706747">
</wpt>
<wpt lat="53.358518672070659" lon="12.195285372307479">
</wpt>
<wpt lat="53.358518672070659" lon="12.210354283908211">
</wpt>
<wpt lat="53.358518672070659" lon="12.798041836336763">
</wpt>
<wpt lat="53.358518672070659" lon="12.813110747937495">
</wpt>
<wpt lat="53.358518672070659" lon="12.828179659538227">
</wpt>
<wpt lat="53.358518672070659" lon="12.843248571138959">
</wpt>
<wpt lat="53.358518672070659" lon="12.858317482739691">
</wpt>
<wpt lat="53.358518672070659" lon="12.873386394340423">
</wpt>
<wpt lat="53.358518672070659" lon="12.963799863944816">
</wpt>
<wpt lat="53.367511888129847" lon="9.046554004153455">
</wpt>
<wpt lat="53.367511888129847" lon="9.061626096590201">
</wpt>
<wpt lat="53.367511888129847" lon="9.076698189026947">
</wpt>
<wpt lat="53.367511888129847" lon="9.091770281463694">
</wpt>
<wpt lat="53.367511888129847" lon="9.10684237390044">
</wpt>
<wpt lat="53.367511888129847" lon="9.121914466337186">
</wpt>
<wpt lat="53.367511888129847" lon="9.136986558773932">
</wpt>
<wpt lat="53.367511888129847" lon="11.232007407481658">
</wpt>
<wpt lat="53.367511888129847" lon="11.247079499918405">
</wpt>
<wpt lat="53.367511888129847" lon="11.262151592355151">
</wpt>
<wpt lat="53.367511888129847" lon="11.277223684791897">
</wpt>
<wpt lat="53.367511888129847" lon="12.151405046123179">
</wpt>
<wpt lat="53.367511888129847" lon="12.166477138559925">
</wpt>
<wpt lat="53.367511888129847" lon="12.181549230996671">
</wpt>
<wpt lat="53.367511888129847" lon="12.196621323433417">
</wpt>
<wpt lat="53.367511888129847" lon="12.829649205776759">
</wpt>
<wpt lat="53.367511888129847" lon="12.844721298213505">
</wpt>
<wpt lat="53.367511888129847" lon="12.859793390650252">
</wpt>
<wpt lat="53.367511888129847" lon="12.874865483086998">
</wpt>
<wpt lat="53.367511888129847" lon="12.965298037707475">
</wpt>
<wpt lat="53.376505104189036" lon="9.047225522338913">
</wpt>
<wpt lat="53.376505104189036" lon="9.062300797326301">
</wpt>
<wpt lat="53.376505104189036" lon="9.07737607231369">
</wpt>
<wpt lat="53.376505104189036" lon="9.092451347301079">
</wpt>
<wpt lat="53.376505104189036" lon="9.107526622288468">
</wpt>
<wpt lat="53.376505104189036" lon="9.122601897275857">
</wpt>
<wpt lat="53.376505104189036" lon="11.23314039551029">
</wpt>
<wpt lat="53.376505104189036" lon="11.248215670497679">
</wpt>
<wpt lat="53.376505104189036" lon="11.263290945485068">
</wpt>
<wpt lat="53.376505104189036" lon="12.152732169741007">
</wpt>
<wpt lat="53.376505104189036" lon="12.167807444728396">
</wpt>
<wpt lat="53.376505104189036" lon="12.182882719715785">
</wpt>
<wpt lat="53.376505104189036" lon="12.197957994703174">
</wpt>
<wpt lat="53.376505104189036" lon="12.710517344274393">
</wpt>
<wpt lat="53.376505104189036" lon="12.725592619261782">
</wpt>
<wpt lat="53.376505104189036" lon="12.831119544173504">
</wpt>
<wpt lat="53.376505104189036" lon="12.846194819160893">
</wpt>
<wpt lat="53.376505104189036" lon="12.861270094148281">
</wpt>
<wpt lat="53.376505104189036" lon="12.87634536913567">
</wpt>
<wpt lat="53.376505104189036" lon="12.951721744072614">
</wpt>
<wpt lat="53.376505104189036" lon="12.966797019060003">
</wpt>
<wpt lat="53.385498320248225" lon="9.047897402573465">
</wpt>
<wpt lat="53.385498320248225" lon="9.062975861827368">
</wpt>
<wpt lat="53.385498320248225" lon="9.078054321081272">
</wpt>
<wpt lat="53.385498320248225" lon="9.093132780335175">
</wpt>
<wpt lat="53.385498320248225" lon="9.138368158096885">
</wpt>
<wpt lat="53.385498320248225" lon="10.812077135280148">
</wpt>
<wpt lat="53.385498320248225" lon="10.827155594534052">
</wpt>
<wpt lat="53.385498320248225" lon="11.882647742307281">
</wpt>
<wpt lat="53.385498320248225" lon="12.169138468131443">
</wpt>
<wpt lat="53.385498320248225" lon="12.184216927385346">
</wpt>
<wpt lat="53.385498320248225" lon="12.711963001271961">
</wpt>
<wpt lat="53.385498320248225" lon="12.727041460525864">
</wpt>
<wpt lat="53.385498320248225" lon="12.832590675303187">
</wpt>
<wpt lat="53.385498320248225" lon="12.847669134557091">
</wpt>
<wpt lat="53.385498320248225" lon="12.862747593810994">
</wpt>
<wpt lat="53.385498320248225" lon="12.877826053064897">
</wpt>
<wpt lat="53.385498320248225" lon="12.923061430826607">
</wpt>
<wpt lat="53.385498320248225" lon="12.93813989008051">
</wpt>
<wpt lat="53.385498320248225" lon="12.953218349334414">
</wpt>
<wpt lat="53.385498320248225" lon="12.968296808588317">
</wpt>
<wpt lat="53.394491536307413" lon="8.520712061805822">
</wpt>
<wpt lat="53.394491536307413" lon="9.04856964511948">
</wpt>
<wpt lat="53.394491536307413" lon="9.063651290357013">
</wpt>
<wpt lat="53.394491536307413" lon="10.813122137910851">
</wpt>
<wpt lat="53.394491536307413" lon="10.828203783148384">
</wpt>
<wpt lat="53.394491536307413" lon="12.185551854526361">
</wpt>
<wpt lat="53.394491536307413" lon="12.713409437840019">
</wpt>
<wpt lat="53.394491536307413" lon="12.728491083077552">
</wpt>
<wpt lat="53.394491536307413" lon="12.743572728315085">
</wpt>
<wpt lat="53.394491536307413" lon="12.834062599740284">
</wpt>
<wpt lat="53.394491536307413" lon="14.23665560683086">
</wpt>
<wpt lat="53.403484752366602" lon="9.049242250239949">
</wpt>
<wpt lat="53.403484752366602" lon="9.064327083179474">
</wpt>
<wpt lat="53.403484752366602" lon="10.814167704164401">
</wpt>
<wpt lat="53.403484752366602" lon="10.829252537103926">
</wpt>
<wpt lat="53.403484752366602" lon="12.186887501661197">
</wpt>
<wpt lat="53.41247796842579" lon="9.034827195836858">
</wpt>
<wpt lat="53.41247796842579" lon="9.049915218197986">
</wpt>
<wpt lat="53.41247796842579" lon="9.065003240559115">
</wpt>
<wpt lat="53.41247796842579" lon="9.246059508892657">
</wpt>
<wpt lat="53.41247796842579" lon="9.261147531253785">
</wpt>
<wpt lat="53.41247796842579" lon="9.562907978476355">
</wpt>
<wpt lat="53.41247796842579" lon="10.785037789727763">
</wpt>
<wpt lat="53.41247796842579" lon="10.800125812088892">
</wpt>
<wpt lat="53.41247796842579" lon="10.935918013339048">
</wpt>
<wpt lat="53.41247796842579" lon="11.056622192228076">
</wpt>
<wpt lat="53.41247796842579" lon="11.071710214589205">
</wpt>
<wpt lat="53.41247796842579" lon="11.086798236950333">
</wpt>
<wpt lat="53.41247796842579" lon="11.101886259311462">
</wpt>
<wpt lat="53.41247796842579" lon="11.11697428167259">
</wpt>
<wpt lat="53.41247796842579" lon="11.388558684172903">
</wpt>
<wpt lat="53.41247796842579" lon="11.660143086673216">
</wpt>
<wpt lat="53.41247796842579" lon="12.188223869312713">
</wpt>
<wpt lat="53.421471184484979" lon="7.798017828459164">
</wpt>
<wpt lat="53.421471184484979" lon="7.813109041962751">
</wpt>
<wpt lat="53.421471184484979" lon="8.280936660573939">
</wpt>
<wpt lat="53.421471184484979" lon="8.296027874077526">
</wpt>
<wpt lat="53.421471184484979" lon="8.311119087581112">
</wpt>
<wpt lat="53.421471184484979" lon="9.035497335753256">
</wpt>
<wpt lat="53.421471184484979" lon="10.906807810197961">
</wpt>
<wpt lat="53.421471184484979" lon="10.921899023701547">
</wpt>
<wpt lat="53.421471184484979" lon="10.982263877715893">
</wpt>
<wpt lat="53.421471184484979" lon="10.997355091219479">
</wpt>
<wpt lat="53.421471184484979" lon="11.012446304723065">
</wpt>
<wpt lat="53.421471184484979" lon="11.027537518226652">
</wpt>
<wpt lat="53.421471184484979" lon="11.042628731730238">
</wpt>
<wpt lat="53.421471184484979" lon="11.057719945233824">
</wpt>
<wpt lat="53.421471184484979" lon="11.072811158737411">
</wpt>
<wpt lat="53.421471184484979" lon="11.087902372240997">
</wpt>
<wpt lat="53.421471184484979" lon="11.102993585744583">
</wpt>
<wpt lat="53.421471184484979" lon="11.616094844866518">
</wpt>
<wpt lat="53.421471184484979" lon="11.631186058370105">
</wpt>
<wpt lat="53.421471184484979" lon="11.646277271873691">
</wpt>
<wpt lat="53.421471184484979" lon="11.661368485377277">
</wpt>
<wpt lat="53.421471184484979" lon="11.676459698880864">
</wpt>
<wpt lat="53.421471184484979" lon="12.053740036470522">
</wpt>
<wpt lat="53.421471184484979" lon="12.068831249974108">
</wpt>
<wpt lat="53.421471184484979" lon="12.083922463477695">
</wpt>
<wpt lat="53.430464400544167" lon="8.296541925272608">
</wpt>
<wpt lat="53.430464400544167" lon="8.311636331640761">
</wpt>
<wpt lat="53.430464400544167" lon="8.326730738008914">
</wpt>
<wpt lat="53.430464400544167" lon="8.341825144377067">
</wpt>
<wpt lat="53.430464400544167" lon="8.35691955074522">
</wpt>
<wpt lat="53.430464400544167" lon="10.998440665171968">
</wpt>
<wpt lat="53.430464400544167" lon="11.013535071540121">
</wpt>
<wpt lat="53.430464400544167" lon="11.028629477908273">
</wpt>
<wpt lat="53.430464400544167" lon="11.602216919898082">
</wpt>
<wpt lat="53.430464400544167" lon="11.617311326266234">
</wpt>
<wpt lat="53.430464400544167" lon="11.632405732634387">
</wpt>
<wpt lat="53.430464400544167" lon="11.64750013900254">
</wpt>
<wpt lat="53.430464400544167" lon="11.662594545370693">
</wpt>
<wpt lat="53.430464400544167" lon="11.75316098357961">
</wpt>
<wpt lat="53.430464400544167" lon="12.055049110942667">
</wpt>
<wpt lat="53.430464400544167" lon="12.07014351731082">
</wpt>
<wpt lat="53.430464400544167" lon="12.085237923678973">
</wpt>
<wpt lat="53.439457616603356" lon="8.297056253928208">
</wpt>
<wpt lat="53.439457616603356" lon="8.312153854884283">
</wpt>
<wpt lat="53.439457616603356" lon="8.327251455840358">
</wpt>
<wpt lat="53.439457616603356" lon="8.342349056796433">
</wpt>
<wpt lat="53.439457616603356" lon="8.372544258708583">
</wpt>
<wpt lat="53.439457616603356" lon="9.23310751320486">
</wpt>
<wpt lat="53.439457616603356" lon="9.248205114160935">
</wpt>
<wpt lat="53.439457616603356" lon="9.459571527545986">
</wpt>
<wpt lat="53.439457616603356" lon="10.99952682506564">
</wpt>
<wpt lat="53.439457616603356" lon="11.014624426021715">
</wpt>
<wpt lat="53.439457616603356" lon="11.588333262352567">
</wpt>
<wpt lat="53.439457616603356" lon="11.603430863308642">
</wpt>
<wpt lat="53.439457616603356" lon="11.618528464264717">
</wpt>
<wpt lat="53.439457616603356" lon="11.633626065220792">
</wpt>
<wpt lat="53.439457616603356" lon="11.648723666176867">
</wpt>
<wpt lat="53.439457616603356" lon="11.663821267132942">
</wpt>
<wpt lat="53.439457616603356" lon="11.754406872869392">
</wpt>
<wpt lat="53.439457616603356" lon="12.056358891990893">
</wpt>
<wpt lat="53.439457616603356" lon="12.071456492946968">
</wpt>
<wpt lat="53.439457616603356" lon="12.086554093903043">
</wpt>
<wpt lat="53.439457616603356" lon="12.101651694859118">
</wpt>
<wpt lat="53.448450832662544" lon="8.871401156453025">
</wpt>
<wpt lat="53.448450832662544" lon="9.233820290899637">
</wpt>
<wpt lat="53.448450832662544" lon="10.728799220491908">
</wpt>
<wpt lat="53.448450832662544" lon="11.544242272996783">
</wpt>
<wpt lat="53.448450832662544" lon="11.559343070265392">
</wpt>
<wpt lat="53.448450832662544" lon="11.574443867534001">
</wpt>
<wpt lat="53.448450832662544" lon="11.589544664802609">
</wpt>
<wpt lat="53.448450832662544" lon="11.604645462071218">
</wpt>
<wpt lat="53.448450832662544" lon="11.619746259339827">
</wpt>
<wpt lat="53.448450832662544" lon="11.634847056608436">
</wpt>
<wpt lat="53.448450832662544" lon="11.649947853877045">
</wpt>
<wpt lat="53.448450832662544" lon="11.665048651145653">
</wpt>
<wpt lat="53.448450832662544" lon="11.755653434757306">
</wpt>
<wpt lat="53.448450832662544" lon="12.072770177398091">
</wpt>
<wpt lat="53.448450832662544" lon="12.0878709746667">
</wpt>
<wpt lat="53.448450832662544" lon="12.102971771935309">
</wpt>
<wpt lat="53.448450832662544" lon="12.118072569203918">
</wpt>
<wpt lat="53.448450832662544" lon="12.993918810783228">
</wpt>
<wpt lat="53.448450832662544" lon="13.129825986200707">
</wpt>
<wpt lat="53.448450832662544" lon="13.144926783469316">
</wpt>
<wpt lat="53.457444048721733" lon="8.872037566093578">
</wpt>
<wpt lat="53.457444048721733" lon="10.714724993547932">
</wpt>
<wpt lat="53.457444048721733" lon="10.729828988854935">
</wpt>
<wpt lat="53.457444048721733" lon="10.744932984161938">
</wpt>
<wpt lat="53.457444048721733" lon="10.926180927845973">
</wpt>
<wpt lat="53.457444048721733" lon="11.107428871530008">
</wpt>
<wpt lat="53.457444048721733" lon="11.560548730740095">
</wpt>
<wpt lat="53.457444048721733" lon="11.575652726047098">
</wpt>
<wpt lat="53.457444048721733" lon="11.590756721354101">
</wpt>
<wpt lat="53.457444048721733" lon="11.605860716661104">
</wpt>
<wpt lat="53.457444048721733" lon="11.620964711968107">
</wpt>
<wpt lat="53.457444048721733" lon="11.636068707275109">
</wpt>
<wpt lat="53.457444048721733" lon="11.651172702582112">
</wpt>
<wpt lat="53.457444048721733" lon="11.74179667442413">
</wpt>
<wpt lat="53.457444048721733" lon="11.756900669731133">
</wpt>
<wpt lat="53.457444048721733" lon="11.772004665038136">
</wpt>
<wpt lat="53.457444048721733" lon="12.104292561792199">
</wpt>
<wpt lat="53.457444048721733" lon="12.119396557099202">
</wpt>
<wpt lat="53.457444048721733" lon="12.980324289598368">
</wpt>
<wpt lat="53.457444048721733" lon="12.995428284905371">
</wpt>
<wpt lat="53.457444048721733" lon="13.010532280212374">
</wpt>
<wpt lat="53.457444048721733" lon="13.131364242668397">
</wpt>
<wpt lat="53.457444048721733" lon="14.08291594700958">
</wpt>
<wpt lat="53.466437264780922" lon="8.071992980587058">
</wpt>
<wpt lat="53.466437264780922" lon="10.715752118276875">
</wpt>
<wpt lat="53.466437264780922" lon="10.730859313349388">
</wpt>
<wpt lat="53.466437264780922" lon="10.745966508421901">
</wpt>
<wpt lat="53.466437264780922" lon="10.761073703494414">
</wpt>
<wpt lat="53.466437264780922" lon="10.912145654219547">
</wpt>
<wpt lat="53.466437264780922" lon="11.033003214799653">
</wpt>
<wpt lat="53.466437264780922" lon="11.591969432482642">
</wpt>
<wpt lat="53.466437264780922" lon="11.607076627555156">
</wpt>
<wpt lat="53.466437264780922" lon="11.622183822627669">
</wpt>
<wpt lat="53.466437264780922" lon="11.637291017700182">
</wpt>
<wpt lat="53.466437264780922" lon="11.652398212772695">
</wpt>
<wpt lat="53.466437264780922" lon="11.712826993062748">
</wpt>
<wpt lat="53.466437264780922" lon="11.727934188135261">
</wpt>
<wpt lat="53.466437264780922" lon="11.743041383207775">
</wpt>
<wpt lat="53.466437264780922" lon="11.758148578280288">
</wpt>
<wpt lat="53.466437264780922" lon="12.105614064948092">
</wpt>
<wpt lat="53.466437264780922" lon="12.120721260020606">
</wpt>
<wpt lat="53.466437264780922" lon="12.93650979393632">
</wpt>
<wpt lat="53.466437264780922" lon="12.951616989008834">
</wpt>
<wpt lat="53.466437264780922" lon="12.966724184081347">
</wpt>
<wpt lat="53.466437264780922" lon="12.98183137915386">
</wpt>
<wpt lat="53.466437264780922" lon="12.996938574226373">
</wpt>
<wpt lat="53.466437264780922" lon="13.012045769298886">
</wpt>
<wpt lat="53.466437264780922" lon="13.117796134806479">
</wpt>
<wpt lat="53.47543048084011" lon="7.800473260498874">
</wpt>
<wpt lat="53.47543048084011" lon="7.891135639897259">
</wpt>
<wpt lat="53.47543048084011" lon="8.963973796111478">
</wpt>
<wpt lat="53.47543048084011" lon="8.979084192677876">
</wpt>
<wpt lat="53.47543048084011" lon="8.994194589244273">
</wpt>
<wpt lat="53.47543048084011" lon="10.73189019437998">
</wpt>
<wpt lat="53.47543048084011" lon="10.747000590946378">
</wpt>
<wpt lat="53.47543048084011" lon="10.762110987512775">
</wpt>
<wpt lat="53.47543048084011" lon="10.91321495317675">
</wpt>
<wpt lat="53.47543048084011" lon="11.608293195231033">
</wpt>
<wpt lat="53.47543048084011" lon="11.62340359179743">
</wpt>
<wpt lat="53.47543048084011" lon="11.638513988363828">
</wpt>
<wpt lat="53.47543048084011" lon="11.653624384930225">
</wpt>
<wpt lat="53.47543048084011" lon="11.729176367762213">
</wpt>
<wpt lat="53.47543048084011" lon="11.74428676432861">
</wpt>
<wpt lat="53.47543048084011" lon="11.759397160895007">
</wpt>
<wpt lat="53.47543048084011" lon="12.091825885355751">
</wpt>
<wpt lat="53.47543048084011" lon="12.106936281922149">
</wpt>
<wpt lat="53.47543048084011" lon="12.122046678488546">
</wpt>
<wpt lat="53.47543048084011" lon="12.137157075054944">
</wpt>
<wpt lat="53.47543048084011" lon="12.953118489640406">
</wpt>
<wpt lat="53.47543048084011" lon="12.968228886206804">
</wpt>
<wpt lat="53.47543048084011" lon="12.983339282773201">
</wpt>
<wpt lat="53.47543048084011" lon="12.998449679339599">
</wpt>
<wpt lat="53.47543048084011" lon="13.013560075905996">
</wpt>
<wpt lat="53.47543048084011" lon="13.119332851870778">
</wpt>
<wpt lat="53.484423696899299" lon="7.785769673318641">
</wpt>
<wpt lat="53.484423696899299" lon="7.800883273108552">
</wpt>
<wpt lat="53.484423696899299" lon="7.815996872898462">
</wpt>
<wpt lat="53.484423696899299" lon="7.831110472688373">
</wpt>
<wpt lat="53.484423696899299" lon="7.846224072478283">
</wpt>
<wpt lat="53.484423696899299" lon="7.861337672268194">
</wpt>
<wpt lat="53.484423696899299" lon="7.876451272058104">
</wpt>
<wpt lat="53.484423696899299" lon="7.891564871848015">
</wpt>
<wpt lat="53.484423696899299" lon="7.906678471637925">
</wpt>
<wpt lat="53.484423696899299" lon="10.73292163235104">
</wpt>
<wpt lat="53.484423696899299" lon="10.74803523214095">
</wpt>
<wpt lat="53.484423696899299" lon="10.763148831930859">
</wpt>
<wpt lat="53.484423696899299" lon="10.778262431720769">
</wpt>
<wpt lat="53.484423696899299" lon="10.929398429619866">
</wpt>
<wpt lat="53.484423696899299" lon="11.624624019955711">
</wpt>
<wpt lat="53.484423696899299" lon="11.63973761974562">
</wpt>
<wpt lat="53.484423696899299" lon="11.715305618695169">
</wpt>
<wpt lat="53.484423696899299" lon="11.730419218485078">
</wpt>
<wpt lat="53.484423696899299" lon="11.745532818274988">
</wpt>
<wpt lat="53.484423696899299" lon="12.093145613442911">
</wpt>
<wpt lat="53.484423696899299" lon="12.10825921323282">
</wpt>
<wpt lat="53.484423696899299" lon="12.12337281302273">
</wpt>
<wpt lat="53.484423696899299" lon="12.13848641281264">
</wpt>
<wpt lat="53.484423696899299" lon="12.153600012602549">
</wpt>
<wpt lat="53.484423696899299" lon="12.954620801467762">
</wpt>
<wpt lat="53.484423696899299" lon="12.969734401257671">
</wpt>
<wpt lat="53.484423696899299" lon="12.984848001047581">
</wpt>
<wpt lat="53.484423696899299" lon="12.999961600837491">
</wpt>
<wpt lat="53.484423696899299" lon="14.254390383399993">
</wpt>
<wpt lat="53.493416912958487" lon="7.831527116760327">
</wpt>
<wpt lat="53.493416912958487" lon="7.846643921504637">
</wpt>
<wpt lat="53.493416912958487" lon="7.861760726248948">
</wpt>
<wpt lat="53.493416912958487" lon="7.876877530993258">
</wpt>
<wpt lat="53.493416912958487" lon="7.891994335737568">
</wpt>
<wpt lat="53.493416912958487" lon="7.907111140481878">
</wpt>
<wpt lat="53.493416912958487" lon="7.922227945226188">
</wpt>
<wpt lat="53.493416912958487" lon="9.53972605286747">
</wpt>
<wpt lat="53.493416912958487" lon="10.749070432412358">
</wpt>
<wpt lat="53.493416912958487" lon="10.764187237156669">
</wpt>
<wpt lat="53.493416912958487" lon="10.77930404190098">
</wpt>
<wpt lat="53.493416912958487" lon="10.794420846645291">
</wpt>
<wpt lat="53.493416912958487" lon="11.701429131303957">
</wpt>
<wpt lat="53.493416912958487" lon="11.716545936048268">
</wpt>
<wpt lat="53.493416912958487" lon="11.731662740792579">
</wpt>
<wpt lat="53.493416912958487" lon="11.74677954553689">
</wpt>
<wpt lat="53.493416912958487" lon="11.928181202468624">
</wpt>
<wpt lat="53.493416912958487" lon="12.109582859400357">
</wpt>
<wpt lat="53.493416912958487" lon="12.124699664144668">
</wpt>
<wpt lat="53.493416912958487" lon="12.139816468888979">
</wpt>
<wpt lat="53.493416912958487" lon="12.15493327363329">
</wpt>
<wpt lat="53.493416912958487" lon="12.170050078377601">
</wpt>
<wpt lat="53.493416912958487" lon="12.971240729826089">
</wpt>
<wpt lat="53.493416912958487" lon="12.9863575345704">
</wpt>
<wpt lat="53.493416912958487" lon="13.001474339314711">
</wpt>
<wpt lat="53.493416912958487" lon="14.135234695138044">
</wpt>
<wpt lat="53.493416912958487" lon="14.150351499882355">
</wpt>
<wpt lat="53.493416912958487" lon="14.241052328348221">
</wpt>
<wpt lat="53.493416912958487" lon="14.256169133092532">
</wpt>
<wpt lat="53.493416912958487" lon="14.271285937836844">
</wpt>
<wpt lat="53.493416912958487" lon="14.286402742581155">
</wpt>
<wpt lat="53.493416912958487" lon="14.316636352069777">
</wpt>
<wpt lat="53.502410129017676" lon="7.847063997442348">
</wpt>
<wpt lat="53.502410129017676" lon="7.862184008873205">
</wpt>
<wpt lat="53.502410129017676" lon="7.877304020304063">
</wpt>
<wpt lat="53.502410129017676" lon="7.892424031734921">
</wpt>
<wpt lat="53.502410129017676" lon="7.907544043165778">
</wpt>
<wpt lat="53.502410129017676" lon="7.922664054596636">
</wpt>
<wpt lat="53.502410129017676" lon="8.905464797602381">
</wpt>
<wpt lat="53.502410129017676" lon="10.765226203597868">
</wpt>
<wpt lat="53.502410129017676" lon="10.780346215028725">
</wpt>
<wpt lat="53.502410129017676" lon="11.70266691231104">
</wpt>
<wpt lat="53.502410129017676" lon="11.717786923741897">
</wpt>
<wpt lat="53.502410129017676" lon="12.110907220944195">
</wpt>
<wpt lat="53.502410129017676" lon="12.126027232375053">
</wpt>
<wpt lat="53.502410129017676" lon="12.141147243805911">
</wpt>
<wpt lat="53.502410129017676" lon="12.156267255236768">
</wpt>
<wpt lat="53.502410129017676" lon="12.171387266667626">
</wpt>
<wpt lat="53.502410129017676" lon="12.97274787250308">
</wpt>
<wpt lat="53.502410129017676" lon="12.987867883933937">
</wpt>
<wpt lat="53.502410129017676" lon="13.002987895364795">
</wpt>
<wpt lat="53.502410129017676" lon="14.121868741248258">
</wpt>
<wpt lat="53.502410129017676" lon="14.136988752679116">
</wpt>
<wpt lat="53.502410129017676" lon="14.152108764109974">
</wpt>
<wpt lat="53.502410129017676" lon="14.167228775540831">
</wpt>
<wpt lat="53.502410129017676" lon="14.182348786971689">
</wpt>
<wpt lat="53.502410129017676" lon="14.242828832695119">
</wpt>
<wpt lat="53.502410129017676" lon="14.318428889849407">
</wpt>
<wpt lat="53.511403345076864" lon="7.847484300456284">
</wpt>
<wpt lat="53.511403345076864" lon="7.862607520307096">
</wpt>
<wpt lat="53.511403345076864" lon="11.703905362412957">
</wpt>
<wpt lat="53.511403345076864" lon="12.112232298384839">
</wpt>
<wpt lat="53.511403345076864" lon="12.12735551823565">
</wpt>
<wpt lat="53.511403345076864" lon="12.14247873808646">
</wpt>
<wpt lat="53.511403345076864" lon="12.15760195793727">
</wpt>
<wpt lat="53.511403345076864" lon="12.172725177788081">
</wpt>
<wpt lat="53.511403345076864" lon="12.989379049731845">
</wpt>
<wpt lat="53.511403345076864" lon="13.004502269582655">
</wpt>
<wpt lat="53.511403345076864" lon="14.123620538542628">
</wpt>
<wpt lat="53.511403345076864" lon="14.138743758393439">
</wpt>
<wpt lat="53.511403345076864" lon="14.153866978244249">
</wpt>
<wpt lat="53.511403345076864" lon="14.168990198095059">
</wpt>
<wpt lat="53.520396561136053" lon="7.046204040423879">
</wpt>
<wpt lat="53.520396561136053" lon="7.061330470429313">
</wpt>
<wpt lat="53.520396561136053" lon="7.076456900434748">
</wpt>
<wpt lat="53.520396561136053" lon="8.316824160880364">
</wpt>
<wpt lat="53.520396561136053" lon="8.331950590885798">
</wpt>
<wpt lat="53.520396561136053" lon="8.392456310907535">
</wpt>
<wpt lat="53.520396561136053" lon="11.205972291918323">
</wpt>
<wpt lat="53.520396561136053" lon="12.113558092244384">
</wpt>
<wpt lat="53.520396561136053" lon="12.128684522249818">
</wpt>
<wpt lat="53.520396561136053" lon="12.143810952255253">
</wpt>
<wpt lat="53.520396561136053" lon="12.158937382260687">
</wpt>
<wpt lat="53.520396561136053" lon="12.174063812266121">
</wpt>
<wpt lat="53.520396561136053" lon="12.990891032559576">
</wpt>
<wpt lat="53.520396561136053" lon="13.00601746256501">
</wpt>
<wpt lat="53.520396561136053" lon="13.021143892570445">
</wpt>
<wpt lat="53.520396561136053" lon="13.913603262891071">
</wpt>
<wpt lat="53.529389777195242" lon="7.046454567887123">
</wpt>
<wpt lat="53.529389777195242" lon="7.061584209783112">
</wpt>
<wpt lat="53.529389777195242" lon="7.0767138516791">
</wpt>
<wpt lat="53.529389777195242" lon="7.091843493575089">
</wpt>
<wpt lat="53.529389777195242" lon="7.106973135471078">
</wpt>
<wpt lat="53.529389777195242" lon="8.317344487150178">
</wpt>
<wpt lat="53.529389777195242" lon="8.332474129046167">
</wpt>
<wpt lat="53.529389777195242" lon="9.134345149533571">
</wpt>
<wpt lat="53.529389777195242" lon="11.131457879804087">
</wpt>
<wpt lat="53.529389777195242" lon="11.176846805492053">
</wpt>
<wpt lat="53.529389777195242" lon="11.191976447388042">
</wpt>
<wpt lat="53.529389777195242" lon="11.20710608928403">
</wpt>
<wpt lat="53.529389777195242" lon="11.222235731180019">
</wpt>
<wpt lat="53.529389777195242" lon="11.993847467875446">
</wpt>
<wpt lat="53.529389777195242" lon="12.008977109771434">
</wpt>
<wpt lat="53.529389777195242" lon="12.099754961147367">
</wpt>
<wpt lat="53.529389777195242" lon="12.114884603043356">
</wpt>
<wpt lat="53.529389777195242" lon="12.130014244939344">
</wpt>
<wpt lat="53.529389777195242" lon="12.145143886835333">
</wpt>
<wpt lat="53.529389777195242" lon="13.007533474906692">
</wpt>
<wpt lat="53.529389777195242" lon="13.022663116802681">
</wpt>
<wpt lat="53.53838299325443" lon="9.180437859699108">
</wpt>
<wpt lat="53.53838299325443" lon="10.996380522547934">
</wpt>
<wpt lat="53.53838299325443" lon="11.056911944642895">
</wpt>
<wpt lat="53.53838299325443" lon="11.072044800166635">
</wpt>
<wpt lat="53.53838299325443" lon="11.102310511214116">
</wpt>
<wpt lat="53.53838299325443" lon="11.117443366737856">
</wpt>
<wpt lat="53.53838299325443" lon="11.132576222261596">
</wpt>
<wpt lat="53.53838299325443" lon="11.147709077785336">
</wpt>
<wpt lat="53.53838299325443" lon="11.162841933309076">
</wpt>
<wpt lat="53.53838299325443" lon="11.177974788832817">
</wpt>
<wpt lat="53.53838299325443" lon="11.980016131591048">
</wpt>
<wpt lat="53.53838299325443" lon="11.995148987114788">
</wpt>
<wpt lat="53.53838299325443" lon="12.010281842638529">
</wpt>
<wpt lat="53.53838299325443" lon="12.08594612025723">
</wpt>
<wpt lat="53.53838299325443" lon="12.10107897578097">
</wpt>
<wpt lat="53.53838299325443" lon="12.11621183130471">
</wpt>
<wpt lat="53.53838299325443" lon="13.039316018252864">
</wpt>
<wpt lat="53.53838299325443" lon="14.219678749104601">
</wpt>
<wpt lat="53.547376209313619" lon="10.982334460804408">
</wpt>
<wpt lat="53.547376209313619" lon="11.058014815254175">
</wpt>
<wpt lat="53.547376209313619" lon="11.073150886144129">
</wpt>
<wpt lat="53.547376209313619" lon="11.088286957034082">
</wpt>
<wpt lat="53.547376209313619" lon="11.103423027924036">
</wpt>
<wpt lat="53.547376209313619" lon="11.118559098813989">
</wpt>
<wpt lat="53.547376209313619" lon="11.133695169703943">
</wpt>
<wpt lat="53.547376209313619" lon="11.148831240593896">
</wpt>
<wpt lat="53.547376209313619" lon="11.16396731148385">
</wpt>
<wpt lat="53.547376209313619" lon="11.981315139541339">
</wpt>
<wpt lat="53.547376209313619" lon="11.996451210431292">
</wpt>
<wpt lat="53.547376209313619" lon="12.011587281321246">
</wpt>
<wpt lat="53.547376209313619" lon="12.087267635771013">
</wpt>
<wpt lat="53.547376209313619" lon="12.389989053570083">
</wpt>
<wpt lat="53.547376209313619" lon="12.405125124460037">
</wpt>
<wpt lat="53.547376209313619" lon="12.42026119534999">
</wpt>
<wpt lat="53.547376209313619" lon="12.435397266239944">
</wpt>
<wpt lat="53.547376209313619" lon="12.450533337129897">
</wpt>
<wpt lat="53.547376209313619" lon="12.465669408019851">
</wpt>
<wpt lat="53.547376209313619" lon="12.480805478909804">
</wpt>
<wpt lat="53.547376209313619" lon="13.071112243617991">
</wpt>
<wpt lat="53.547376209313619" lon="13.086248314507944">
</wpt>
<wpt lat="53.547376209313619" lon="13.101384385397898">
</wpt>
<wpt lat="53.547376209313619" lon="13.116520456287851">
</wpt>
<wpt lat="53.547376209313619" lon="14.221453631254457">
</wpt>
<wpt lat="53.547376209313619" lon="14.236589702144411">
</wpt>
<wpt lat="53.556369425372807" lon="9.227264435089117">
</wpt>
<wpt lat="53.556369425372807" lon="10.968282554617263">
</wpt>
<wpt lat="53.556369425372807" lon="11.059118282592644">
</wpt>
<wpt lat="53.556369425372807" lon="11.074257570588541">
</wpt>
<wpt lat="53.556369425372807" lon="11.089396858584438">
</wpt>
<wpt lat="53.556369425372807" lon="11.104536146580335">
</wpt>
<wpt lat="53.556369425372807" lon="11.119675434576232">
</wpt>
<wpt lat="53.556369425372807" lon="11.134814722572129">
</wpt>
<wpt lat="53.556369425372807" lon="11.149954010568026">
</wpt>
<wpt lat="53.556369425372807" lon="11.740386242408006">
</wpt>
<wpt lat="53.556369425372807" lon="11.876639834371078">
</wpt>
<wpt lat="53.556369425372807" lon="11.982614850342356">
</wpt>
<wpt lat="53.556369425372807" lon="11.997754138338253">
</wpt>
<wpt lat="53.556369425372807" lon="12.01289342633415">
</wpt>
<wpt lat="53.556369425372807" lon="12.40651491422747">
</wpt>
<wpt lat="53.556369425372807" lon="12.421654202223367">
</wpt>
<wpt lat="53.556369425372807" lon="12.436793490219264">
</wpt>
<wpt lat="53.556369425372807" lon="12.451932778215161">
</wpt>
<wpt lat="53.556369425372807" lon="12.467072066211058">
</wpt>
<wpt lat="53.556369425372807" lon="12.482211354206955">
</wpt>
<wpt lat="53.556369425372807" lon="12.497350642202852">
</wpt>
<wpt lat="53.556369425372807" lon="12.512489930198749">
</wpt>
<wpt lat="53.556369425372807" lon="12.951529282079759">
</wpt>
<wpt lat="53.556369425372807" lon="13.102922162038729">
</wpt>
<wpt lat="53.556369425372807" lon="13.118061450034626">
</wpt>
<wpt lat="53.556369425372807" lon="14.208090185739204">
</wpt>
<wpt lat="53.556369425372807" lon="14.223229473735101">
</wpt>
<wpt lat="53.556369425372807" lon="14.238368761730998">
</wpt>
<wpt lat="53.556369425372807" lon="14.253508049726895">
</wpt>
<wpt lat="53.556369425372807" lon="14.268647337722792">
</wpt>
<wpt lat="53.556369425372807" lon="14.283786625718689">
</wpt>
<wpt lat="53.556369425372807" lon="14.298925913714585">
</wpt>
<wpt lat="53.565362641431996" lon="9.243121525952656">
</wpt>
<wpt lat="53.565362641431996" lon="10.833084744450543">
</wpt>
<wpt lat="53.565362641431996" lon="10.84822725129338">
</wpt>
<wpt lat="53.565362641431996" lon="10.863369758136217">
</wpt>
<wpt lat="53.565362641431996" lon="10.969367306036077">
</wpt>
<wpt lat="53.565362641431996" lon="10.984509812878914">
</wpt>
<wpt lat="53.565362641431996" lon="11.060222347093099">
</wpt>
<wpt lat="53.565362641431996" lon="11.075364853935936">
</wpt>
<wpt lat="53.565362641431996" lon="11.090507360778773">
</wpt>
<wpt lat="53.565362641431996" lon="11.151077388150121">
</wpt>
<wpt lat="53.565362641431996" lon="12.014200278191831">
</wpt>
<wpt lat="53.565362641431996" lon="12.407905456105594">
</wpt>
<wpt lat="53.565362641431996" lon="12.423047962948431">
</wpt>
<wpt lat="53.565362641431996" lon="12.483617990319779">
</wpt>
<wpt lat="53.565362641431996" lon="12.498760497162616">
</wpt>
<wpt lat="53.565362641431996" lon="12.513903004005453">
</wpt>
<wpt lat="53.565362641431996" lon="12.937893195604889">
</wpt>
<wpt lat="53.565362641431996" lon="12.953035702447727">
</wpt>
<wpt lat="53.565362641431996" lon="13.104460770876097">
</wpt>
<wpt lat="53.565362641431996" lon="13.119603277718934">
</wpt>
<wpt lat="53.565362641431996" lon="13.846443606175111">
</wpt>
<wpt lat="53.565362641431996" lon="13.861586113017948">
</wpt>
<wpt lat="53.565362641431996" lon="13.876728619860785">
</wpt>
<wpt lat="53.565362641431996" lon="13.997868674603481">
</wpt>
<wpt lat="53.565362641431996" lon="14.013011181446318">
</wpt>
<wpt lat="53.565362641431996" lon="14.209863770403199">
</wpt>
<wpt lat="53.565362641431996" lon="14.225006277246036">
</wpt>
<wpt lat="53.565362641431996" lon="14.240148784088873">
</wpt>
<wpt lat="53.565362641431996" lon="14.25529129093171">
</wpt>
<wpt lat="53.565362641431996" lon="14.270433797774547">
</wpt>
<wpt lat="53.565362641431996" lon="14.285576304617384">
</wpt>
<wpt lat="53.565362641431996" lon="14.300718811460222">
</wpt>
<wpt lat="53.574355857491184" lon="10.849286825141983">
</wpt>
<wpt lat="53.574355857491184" lon="10.864432552574025">
</wpt>
<wpt lat="53.574355857491184" lon="10.879578280006067">
</wpt>
<wpt lat="53.574355857491184" lon="10.955306917166277">
</wpt>
<wpt lat="53.574355857491184" lon="11.04618128175853">
</wpt>
<wpt lat="53.574355857491184" lon="11.061327009190572">
</wpt>
<wpt lat="53.574355857491184" lon="11.076472736622614">
</wpt>
<wpt lat="53.574355857491184" lon="12.394151023210279">
</wpt>
<wpt lat="53.574355857491184" lon="12.409296750642321">
</wpt>
<wpt lat="53.574355857491184" lon="12.485025387802532">
</wpt>
<wpt lat="53.574355857491184" lon="12.500171115234574">
</wpt>
<wpt lat="53.574355857491184" lon="12.515316842666616">
</wpt>
<wpt lat="53.574355857491184" lon="12.939397210763795">
</wpt>
<wpt lat="53.574355857491184" lon="12.954542938195837">
</wpt>
<wpt lat="53.574355857491184" lon="12.96968866562788">
</wpt>
<wpt lat="53.574355857491184" lon="12.984834393059922">
</wpt>
<wpt lat="53.574355857491184" lon="12.999980120491964">
</wpt>
<wpt lat="53.574355857491184" lon="13.106000212516259">
</wpt>
<wpt lat="53.574355857491184" lon="13.121145939948301">
</wpt>
<wpt lat="53.574355857491184" lon="13.863286584118365">
</wpt>
<wpt lat="53.574355857491184" lon="13.878432311550407">
</wpt>
<wpt lat="53.574355857491184" lon="14.181346860191249">
</wpt>
<wpt lat="53.574355857491184" lon="14.196492587623291">
</wpt>
<wpt lat="53.574355857491184" lon="14.211638315055334">
</wpt>
<wpt lat="53.574355857491184" lon="14.226784042487376">
</wpt>
<wpt lat="53.574355857491184" lon="14.241929769919418">
</wpt>
<wpt lat="53.574355857491184" lon="14.25707549735146">
</wpt>
<wpt lat="53.574355857491184" lon="14.272221224783502">
</wpt>
<wpt lat="53.574355857491184" lon="14.287366952215544">
</wpt>
<wpt lat="53.574355857491184" lon="14.302512679647586">
</wpt>
<wpt lat="53.583349073550373" lon="9.017324051075461">
</wpt>
<wpt lat="53.583349073550373" lon="10.895793821908908">
</wpt>
<wpt lat="53.583349073550373" lon="10.910942771673694">
</wpt>
<wpt lat="53.583349073550373" lon="10.92609172143848">
</wpt>
<wpt lat="53.583349073550373" lon="10.941240671203266">
</wpt>
<wpt lat="53.583349073550373" lon="11.047283319556767">
</wpt>
<wpt lat="53.583349073550373" lon="11.062432269321553">
</wpt>
<wpt lat="53.583349073550373" lon="11.077581219086339">
</wpt>
<wpt lat="53.583349073550373" lon="12.031965054267848">
</wpt>
<wpt lat="53.583349073550373" lon="12.486433547211425">
</wpt>
<wpt lat="53.583349073550373" lon="12.50158249697621">
</wpt>
<wpt lat="53.583349073550373" lon="12.516731446740996">
</wpt>
<wpt lat="53.583349073550373" lon="12.531880396505782">
</wpt>
<wpt lat="53.583349073550373" lon="12.925753090390215">
</wpt>
<wpt lat="53.583349073550373" lon="12.940902040155001">
</wpt>
<wpt lat="53.583349073550373" lon="12.956050989919786">
</wpt>
<wpt lat="53.583349073550373" lon="12.971199939684572">
</wpt>
<wpt lat="53.583349073550373" lon="12.986348889449358">
</wpt>
<wpt lat="53.583349073550373" lon="13.001497839214144">
</wpt>
<wpt lat="53.583349073550373" lon="13.107540487567645">
</wpt>
<wpt lat="53.583349073550373" lon="13.122689437332431">
</wpt>
<wpt lat="53.583349073550373" lon="13.880136925571724">
</wpt>
<wpt lat="53.583349073550373" lon="14.183115920867442">
</wpt>
<wpt lat="53.583349073550373" lon="14.198264870632228">
</wpt>
<wpt lat="53.583349073550373" lon="14.213413820397014">
</wpt>
<wpt lat="53.583349073550373" lon="14.228562770161799">
</wpt>
<wpt lat="53.583349073550373" lon="14.243711719926585">
</wpt>
<wpt lat="53.583349073550373" lon="14.258860669691371">
</wpt>
<wpt lat="53.583349073550373" lon="14.274009619456157">
</wpt>
<wpt lat="53.583349073550373" lon="14.289158569220943">
</wpt>
<wpt lat="53.583349073550373" lon="14.304307518985729">
</wpt>
<wpt lat="53.592342289609562" lon="9.00284248536404">
</wpt>
<wpt lat="53.592342289609562" lon="9.017994659206378">
</wpt>
<wpt lat="53.592342289609562" lon="9.033146833048717">
</wpt>
<wpt lat="53.592342289609562" lon="10.927168563341011">
</wpt>
<wpt lat="53.592342289609562" lon="10.94232073718335">
</wpt>
<wpt lat="53.592342289609562" lon="11.048385954079718">
</wpt>
<wpt lat="53.592342289609562" lon="11.063538127922056">
</wpt>
<wpt lat="53.592342289609562" lon="11.078690301764395">
</wpt>
<wpt lat="53.592342289609562" lon="11.154451170976087">
</wpt>
<wpt lat="53.592342289609562" lon="12.472690295259524">
</wpt>
<wpt lat="53.592342289609562" lon="12.487842469101862">
</wpt>
<wpt lat="53.592342289609562" lon="12.5029946429442">
</wpt>
<wpt lat="53.592342289609562" lon="12.518146816786539">
</wpt>
<wpt lat="53.592342289609562" lon="12.942407684372013">
</wpt>
<wpt lat="53.592342289609562" lon="12.957559858214351">
</wpt>
<wpt lat="53.592342289609562" lon="12.972712032056689">
</wpt>
<wpt lat="53.592342289609562" lon="12.987864205899028">
</wpt>
<wpt lat="53.592342289609562" lon="13.003016379741366">
</wpt>
<wpt lat="53.592342289609562" lon="13.109081596637735">
</wpt>
<wpt lat="53.592342289609562" lon="13.124233770480073">
</wpt>
<wpt lat="53.592342289609562" lon="13.881842462596991">
</wpt>
<wpt lat="53.592342289609562" lon="14.109125070232066">
</wpt>
<wpt lat="53.592342289609562" lon="14.184885939443758">
</wpt>
<wpt lat="53.592342289609562" lon="14.200038113286096">
</wpt>
<wpt lat="53.592342289609562" lon="14.215190287128435">
</wpt>
<wpt lat="53.592342289609562" lon="14.230342460970773">
</wpt>
<wpt lat="53.592342289609562" lon="14.245494634813111">
</wpt>
<wpt lat="53.592342289609562" lon="14.26064680865545">
</wpt>
<wpt lat="53.592342289609562" lon="14.290951156340126">
</wpt>
<wpt lat="53.592342289609562" lon="14.306103330182465">
</wpt>
<wpt lat="53.60133550566875" lon="6.699889481628528">
</wpt>
<wpt lat="53.60133550566875" lon="6.715044881294501">
</wpt>
<wpt lat="53.60133550566875" lon="6.730200280960474">
</wpt>
<wpt lat="53.60133550566875" lon="6.745355680626448">
</wpt>
<wpt lat="53.60133550566875" lon="6.760511080292421">
</wpt>
<wpt lat="53.60133550566875" lon="6.775666479958394">
</wpt>
<wpt lat="53.60133550566875" lon="6.790821879624367">
</wpt>
<wpt lat="53.60133550566875" lon="8.988354831190486">
</wpt>
<wpt lat="53.60133550566875" lon="9.00351023085646">
</wpt>
<wpt lat="53.60133550566875" lon="9.018665630522433">
</wpt>
<wpt lat="53.60133550566875" lon="10.92824598843506">
</wpt>
<wpt lat="53.60133550566875" lon="10.943401388101034">
</wpt>
<wpt lat="53.60133550566875" lon="11.049489185762846">
</wpt>
<wpt lat="53.60133550566875" lon="11.06464458542882">
</wpt>
<wpt lat="53.60133550566875" lon="11.079799985094793">
</wpt>
<wpt lat="53.60133550566875" lon="11.155576983424659">
</wpt>
<wpt lat="53.60133550566875" lon="11.170732383090632">
</wpt>
<wpt lat="53.60133550566875" lon="11.701171371399695">
</wpt>
<wpt lat="53.60133550566875" lon="11.716326771065669">
</wpt>
<wpt lat="53.60133550566875" lon="11.731482170731642">
</wpt>
<wpt lat="53.60133550566875" lon="11.746637570397615">
</wpt>
<wpt lat="53.60133550566875" lon="12.155833361378892">
</wpt>
<wpt lat="53.60133550566875" lon="12.170988761044866">
</wpt>
<wpt lat="53.60133550566875" lon="12.292231958372652">
</wpt>
<wpt lat="53.60133550566875" lon="12.959069543675474">
</wpt>
<wpt lat="53.60133550566875" lon="12.974224943341447">
</wpt>
<wpt lat="53.60133550566875" lon="12.98938034300742">
</wpt>
<wpt lat="53.60133550566875" lon="13.004535742673394">
</wpt>
<wpt lat="53.60133550566875" lon="13.12577894000118">
</wpt>
<wpt lat="53.60133550566875" lon="13.747150326306082">
</wpt>
<wpt lat="53.60133550566875" lon="14.11087991828944">
</wpt>
<wpt lat="53.60133550566875" lon="14.126035317955413">
</wpt>
<wpt lat="53.60133550566875" lon="14.141190717621386">
</wpt>
<wpt lat="53.60133550566875" lon="14.156346117287359">
</wpt>
<wpt lat="53.60133550566875" lon="14.171501516953333">
</wpt>
<wpt lat="53.60133550566875" lon="14.186656916619306">
</wpt>
<wpt lat="53.60133550566875" lon="14.201812316285279">
</wpt>
<wpt lat="53.60133550566875" lon="14.216967715951252">
</wpt>
<wpt lat="53.60133550566875" lon="14.232123115617226">
</wpt>
<wpt lat="53.610328721727939" lon="6.715225625269992">
</wpt>
<wpt lat="53.610328721727939" lon="6.730384252506957">
</wpt>
<wpt lat="53.610328721727939" lon="6.745542879743921">
</wpt>
<wpt lat="53.610328721727939" lon="6.760701506980885">
</wpt>
<wpt lat="53.610328721727939" lon="6.775860134217849">
</wpt>
<wpt lat="53.610328721727939" lon="8.973861083577651">
</wpt>
<wpt lat="53.610328721727939" lon="8.989019710814615">
</wpt>
<wpt lat="53.610328721727939" lon="10.94448262438299">
</wpt>
<wpt lat="53.610328721727939" lon="10.959641251619955">
</wpt>
<wpt lat="53.610328721727939" lon="11.05059301504174">
</wpt>
<wpt lat="53.610328721727939" lon="11.065751642278704">
</wpt>
<wpt lat="53.610328721727939" lon="11.702413986231198">
</wpt>
<wpt lat="53.610328721727939" lon="11.717572613468162">
</wpt>
<wpt lat="53.610328721727939" lon="11.732731240705126">
</wpt>
<wpt lat="53.610328721727939" lon="11.74788986794209">
</wpt>
<wpt lat="53.610328721727939" lon="11.763048495179055">
</wpt>
<wpt lat="53.610328721727939" lon="11.960110649259589">
</wpt>
<wpt lat="53.610328721727939" lon="11.975269276496553">
</wpt>
<wpt lat="53.610328721727939" lon="12.126855548866194">
</wpt>
<wpt lat="53.610328721727939" lon="12.142014176103158">
</wpt>
<wpt lat="53.610328721727939" lon="12.157172803340123">
</wpt>
<wpt lat="53.610328721727939" lon="12.172331430577087">
</wpt>
<wpt lat="53.610328721727939" lon="12.2936004484728">
</wpt>
<wpt lat="53.610328721727939" lon="12.308759075709764">
</wpt>
<wpt lat="53.610328721727939" lon="12.975738674136187">
</wpt>
<wpt lat="53.610328721727939" lon="12.990897301373151">
</wpt>
<wpt lat="53.610328721727939" lon="13.006055928610115">
</wpt>
<wpt lat="53.610328721727939" lon="13.203118082690649">
</wpt>
<wpt lat="53.610328721727939" lon="13.218276709927613">
</wpt>
<wpt lat="53.610328721727939" lon="13.71851140874743">
</wpt>
<wpt lat="53.610328721727939" lon="13.733670035984394">
</wpt>
<wpt lat="53.610328721727939" lon="13.748828663221358">
</wpt>
<wpt lat="53.610328721727939" lon="14.127794344145462">
</wpt>
<wpt lat="53.610328721727939" lon="14.142952971382426">
</wpt>
<wpt lat="53.610328721727939" lon="14.15811159861939">
</wpt>
<wpt lat="53.610328721727939" lon="14.173270225856355">
</wpt>
<wpt lat="53.610328721727939" lon="14.188428853093319">
</wpt>
<wpt lat="53.610328721727939" lon="14.203587480330283">
</wpt>
<wpt lat="53.610328721727939" lon="14.218746107567247">
</wpt>
<wpt lat="53.619321937787127" lon="8.974523094100363">
</wpt>
<wpt lat="53.619321937787127" lon="9.156465372779401">
</wpt>
<wpt lat="53.619321937787127" lon="9.171627229335988">
</wpt>
<wpt lat="53.619321937787127" lon="10.945564446456611">
</wpt>
<wpt lat="53.619321937787127" lon="10.960726303013198">
</wpt>
<wpt lat="53.619321937787127" lon="10.975888159569784">
</wpt>
<wpt lat="53.619321937787127" lon="11.03653558579613">
</wpt>
<wpt lat="53.619321937787127" lon="11.051697442352717">
</wpt>
<wpt lat="53.619321937787127" lon="11.066859298909304">
</wpt>
<wpt lat="53.619321937787127" lon="11.82495212673863">
</wpt>
<wpt lat="53.619321937787127" lon="11.840113983295216">
</wpt>
<wpt lat="53.619321937787127" lon="11.961408835747909">
</wpt>
<wpt lat="53.619321937787127" lon="11.976570692304495">
</wpt>
<wpt lat="53.619321937787127" lon="11.991732548861082">
</wpt>
<wpt lat="53.619321937787127" lon="12.128189257870361">
</wpt>
<wpt lat="53.619321937787127" lon="12.143351114426947">
</wpt>
<wpt lat="53.619321937787127" lon="12.158512970983534">
</wpt>
<wpt lat="53.619321937787127" lon="12.17367482754012">
</wpt>
<wpt lat="53.619321937787127" lon="12.279807823436226">
</wpt>
<wpt lat="53.619321937787127" lon="12.294969679992812">
</wpt>
<wpt lat="53.619321937787127" lon="12.310131536549399">
</wpt>
<wpt lat="53.619321937787127" lon="12.977253225039206">
</wpt>
<wpt lat="53.619321937787127" lon="12.992415081595793">
</wpt>
<wpt lat="53.619321937787127" lon="13.219842929944591">
</wpt>
<wpt lat="53.619321937787127" lon="13.689860483198773">
</wpt>
<wpt lat="53.619321937787127" lon="13.705022339755359">
</wpt>
<wpt lat="53.619321937787127" lon="13.720184196311946">
</wpt>
<wpt lat="53.619321937787127" lon="13.735346052868532">
</wpt>
<wpt lat="53.619321937787127" lon="13.750507909425119">
</wpt>
<wpt lat="53.619321937787127" lon="13.765669765981706">
</wpt>
<wpt lat="53.619321937787127" lon="14.129554323339782">
</wpt>
<wpt lat="53.619321937787127" lon="14.144716179896369">
</wpt>
<wpt lat="53.619321937787127" lon="14.159878036452955">
</wpt>
<wpt lat="53.619321937787127" lon="14.175039893009542">
</wpt>
<wpt lat="53.619321937787127" lon="14.190201749566128">
</wpt>
<wpt lat="53.619321937787127" lon="14.205363606122715">
</wpt>
<wpt lat="53.619321937787127" lon="14.220525462679301">
</wpt>
<wpt lat="53.628315153846316" lon="8.914525112850113">
</wpt>
<wpt lat="53.628315153846316" lon="8.929690200476232">
</wpt>
<wpt lat="53.628315153846316" lon="9.157166514868022">
</wpt>
<wpt lat="53.628315153846316" lon="9.172331602494141">
</wpt>
<wpt lat="53.628315153846316" lon="10.931481767123985">
</wpt>
<wpt lat="53.628315153846316" lon="10.946646854750105">
</wpt>
<wpt lat="53.628315153846316" lon="10.961811942376224">
</wpt>
<wpt lat="53.628315153846316" lon="10.976977030002343">
</wpt>
<wpt lat="53.628315153846316" lon="10.992142117628463">
</wpt>
<wpt lat="53.628315153846316" lon="11.007307205254582">
</wpt>
<wpt lat="53.628315153846316" lon="11.022472292880702">
</wpt>
<wpt lat="53.628315153846316" lon="11.037637380506821">
</wpt>
<wpt lat="53.628315153846316" lon="11.05280246813294">
</wpt>
<wpt lat="53.628315153846316" lon="11.826221937065027">
</wpt>
<wpt lat="53.628315153846316" lon="11.841387024691146">
</wpt>
<wpt lat="53.628315153846316" lon="11.962707725700101">
</wpt>
<wpt lat="53.628315153846316" lon="11.97787281332622">
</wpt>
<wpt lat="53.628315153846316" lon="11.99303790095234">
</wpt>
<wpt lat="53.628315153846316" lon="12.114358601961294">
</wpt>
<wpt lat="53.628315153846316" lon="12.129523689587414">
</wpt>
<wpt lat="53.628315153846316" lon="12.144688777213533">
</wpt>
<wpt lat="53.628315153846316" lon="12.159853864839652">
</wpt>
<wpt lat="53.628315153846316" lon="12.296339653474726">
</wpt>
<wpt lat="53.628315153846316" lon="12.311504741100846">
</wpt>
<wpt lat="53.628315153846316" lon="12.842282808015023">
</wpt>
<wpt lat="53.628315153846316" lon="13.433721225433677">
</wpt>
<wpt lat="53.628315153846316" lon="13.630867364573229">
</wpt>
<wpt lat="53.628315153846316" lon="13.646032452199348">
</wpt>
<wpt lat="53.628315153846316" lon="13.661197539825467">
</wpt>
<wpt lat="53.628315153846316" lon="13.676362627451587">
</wpt>
<wpt lat="53.628315153846316" lon="13.691527715077706">
</wpt>
<wpt lat="53.628315153846316" lon="13.706692802703826">
</wpt>
<wpt lat="53.628315153846316" lon="13.721857890329945">
</wpt>
<wpt lat="53.628315153846316" lon="13.737022977956064">
</wpt>
<wpt lat="53.628315153846316" lon="13.752188065582184">
</wpt>
<wpt lat="53.628315153846316" lon="13.767353153208303">
</wpt>
<wpt lat="53.628315153846316" lon="13.782518240834422">
</wpt>
<wpt lat="53.628315153846316" lon="14.131315256235167">
</wpt>
<wpt lat="53.628315153846316" lon="14.146480343861286">
</wpt>
<wpt lat="53.628315153846316" lon="14.161645431487406">
</wpt>
<wpt lat="53.628315153846316" lon="14.176810519113525">
</wpt>
<wpt lat="53.628315153846316" lon="14.191975606739645">
</wpt>
<wpt lat="53.628315153846316" lon="14.207140694365764">
</wpt>
<wpt lat="53.628315153846316" lon="14.222305781991883">
</wpt>
<wpt lat="53.637308369905504" lon="8.88483826892112">
</wpt>
<wpt lat="53.637308369905504" lon="8.90000658936796">
</wpt>
<wpt lat="53.637308369905504" lon="9.157868036964237">
</wpt>
<wpt lat="53.637308369905504" lon="10.932561529244493">
</wpt>
<wpt lat="53.637308369905504" lon="10.947729849691333">
</wpt>
<wpt lat="53.637308369905504" lon="10.962898170138173">
</wpt>
<wpt lat="53.637308369905504" lon="10.978066490585013">
</wpt>
<wpt lat="53.637308369905504" lon="10.993234811031853">
</wpt>
<wpt lat="53.637308369905504" lon="11.008403131478692">
</wpt>
<wpt lat="53.637308369905504" lon="11.023571451925532">
</wpt>
<wpt lat="53.637308369905504" lon="11.827492435608042">
</wpt>
<wpt lat="53.637308369905504" lon="11.842660756054881">
</wpt>
<wpt lat="53.637308369905504" lon="11.857829076501721">
</wpt>
<wpt lat="53.637308369905504" lon="11.994343960523279">
</wpt>
<wpt lat="53.637308369905504" lon="12.115690524097998">
</wpt>
<wpt lat="53.637308369905504" lon="12.130858844544838">
</wpt>
<wpt lat="53.637308369905504" lon="12.146027164991677">
</wpt>
<wpt lat="53.637308369905504" lon="12.161195485438517">
</wpt>
<wpt lat="53.637308369905504" lon="12.312878689906915">
</wpt>
<wpt lat="53.637308369905504" lon="12.843769905546308">
</wpt>
<wpt lat="53.637308369905504" lon="13.43533440297306">
</wpt>
<wpt lat="53.637308369905504" lon="13.693195850569337">
</wpt>
<wpt lat="53.637308369905504" lon="13.708364171016177">
</wpt>
<wpt lat="53.637308369905504" lon="13.723532491463017">
</wpt>
<wpt lat="53.637308369905504" lon="13.738700811909856">
</wpt>
<wpt lat="53.637308369905504" lon="13.753869132356696">
</wpt>
<wpt lat="53.637308369905504" lon="13.769037452803536">
</wpt>
<wpt lat="53.637308369905504" lon="13.784205773250376">
</wpt>
<wpt lat="53.637308369905504" lon="14.148245463974531">
</wpt>
<wpt lat="53.637308369905504" lon="14.163413784421371">
</wpt>
<wpt lat="53.637308369905504" lon="14.20891874576189">
</wpt>
<wpt lat="53.637308369905504" lon="14.22408706620873">
</wpt>
<wpt lat="53.646301585964693" lon="8.870310393965445">
</wpt>
<wpt lat="53.646301585964693" lon="8.885481948985472">
</wpt>
<wpt lat="53.646301585964693" lon="8.900653504005499">
</wpt>
<wpt lat="53.646301585964693" lon="9.158569939345956">
</wpt>
<wpt lat="53.646301585964693" lon="10.918470321669073">
</wpt>
<wpt lat="53.646301585964693" lon="10.9336418766891">
</wpt>
<wpt lat="53.646301585964693" lon="10.948813431709127">
</wpt>
<wpt lat="53.646301585964693" lon="10.963984986729153">
</wpt>
<wpt lat="53.646301585964693" lon="10.97915654174918">
</wpt>
<wpt lat="53.646301585964693" lon="10.994328096769207">
</wpt>
<wpt lat="53.646301585964693" lon="11.009499651789234">
</wpt>
<wpt lat="53.646301585964693" lon="11.024671206809261">
</wpt>
<wpt lat="53.646301585964693" lon="11.843935177890712">
</wpt>
<wpt lat="53.646301585964693" lon="11.934964508010873">
</wpt>
<wpt lat="53.646301585964693" lon="12.010822283111008">
</wpt>
<wpt lat="53.646301585964693" lon="12.132194723271223">
</wpt>
<wpt lat="53.646301585964693" lon="12.147366278291249">
</wpt>
<wpt lat="53.646301585964693" lon="12.420454268651733">
</wpt>
<wpt lat="53.646301585964693" lon="12.43562582367176">
</wpt>
<wpt lat="53.646301585964693" lon="12.450797378691787">
</wpt>
<wpt lat="53.646301585964693" lon="12.465968933711814">
</wpt>
<wpt lat="53.646301585964693" lon="12.632856038932109">
</wpt>
<wpt lat="53.646301585964693" lon="12.845257809212486">
</wpt>
<wpt lat="53.646301585964693" lon="13.436948454993534">
</wpt>
<wpt lat="53.646301585964693" lon="13.740379555394071">
</wpt>
<wpt lat="53.646301585964693" lon="13.755551110414098">
</wpt>
<wpt lat="53.646301585964693" lon="13.770722665434125">
</wpt>
<wpt lat="53.646301585964693" lon="13.785894220454152">
</wpt>
<wpt lat="53.646301585964693" lon="14.225869316034931">
</wpt>
<wpt lat="53.646301585964693" lon="14.241040871054958">
</wpt>
<wpt lat="53.655294802023882" lon="8.870951186698568">
</wpt>
<wpt lat="53.655294802023882" lon="8.886125978045531">
</wpt>
<wpt lat="53.655294802023882" lon="9.159272222290866">
</wpt>
<wpt lat="53.655294802023882" lon="9.174447013637829">
</wpt>
<wpt lat="53.655294802023882" lon="10.934722809885548">
</wpt>
<wpt lat="53.655294802023882" lon="10.949897601232511">
</wpt>
<wpt lat="53.655294802023882" lon="10.965072392579474">
</wpt>
<wpt lat="53.655294802023882" lon="10.980247183926437">
</wpt>
<wpt lat="53.655294802023882" lon="10.9954219752734">
</wpt>
<wpt lat="53.655294802023882" lon="11.010596766620363">
</wpt>
<wpt lat="53.655294802023882" lon="11.799685916662444">
</wpt>
<wpt lat="53.655294802023882" lon="11.845210290703333">
</wpt>
<wpt lat="53.655294802023882" lon="12.012132995519927">
</wpt>
<wpt lat="53.655294802023882" lon="12.148706117642595">
</wpt>
<wpt lat="53.655294802023882" lon="12.619124649398451">
</wpt>
<wpt lat="53.655294802023882" lon="12.634299440745414">
</wpt>
<wpt lat="53.655294802023882" lon="12.649474232092377">
</wpt>
<wpt lat="53.655294802023882" lon="12.66464902343934">
</wpt>
<wpt lat="53.655294802023882" lon="12.694998606133266">
</wpt>
<wpt lat="53.655294802023882" lon="12.846746519602897">
</wpt>
<wpt lat="53.655294802023882" lon="13.423388590787495">
</wpt>
<wpt lat="53.655294802023882" lon="13.438563382134458">
</wpt>
<wpt lat="53.655294802023882" lon="13.453738173481421">
</wpt>
<wpt lat="53.655294802023882" lon="13.742059209073719">
</wpt>
<wpt lat="53.655294802023882" lon="13.757234000420683">
</wpt>
<wpt lat="53.655294802023882" lon="13.772408791767646">
</wpt>
<wpt lat="53.655294802023882" lon="13.787583583114609">
</wpt>
<wpt lat="53.655294802023882" lon="13.802758374461572">
</wpt>
<wpt lat="53.655294802023882" lon="14.242827323523501">
</wpt>
<wpt lat="53.655294802023882" lon="14.258002114870465">
</wpt>
<wpt lat="53.655294802023882" lon="14.273176906217428">
</wpt>
<wpt lat="53.655294802023882" lon="14.288351697564391">
</wpt>
<wpt lat="53.66428801808307" lon="6.883270471738138">
</wpt>
<wpt lat="53.66428801808307" lon="8.871592326927631">
</wpt>
<wpt lat="53.66428801808307" lon="8.886770356356559">
</wpt>
<wpt lat="53.66428801808307" lon="8.901948385785486">
</wpt>
<wpt lat="53.66428801808307" lon="9.023372621216906">
</wpt>
<wpt lat="53.66428801808307" lon="9.038550650645833">
</wpt>
<wpt lat="53.66428801808307" lon="9.053728680074761">
</wpt>
<wpt lat="53.66428801808307" lon="10.950982358690689">
</wpt>
<wpt lat="53.66428801808307" lon="10.966160388119617">
</wpt>
<wpt lat="53.66428801808307" lon="10.981338417548544">
</wpt>
<wpt lat="53.66428801808307" lon="10.996516446977472">
</wpt>
<wpt lat="53.66428801808307" lon="11.011694476406399">
</wpt>
<wpt lat="53.66428801808307" lon="11.740239888994916">
</wpt>
<wpt lat="53.66428801808307" lon="11.785773977281698">
</wpt>
<wpt lat="53.66428801808307" lon="11.800952006710625">
</wpt>
<wpt lat="53.66428801808307" lon="11.846486094997408">
</wpt>
<wpt lat="53.66428801808307" lon="12.165224713004884">
</wpt>
<wpt lat="53.66428801808307" lon="12.514319389870215">
</wpt>
<wpt lat="53.66428801808307" lon="12.529497419299142">
</wpt>
<wpt lat="53.66428801808307" lon="12.54467544872807">
</wpt>
<wpt lat="53.66428801808307" lon="12.590209537014852">
</wpt>
<wpt lat="53.66428801808307" lon="12.605387566443779">
</wpt>
<wpt lat="53.66428801808307" lon="12.620565595872707">
</wpt>
<wpt lat="53.66428801808307" lon="12.635743625301634">
</wpt>
<wpt lat="53.66428801808307" lon="12.650921654730562">
</wpt>
<wpt lat="53.66428801808307" lon="12.666099684159489">
</wpt>
<wpt lat="53.66428801808307" lon="12.681277713588416">
</wpt>
<wpt lat="53.66428801808307" lon="12.696455743017344">
</wpt>
<wpt lat="53.66428801808307" lon="12.711633772446271">
</wpt>
<wpt lat="53.66428801808307" lon="12.833058007877691">
</wpt>
<wpt lat="53.66428801808307" lon="13.045550419882675">
</wpt>
<wpt lat="53.66428801808307" lon="13.060728449311602">
</wpt>
<wpt lat="53.66428801808307" lon="13.07590647874053">
</wpt>
<wpt lat="53.66428801808307" lon="13.091084508169457">
</wpt>
<wpt lat="53.66428801808307" lon="13.106262537598385">
</wpt>
<wpt lat="53.66428801808307" lon="13.425001155605861">
</wpt>
<wpt lat="53.66428801808307" lon="13.713383714755482">
</wpt>
<wpt lat="53.66428801808307" lon="13.728561744184409">
</wpt>
<wpt lat="53.66428801808307" lon="13.743739773613337">
</wpt>
<wpt lat="53.66428801808307" lon="13.758917803042264">
</wpt>
<wpt lat="53.66428801808307" lon="13.774095832471192">
</wpt>
<wpt lat="53.66428801808307" lon="13.789273861900119">
</wpt>
<wpt lat="53.66428801808307" lon="13.804451891329046">
</wpt>
<wpt lat="53.66428801808307" lon="14.244614744767942">
</wpt>
<wpt lat="53.66428801808307" lon="14.259792774196869">
</wpt>
<wpt lat="53.66428801808307" lon="14.274970803625797">
</wpt>
<wpt lat="53.66428801808307" lon="14.290148833054724">
</wpt>
<wpt lat="53.673281234142259" lon="8.857052545639577">
</wpt>
<wpt lat="53.673281234142259" lon="8.872233814906783">
</wpt>
<wpt lat="53.673281234142259" lon="8.887415084173989">
</wpt>
<wpt lat="53.673281234142259" lon="9.008865238311637">
</wpt>
<wpt lat="53.673281234142259" lon="9.024046507578843">
</wpt>
<wpt lat="53.673281234142259" lon="9.039227776846049">
</wpt>
<wpt lat="53.673281234142259" lon="9.054409046113255">
</wpt>
<wpt lat="53.673281234142259" lon="9.069590315380461">
</wpt>
<wpt lat="53.673281234142259" lon="10.952067704514002">
</wpt>
<wpt lat="53.673281234142259" lon="10.967248973781208">
</wpt>
<wpt lat="53.673281234142259" lon="10.982430243048414">
</wpt>
<wpt lat="53.673281234142259" lon="10.99761151231562">
</wpt>
<wpt lat="53.673281234142259" lon="11.012792781582826">
</wpt>
<wpt lat="53.673281234142259" lon="11.027974050850032">
</wpt>
<wpt lat="53.673281234142259" lon="11.665587360072683">
</wpt>
<wpt lat="53.673281234142259" lon="11.680768629339889">
</wpt>
<wpt lat="53.673281234142259" lon="11.726312437141507">
</wpt>
<wpt lat="53.673281234142259" lon="11.741493706408713">
</wpt>
<wpt lat="53.673281234142259" lon="11.756674975675919">
</wpt>
<wpt lat="53.673281234142259" lon="11.771856244943125">
</wpt>
<wpt lat="53.673281234142259" lon="11.787037514210331">
</wpt>
<wpt lat="53.673281234142259" lon="11.802218783477537">
</wpt>
<wpt lat="53.673281234142259" lon="12.16656924589048">
</wpt>
<wpt lat="53.673281234142259" lon="12.500557169769012">
</wpt>
<wpt lat="53.673281234142259" lon="12.515738439036218">
</wpt>
<wpt lat="53.673281234142259" lon="12.530919708303424">
</wpt>
<wpt lat="53.673281234142259" lon="12.54610097757063">
</wpt>
<wpt lat="53.673281234142259" lon="12.561282246837836">
</wpt>
<wpt lat="53.673281234142259" lon="12.576463516105042">
</wpt>
<wpt lat="53.673281234142259" lon="12.591644785372248">
</wpt>
<wpt lat="53.673281234142259" lon="12.606826054639454">
</wpt>
<wpt lat="53.673281234142259" lon="12.62200732390666">
</wpt>
<wpt lat="53.673281234142259" lon="12.637188593173866">
</wpt>
<wpt lat="53.673281234142259" lon="12.652369862441072">
</wpt>
<wpt lat="53.673281234142259" lon="12.667551131708278">
</wpt>
<wpt lat="53.673281234142259" lon="12.682732400975484">
</wpt>
<wpt lat="53.673281234142259" lon="12.69791367024269">
</wpt>
<wpt lat="53.673281234142259" lon="12.713094939509896">
</wpt>
<wpt lat="53.673281234142259" lon="12.819363824380337">
</wpt>
<wpt lat="53.673281234142259" lon="12.834545093647543">
</wpt>
<wpt lat="53.673281234142259" lon="13.335526979465341">
</wpt>
<wpt lat="53.673281234142259" lon="13.396252056534165">
</wpt>
<wpt lat="53.673281234142259" lon="13.41143332580137">
</wpt>
<wpt lat="53.673281234142259" lon="13.71505871114549">
</wpt>
<wpt lat="53.673281234142259" lon="13.730239980412696">
</wpt>
<wpt lat="53.673281234142259" lon="13.745421249679902">
</wpt>
<wpt lat="53.673281234142259" lon="13.760602518947108">
</wpt>
<wpt lat="53.673281234142259" lon="13.775783788214314">
</wpt>
<wpt lat="53.673281234142259" lon="14.261584404764905">
</wpt>
<wpt lat="53.673281234142259" lon="14.276765674032111">
</wpt>
<wpt lat="53.682274450201447" lon="7.050734347320338">
</wpt>
<wpt lat="53.682274450201447" lon="7.065918858183419">
</wpt>
<wpt lat="53.682274450201447" lon="8.842506629163926">
</wpt>
<wpt lat="53.682274450201447" lon="8.857691140027008">
</wpt>
<wpt lat="53.682274450201447" lon="8.872875650890089">
</wpt>
<wpt lat="53.682274450201447" lon="8.88806016175317">
</wpt>
<wpt lat="53.682274450201447" lon="9.00953624865782">
</wpt>
<wpt lat="53.682274450201447" lon="9.024720759520902">
</wpt>
<wpt lat="53.682274450201447" lon="9.039905270383983">
</wpt>
<wpt lat="53.682274450201447" lon="9.055089781247064">
</wpt>
<wpt lat="53.682274450201447" lon="9.070274292110145">
</wpt>
<wpt lat="53.682274450201447" lon="9.085458802973227">
</wpt>
<wpt lat="53.682274450201447" lon="10.953153639132221">
</wpt>
<wpt lat="53.682274450201447" lon="11.029076193447628">
</wpt>
<wpt lat="53.682274450201447" lon="11.044260704310709">
</wpt>
<wpt lat="53.682274450201447" lon="11.05944521517379">
</wpt>
<wpt lat="53.682274450201447" lon="11.651641138833959">
</wpt>
<wpt lat="53.682274450201447" lon="11.66682564969704">
</wpt>
<wpt lat="53.682274450201447" lon="11.682010160560122">
</wpt>
<wpt lat="53.682274450201447" lon="11.697194671423203">
</wpt>
<wpt lat="53.682274450201447" lon="11.712379182286284">
</wpt>
<wpt lat="53.682274450201447" lon="11.727563693149365">
</wpt>
<wpt lat="53.682274450201447" lon="11.742748204012447">
</wpt>
<wpt lat="53.682274450201447" lon="11.757932714875528">
</wpt>
<wpt lat="53.682274450201447" lon="11.773117225738609">
</wpt>
<wpt lat="53.682274450201447" lon="11.78830173660169">
</wpt>
<wpt lat="53.682274450201447" lon="12.167914508178722">
</wpt>
<wpt lat="53.682274450201447" lon="12.183099019041803">
</wpt>
<wpt lat="53.682274450201447" lon="12.198283529904884">
</wpt>
<wpt lat="53.682274450201447" lon="12.486789236303428">
</wpt>
<wpt lat="53.682274450201447" lon="12.50197374716651">
</wpt>
<wpt lat="53.682274450201447" lon="12.517158258029591">
</wpt>
<wpt lat="53.682274450201447" lon="12.532342768892672">
</wpt>
<wpt lat="53.682274450201447" lon="12.547527279755753">
</wpt>
<wpt lat="53.682274450201447" lon="12.562711790618835">
</wpt>
<wpt lat="53.682274450201447" lon="12.638634344934241">
</wpt>
<wpt lat="53.682274450201447" lon="12.790479453565053">
</wpt>
<wpt lat="53.682274450201447" lon="12.805663964428135">
</wpt>
<wpt lat="53.682274450201447" lon="12.820848475291216">
</wpt>
<wpt lat="53.682274450201447" lon="12.836032986154297">
</wpt>
<wpt lat="53.682274450201447" lon="12.851217497017378">
</wpt>
<wpt lat="53.682274450201447" lon="12.927140051332785">
</wpt>
<wpt lat="53.682274450201447" lon="13.35230635549906">
</wpt>
<wpt lat="53.682274450201447" lon="13.367490866362141">
</wpt>
<wpt lat="53.682274450201447" lon="13.382675377225222">
</wpt>
<wpt lat="53.682274450201447" lon="13.397859888088304">
</wpt>
<wpt lat="53.682274450201447" lon="13.71673461621301">
</wpt>
<wpt lat="53.682274450201447" lon="13.731919127076091">
</wpt>
<wpt lat="53.682274450201447" lon="13.747103637939173">
</wpt>
<wpt lat="53.682274450201447" lon="13.762288148802254">
</wpt>
<wpt lat="53.691267666260636" lon="7.536995463962525">
</wpt>
<wpt lat="53.691267666260636" lon="8.81276681826118">
</wpt>
<wpt lat="53.691267666260636" lon="8.827954572479021">
</wpt>
<wpt lat="53.691267666260636" lon="8.843142326696862">
</wpt>
<wpt lat="53.691267666260636" lon="8.858330080914703">
</wpt>
<wpt lat="53.691267666260636" lon="8.873517835132544">
</wpt>
<wpt lat="53.691267666260636" lon="8.888705589350385">
</wpt>
<wpt lat="53.691267666260636" lon="8.903893343568226">
</wpt>
<wpt lat="53.691267666260636" lon="8.995019868875273">
</wpt>
<wpt lat="53.691267666260636" lon="9.010207623093114">
</wpt>
<wpt lat="53.691267666260636" lon="9.025395377310955">
</wpt>
<wpt lat="53.691267666260636" lon="9.040583131528797">
</wpt>
<wpt lat="53.691267666260636" lon="9.055770885746638">
</wpt>
<wpt lat="53.691267666260636" lon="11.030178934065985">
</wpt>
<wpt lat="53.691267666260636" lon="11.045366688283826">
</wpt>
<wpt lat="53.691267666260636" lon="11.060554442501667">
</wpt>
<wpt lat="53.691267666260636" lon="11.63768910277963">
</wpt>
<wpt lat="53.691267666260636" lon="11.652876856997471">
</wpt>
<wpt lat="53.691267666260636" lon="11.668064611215312">
</wpt>
<wpt lat="53.691267666260636" lon="11.683252365433153">
</wpt>
<wpt lat="53.691267666260636" lon="11.698440119650995">
</wpt>
<wpt lat="53.691267666260636" lon="11.713627873868836">
</wpt>
<wpt lat="53.691267666260636" lon="11.728815628086677">
</wpt>
<wpt lat="53.691267666260636" lon="11.744003382304518">
</wpt>
<wpt lat="53.691267666260636" lon="11.759191136522359">
</wpt>
<wpt lat="53.691267666260636" lon="11.7743788907402">
</wpt>
<wpt lat="53.691267666260636" lon="11.789566644958041">
</wpt>
<wpt lat="53.691267666260636" lon="12.488203338978733">
</wpt>
<wpt lat="53.691267666260636" lon="12.503391093196575">
</wpt>
<wpt lat="53.691267666260636" lon="12.518578847414416">
</wpt>
<wpt lat="53.691267666260636" lon="12.533766601632257">
</wpt>
<wpt lat="53.691267666260636" lon="12.548954355850098">
</wpt>
<wpt lat="53.691267666260636" lon="12.791958423335556">
</wpt>
<wpt lat="53.691267666260636" lon="12.807146177553397">
</wpt>
<wpt lat="53.691267666260636" lon="13.38428083783136">
</wpt>
<wpt lat="53.691267666260636" lon="13.399468592049201">
</wpt>
<wpt lat="53.691267666260636" lon="13.703223676406024">
</wpt>
<wpt lat="53.691267666260636" lon="13.718411430623865">
</wpt>
<wpt lat="53.691267666260636" lon="13.733599184841706">
</wpt>
<wpt lat="53.691267666260636" lon="13.748786939059547">
</wpt>
<wpt lat="53.691267666260636" lon="13.763974693277389">
</wpt>
<wpt lat="53.700260882319824" lon="8.828587369890478">
</wpt>
<wpt lat="53.700260882319824" lon="8.84377836922325">
</wpt>
<wpt lat="53.700260882319824" lon="8.858969368556021">
</wpt>
<wpt lat="53.700260882319824" lon="8.874160367888793">
</wpt>
<wpt lat="53.700260882319824" lon="8.889351367221565">
</wpt>
<wpt lat="53.700260882319824" lon="8.904542366554336">
</wpt>
<wpt lat="53.700260882319824" lon="8.995688362550966">
</wpt>
<wpt lat="53.700260882319824" lon="9.010879361883738">
</wpt>
<wpt lat="53.700260882319824" lon="10.940136277145742">
</wpt>
<wpt lat="53.700260882319824" lon="11.031282273142372">
</wpt>
<wpt lat="53.700260882319824" lon="11.046473272475144">
</wpt>
<wpt lat="53.700260882319824" lon="11.061664271807915">
</wpt>
<wpt lat="53.700260882319824" lon="11.213574265135632">
</wpt>
<wpt lat="53.700260882319824" lon="11.228765264468404">
</wpt>
<wpt lat="53.700260882319824" lon="11.623731247120467">
</wpt>
<wpt lat="53.700260882319824" lon="11.638922246453239">
</wpt>
<wpt lat="53.700260882319824" lon="11.654113245786011">
</wpt>
<wpt lat="53.700260882319824" lon="11.669304245118783">
</wpt>
<wpt lat="53.700260882319824" lon="11.699686243784326">
</wpt>
<wpt lat="53.700260882319824" lon="11.760450241115413">
</wpt>
<wpt lat="53.700260882319824" lon="11.775641240448184">
</wpt>
<wpt lat="53.700260882319824" lon="12.489618209088453">
</wpt>
<wpt lat="53.700260882319824" lon="12.504809208421225">
</wpt>
<wpt lat="53.700260882319824" lon="12.520000207753997">
</wpt>
<wpt lat="53.700260882319824" lon="12.535191207086768">
</wpt>
<wpt lat="53.700260882319824" lon="12.55038220641954">
</wpt>
<wpt lat="53.700260882319824" lon="13.401078169054754">
</wpt>
<wpt lat="53.700260882319824" lon="13.674516157044645">
</wpt>
<wpt lat="53.700260882319824" lon="13.689707156377416">
</wpt>
<wpt lat="53.700260882319824" lon="13.704898155710188">
</wpt>
<wpt lat="53.700260882319824" lon="13.72008915504296">
</wpt>
<wpt lat="53.700260882319824" lon="13.735280154375731">
</wpt>
<wpt lat="53.700260882319824" lon="13.750471153708503">
</wpt>
<wpt lat="53.700260882319824" lon="13.765662153041275">
</wpt>
<wpt lat="53.709254098379013" lon="8.844414756995734">
</wpt>
<wpt lat="53.709254098379013" lon="8.859609003204897">
</wpt>
<wpt lat="53.709254098379013" lon="8.874803249414059">
</wpt>
<wpt lat="53.709254098379013" lon="8.889997495623222">
</wpt>
<wpt lat="53.709254098379013" lon="8.905191741832384">
</wpt>
<wpt lat="53.709254098379013" lon="8.920385988041547">
</wpt>
<wpt lat="53.709254098379013" lon="8.965968726669034">
</wpt>
<wpt lat="53.709254098379013" lon="8.981162972878197">
</wpt>
<wpt lat="53.709254098379013" lon="9.224270912224798">
</wpt>
<wpt lat="53.709254098379013" lon="10.956414980069328">
</wpt>
<wpt lat="53.709254098379013" lon="11.03238621111514">
</wpt>
<wpt lat="53.709254098379013" lon="11.047580457324303">
</wpt>
<wpt lat="53.709254098379013" lon="11.062774703533465">
</wpt>
<wpt lat="53.709254098379013" lon="11.214717165625091">
</wpt>
<wpt lat="53.709254098379013" lon="11.229911411834253">
</wpt>
<wpt lat="53.709254098379013" lon="11.776904275364105">
</wpt>
<wpt lat="53.709254098379013" lon="11.883263998828243">
</wpt>
<wpt lat="53.709254098379013" lon="11.898458245037405">
</wpt>
<wpt lat="53.709254098379013" lon="12.506228093403907">
</wpt>
<wpt lat="53.709254098379013" lon="12.567005078240557">
</wpt>
<wpt lat="53.709254098379013" lon="13.691379297718585">
</wpt>
<wpt lat="53.709254098379013" lon="13.706573543927748">
</wpt>
<wpt lat="53.709254098379013" lon="13.72176779013691">
</wpt>
<wpt lat="53.709254098379013" lon="13.736962036346073">
</wpt>
<wpt lat="53.709254098379013" lon="13.752156282555235">
</wpt>
<wpt lat="53.709254098379013" lon="13.767350528764398">
</wpt>
<wpt lat="53.718247314438202" lon="8.845051490267108">
</wpt>
<wpt lat="53.718247314438202" lon="8.86024898511541">
</wpt>
<wpt lat="53.718247314438202" lon="8.875446479963712">
</wpt>
<wpt lat="53.718247314438202" lon="9.027421428446727">
</wpt>
<wpt lat="53.718247314438202" lon="9.042618923295029">
</wpt>
<wpt lat="53.718247314438202" lon="9.452951284199171">
</wpt>
<wpt lat="53.718247314438202" lon="9.468148779047473">
</wpt>
<wpt lat="53.718247314438202" lon="9.483346273895775">
</wpt>
<wpt lat="53.718247314438202" lon="9.498543768744076">
</wpt>
<wpt lat="53.718247314438202" lon="10.957503274181027">
</wpt>
<wpt lat="53.718247314438202" lon="10.972700769029329">
</wpt>
<wpt lat="53.718247314438202" lon="10.98789826387763">
</wpt>
<wpt lat="53.718247314438202" lon="11.003095758725932">
</wpt>
<wpt lat="53.718247314438202" lon="11.018293253574234">
</wpt>
<wpt lat="53.718247314438202" lon="11.033490748422535">
</wpt>
<wpt lat="53.718247314438202" lon="11.048688243270837">
</wpt>
<wpt lat="53.718247314438202" lon="11.063885738119138">
</wpt>
<wpt lat="53.718247314438202" lon="11.07908323296744">
</wpt>
<wpt lat="53.718247314438202" lon="11.215860686602154">
</wpt>
<wpt lat="53.718247314438202" lon="11.231058181450456">
</wpt>
<wpt lat="53.718247314438202" lon="11.246255676298757">
</wpt>
<wpt lat="53.718247314438202" lon="11.261453171147059">
</wpt>
<wpt lat="53.718247314438202" lon="11.27665066599536">
</wpt>
<wpt lat="53.718247314438202" lon="13.100350047791549">
</wpt>
<wpt lat="53.718247314438202" lon="13.708249841723612">
</wpt>
<wpt lat="53.718247314438202" lon="13.723447336571914">
</wpt>
<wpt lat="53.718247314438202" lon="13.738644831420215">
</wpt>
<wpt lat="53.718247314438202" lon="13.753842326268517">
</wpt>
<wpt lat="53.718247314438202" lon="13.769039821116818">
</wpt>
<wpt lat="53.72724053049739" lon="7.416818515650979">
</wpt>
<wpt lat="53.72724053049739" lon="8.860889314541597">
</wpt>
<wpt lat="53.72724053049739" lon="9.012896767056398">
</wpt>
<wpt lat="53.72724053049739" lon="9.028097512307879">
</wpt>
<wpt lat="53.72724053049739" lon="9.13450272906824">
</wpt>
<wpt lat="53.72724053049739" lon="9.14970347431972">
</wpt>
<wpt lat="53.72724053049739" lon="9.1649042195712">
</wpt>
<wpt lat="53.72724053049739" lon="9.18010496482268">
</wpt>
<wpt lat="53.72724053049739" lon="9.195305710074161">
</wpt>
<wpt lat="53.72724053049739" lon="9.453718379349324">
</wpt>
<wpt lat="53.72724053049739" lon="9.468919124600804">
</wpt>
<wpt lat="53.72724053049739" lon="9.484119869852284">
</wpt>
<wpt lat="53.72724053049739" lon="9.514521360355245">
</wpt>
<wpt lat="53.72724053049739" lon="10.958592159245862">
</wpt>
<wpt lat="53.72724053049739" lon="10.973792904497342">
</wpt>
<wpt lat="53.72724053049739" lon="10.988993649748823">
</wpt>
<wpt lat="53.72724053049739" lon="11.004194395000303">
</wpt>
<wpt lat="53.72724053049739" lon="11.019395140251783">
</wpt>
<wpt lat="53.72724053049739" lon="11.034595885503263">
</wpt>
<wpt lat="53.72724053049739" lon="11.049796630754743">
</wpt>
<wpt lat="53.72724053049739" lon="11.064997376006223">
</wpt>
<wpt lat="53.72724053049739" lon="11.217004828521025">
</wpt>
<wpt lat="53.72724053049739" lon="11.232205573772506">
</wpt>
<wpt lat="53.72724053049739" lon="11.247406319023986">
</wpt>
<wpt lat="53.72724053049739" lon="11.262607064275466">
</wpt>
<wpt lat="53.72724053049739" lon="11.277807809526946">
</wpt>
<wpt lat="53.72724053049739" lon="11.657826440813951">
</wpt>
<wpt lat="53.72724053049739" lon="12.995492022944207">
</wpt>
<wpt lat="53.72724053049739" lon="13.010692768195687">
</wpt>
<wpt lat="53.72724053049739" lon="13.086696494453088">
</wpt>
<wpt lat="53.72724053049739" lon="13.709927049763776">
</wpt>
<wpt lat="53.72724053049739" lon="13.725127795015256">
</wpt>
<wpt lat="53.72724053049739" lon="13.740328540266736">
</wpt>
<wpt lat="53.72724053049739" lon="13.755529285518216">
</wpt>
<wpt lat="53.72724053049739" lon="13.983540464290419">
</wpt>
<wpt lat="53.736233746556579" lon="9.02877396335837">
</wpt>
<wpt lat="53.736233746556579" lon="9.180813937558286">
</wpt>
<wpt lat="53.736233746556579" lon="9.196017934978277">
</wpt>
<wpt lat="53.736233746556579" lon="9.211221932398269">
</wpt>
<wpt lat="53.736233746556579" lon="9.287241919498227">
</wpt>
<wpt lat="53.736233746556579" lon="9.439281893698142">
</wpt>
<wpt lat="53.736233746556579" lon="9.454485891118134">
</wpt>
<wpt lat="53.736233746556579" lon="9.469689888538126">
</wpt>
<wpt lat="53.736233746556579" lon="10.990089630537282">
</wpt>
<wpt lat="53.736233746556579" lon="11.005293627957274">
</wpt>
<wpt lat="53.736233746556579" lon="11.020497625377265">
</wpt>
<wpt lat="53.736233746556579" lon="11.035701622797257">
</wpt>
<wpt lat="53.736233746556579" lon="11.491821545397004">
</wpt>
<wpt lat="53.736233746556579" lon="11.628657522176928">
</wpt>
<wpt lat="53.736233746556579" lon="11.64386151959692">
</wpt>
<wpt lat="53.736233746556579" lon="11.659065517016911">
</wpt>
<wpt lat="53.736233746556579" lon="11.674269514436903">
</wpt>
<wpt lat="53.736233746556579" lon="11.963145465416742">
</wpt>
<wpt lat="53.736233746556579" lon="12.480081377696456">
</wpt>
<wpt lat="53.736233746556579" lon="12.997017289976169">
</wpt>
<wpt lat="53.736233746556579" lon="13.01222128739616">
</wpt>
<wpt lat="53.736233746556579" lon="13.088241274496118">
</wpt>
<wpt lat="53.736233746556579" lon="13.10344527191611">
</wpt>
<wpt lat="53.736233746556579" lon="13.711605168715773">
</wpt>
<wpt lat="53.736233746556579" lon="13.726809166135764">
</wpt>
<wpt lat="53.736233746556579" lon="13.742013163555756">
</wpt>
<wpt lat="53.736233746556579" lon="13.894053137755671">
</wpt>
<wpt lat="53.736233746556579" lon="13.909257135175663">
</wpt>
<wpt lat="53.736233746556579" lon="13.924461132595654">
</wpt>
<wpt lat="53.736233746556579" lon="13.939665130015646">
</wpt>
<wpt lat="53.736233746556579" lon="13.954869127435638">
</wpt>
<wpt lat="53.736233746556579" lon="13.970073124855629">
</wpt>
<wpt lat="53.736233746556579" lon="13.985277122275621">
</wpt>
<wpt lat="53.745226962615767" lon="7.539140149064277">
</wpt>
<wpt lat="53.745226962615767" lon="7.554347400419407">
</wpt>
<wpt lat="53.745226962615767" lon="7.569554651774537">
</wpt>
<wpt lat="53.745226962615767" lon="7.584761903129666">
</wpt>
<wpt lat="53.745226962615767" lon="7.599969154484796">
</wpt>
<wpt lat="53.745226962615767" lon="9.196730546773495">
</wpt>
<wpt lat="53.745226962615767" lon="9.211937798128625">
</wpt>
<wpt lat="53.745226962615767" lon="9.227145049483756">
</wpt>
<wpt lat="53.745226962615767" lon="9.364010311679932">
</wpt>
<wpt lat="53.745226962615767" lon="9.409632065745324">
</wpt>
<wpt lat="53.745226962615767" lon="9.424839317100455">
</wpt>
<wpt lat="53.745226962615767" lon="9.440046568455585">
</wpt>
<wpt lat="53.745226962615767" lon="9.455253819810716">
</wpt>
<wpt lat="53.745226962615767" lon="11.006393458034045">
</wpt>
<wpt lat="53.745226962615767" lon="11.629890763594403">
</wpt>
<wpt lat="53.745226962615767" lon="11.660305266304665">
</wpt>
<wpt lat="53.745226962615767" lon="11.675512517659795">
</wpt>
<wpt lat="53.745226962615767" lon="11.78196327714571">
</wpt>
<wpt lat="53.745226962615767" lon="11.797170528500841">
</wpt>
<wpt lat="53.745226962615767" lon="11.949243042052148">
</wpt>
<wpt lat="53.745226962615767" lon="12.998543385556165">
</wpt>
<wpt lat="53.745226962615767" lon="13.013750636911295">
</wpt>
<wpt lat="53.745226962615767" lon="13.089786893686949">
</wpt>
<wpt lat="53.745226962615767" lon="13.104994145042079">
</wpt>
<wpt lat="53.745226962615767" lon="13.880563964153744">
</wpt>
<wpt lat="53.745226962615767" lon="13.895771215508875">
</wpt>
<wpt lat="53.745226962615767" lon="13.910978466864005">
</wpt>
<wpt lat="53.745226962615767" lon="13.926185718219136">
</wpt>
<wpt lat="53.745226962615767" lon="13.941392969574267">
</wpt>
<wpt lat="53.745226962615767" lon="13.956600220929397">
</wpt>
<wpt lat="53.745226962615767" lon="13.971807472284528">
</wpt>
<wpt lat="53.745226962615767" lon="13.987014723639659">
</wpt>
<wpt lat="53.754220178674956" lon="7.569919290517161">
</wpt>
<wpt lat="53.754220178674956" lon="7.58512979757535">
</wpt>
<wpt lat="53.754220178674956" lon="9.227864559859755">
</wpt>
<wpt lat="53.754220178674956" lon="9.243075066917944">
</wpt>
<wpt lat="53.754220178674956" lon="9.258285573976133">
</wpt>
<wpt lat="53.754220178674956" lon="9.364759123383456">
</wpt>
<wpt lat="53.754220178674956" lon="9.379969630441645">
</wpt>
<wpt lat="53.754220178674956" lon="9.395180137499834">
</wpt>
<wpt lat="53.754220178674956" lon="9.547285208081723">
</wpt>
<wpt lat="53.754220178674956" lon="11.15959895624975">
</wpt>
<wpt lat="53.754220178674956" lon="11.691966703286363">
</wpt>
<wpt lat="53.754220178674956" lon="11.752808731519119">
</wpt>
<wpt lat="53.754220178674956" lon="11.783229745635497">
</wpt>
<wpt lat="53.754220178674956" lon="11.798440252693686">
</wpt>
<wpt lat="53.754220178674956" lon="13.000070310290612">
</wpt>
<wpt lat="53.754220178674956" lon="13.015280817348801">
</wpt>
<wpt lat="53.754220178674956" lon="13.03049132440699">
</wpt>
<wpt lat="53.754220178674956" lon="13.076122845581557">
</wpt>
<wpt lat="53.754220178674956" lon="13.136964873814312">
</wpt>
<wpt lat="53.754220178674956" lon="13.867069212607381">
</wpt>
<wpt lat="53.754220178674956" lon="13.88227971966557">
</wpt>
<wpt lat="53.754220178674956" lon="13.897490226723759">
</wpt>
<wpt lat="53.754220178674956" lon="13.912700733781948">
</wpt>
<wpt lat="53.763213394734144" lon="9.198156932171804">
</wpt>
<wpt lat="53.763213394734144" lon="9.380722106537382">
</wpt>
<wpt lat="53.763213394734144" lon="9.548073516372495">
</wpt>
<wpt lat="53.763213394734144" lon="9.56328728090296">
</wpt>
<wpt lat="53.763213394734144" lon="11.16073255660177">
</wpt>
<wpt lat="53.763213394734144" lon="11.343297730967349">
</wpt>
<wpt lat="53.763213394734144" lon="11.358511495497813">
</wpt>
<wpt lat="53.763213394734144" lon="11.373725260028278">
</wpt>
<wpt lat="53.763213394734144" lon="11.708428079698505">
</wpt>
<wpt lat="53.763213394734144" lon="11.72364184422897">
</wpt>
<wpt lat="53.763213394734144" lon="11.738855608759435">
</wpt>
<wpt lat="53.763213394734144" lon="11.7540693732899">
</wpt>
<wpt lat="53.763213394734144" lon="11.769283137820365">
</wpt>
<wpt lat="53.763213394734144" lon="11.784496902350829">
</wpt>
<wpt lat="53.763213394734144" lon="11.799710666881294">
</wpt>
<wpt lat="53.763213394734144" lon="11.814924431411759">
</wpt>
<wpt lat="53.763213394734144" lon="11.936634547655478">
</wpt>
<wpt lat="53.763213394734144" lon="13.016811829318483">
</wpt>
<wpt lat="53.763213394734144" lon="13.032025593848948">
</wpt>
<wpt lat="53.763213394734144" lon="13.047239358379413">
</wpt>
<wpt lat="53.763213394734144" lon="13.062453122909877">
</wpt>
<wpt lat="53.763213394734144" lon="13.838355113963585">
</wpt>
<wpt lat="53.772206610793333" lon="7.783687495430152">
</wpt>
<wpt lat="53.772206610793333" lon="11.146649749319547">
</wpt>
<wpt lat="53.772206610793333" lon="11.161866773092802">
</wpt>
<wpt lat="53.772206610793333" lon="11.314037010825354">
</wpt>
<wpt lat="53.772206610793333" lon="11.329254034598609">
</wpt>
<wpt lat="53.772206610793333" lon="11.344471058371864">
</wpt>
<wpt lat="53.772206610793333" lon="11.359688082145119">
</wpt>
<wpt lat="53.772206610793333" lon="11.374905105918375">
</wpt>
<wpt lat="53.772206610793333" lon="11.39012212969163">
</wpt>
<wpt lat="53.772206610793333" lon="11.405339153464885">
</wpt>
<wpt lat="53.772206610793333" lon="11.709679628929988">
</wpt>
<wpt lat="53.772206610793333" lon="11.724896652703244">
</wpt>
<wpt lat="53.772206610793333" lon="11.740113676476499">
</wpt>
<wpt lat="53.772206610793333" lon="11.785764747796264">
</wpt>
<wpt lat="53.772206610793333" lon="11.80098177156952">
</wpt>
<wpt lat="53.772206610793333" lon="11.937934985528816">
</wpt>
<wpt lat="53.772206610793333" lon="13.033560697203189">
</wpt>
<wpt lat="53.772206610793333" lon="13.048777720976444">
</wpt>
<wpt lat="53.772206610793333" lon="13.15529688738923">
</wpt>
<wpt lat="53.772206610793333" lon="13.840062957185713">
</wpt>
<wpt lat="53.781199826852522" lon="7.936301231148866">
</wpt>
<wpt lat="53.781199826852522" lon="11.086900182235562">
</wpt>
<wpt lat="53.781199826852522" lon="11.117340751811279">
</wpt>
<wpt lat="53.781199826852522" lon="11.132561036599137">
</wpt>
<wpt lat="53.781199826852522" lon="11.147781321386995">
</wpt>
<wpt lat="53.781199826852522" lon="11.163001606174854">
</wpt>
<wpt lat="53.781199826852522" lon="11.178221890962712">
</wpt>
<wpt lat="53.781199826852522" lon="11.330424738841296">
</wpt>
<wpt lat="53.781199826852522" lon="11.376085593204872">
</wpt>
<wpt lat="53.781199826852522" lon="11.39130587799273">
</wpt>
<wpt lat="53.781199826852522" lon="11.528288441083456">
</wpt>
<wpt lat="53.781199826852522" lon="11.802253567264907">
</wpt>
<wpt lat="53.781199826852522" lon="11.939236130355633">
</wpt>
<wpt lat="53.781199826852522" lon="13.035096635081439">
</wpt>
<wpt lat="53.781199826852522" lon="13.050316919869298">
</wpt>
<wpt lat="53.781199826852522" lon="13.156858913384307">
</wpt>
<wpt lat="53.781199826852522" lon="13.172079198172165">
</wpt>
<wpt lat="53.781199826852522" lon="13.339502330838608">
</wpt>
<wpt lat="53.781199826852522" lon="13.354722615626466">
</wpt>
<wpt lat="53.781199826852522" lon="13.826551444050077">
</wpt>
<wpt lat="53.781199826852522" lon="13.841771728837935">
</wpt>
<wpt lat="53.79019304291171" lon="10.9510073902426">
</wpt>
<wpt lat="53.79019304291171" lon="10.966230937818176">
</wpt>
<wpt lat="53.79019304291171" lon="11.133689961149519">
</wpt>
<wpt lat="53.79019304291171" lon="11.148913508725096">
</wpt>
<wpt lat="53.79019304291171" lon="11.164137056300673">
</wpt>
<wpt lat="53.79019304291171" lon="11.179360603876249">
</wpt>
<wpt lat="53.79019304291171" lon="11.392490269934322">
</wpt>
<wpt lat="53.79019304291171" lon="11.803526054474892">
</wpt>
<wpt lat="53.79019304291171" lon="11.940537982655082">
</wpt>
<wpt lat="53.79019304291171" lon="12.442915052649111">
</wpt>
<wpt lat="53.79019304291171" lon="12.458138600224688">
</wpt>
<wpt lat="53.79019304291171" lon="13.0366334080966">
</wpt>
<wpt lat="53.79019304291171" lon="13.051856955672177">
</wpt>
<wpt lat="53.79019304291171" lon="13.21931597900352">
</wpt>
<wpt lat="53.79019304291171" lon="13.234539526579097">
</wpt>
<wpt lat="53.79019304291171" lon="13.828257882026586">
</wpt>
<wpt lat="53.79019304291171" lon="13.843481429602162">
</wpt>
<wpt lat="53.79019304291171" lon="13.904375619904469">
</wpt>
<wpt lat="53.79019304291171" lon="13.919599167480046">
</wpt>
<wpt lat="53.799186258970899" lon="11.804799233706392">
</wpt>
<wpt lat="53.799186258970899" lon="12.413871719214727">
</wpt>
<wpt lat="53.799186258970899" lon="12.429098531352436">
</wpt>
<wpt lat="53.799186258970899" lon="12.885902895483687">
</wpt>
<wpt lat="53.799186258970899" lon="13.038171016860771">
</wpt>
<wpt lat="53.799186258970899" lon="13.053397828998479">
</wpt>
<wpt lat="53.799186258970899" lon="13.23611957465098">
</wpt>
<wpt lat="53.799186258970899" lon="13.251346386788688">
</wpt>
<wpt lat="53.799186258970899" lon="13.829965248021606">
</wpt>
<wpt lat="53.799186258970899" lon="13.845192060159315">
</wpt>
<wpt lat="53.799186258970899" lon="13.860418872297023">
</wpt>
<wpt lat="53.799186258970899" lon="13.875645684434732">
</wpt>
<wpt lat="53.799186258970899" lon="13.89087249657244">
</wpt>
<wpt lat="53.799186258970899" lon="13.906099308710148">
</wpt>
<wpt lat="53.799186258970899" lon="13.921326120847857">
</wpt>
<wpt lat="53.799186258970899" lon="13.936552932985565">
</wpt>
<wpt lat="53.808179475030087" lon="9.369260549378625">
</wpt>
<wpt lat="53.808179475030087" lon="9.810932825169843">
</wpt>
<wpt lat="53.808179475030087" lon="11.516701614432478">
</wpt>
<wpt lat="53.808179475030087" lon="11.806073105468103">
</wpt>
<wpt lat="53.808179475030087" lon="11.821303183943662">
</wpt>
<wpt lat="53.808179475030087" lon="11.927913733272577">
</wpt>
<wpt lat="53.808179475030087" lon="12.887408677232809">
</wpt>
<wpt lat="53.808179475030087" lon="12.902638755708368">
</wpt>
<wpt lat="53.808179475030087" lon="13.252930560646231">
</wpt>
<wpt lat="53.808179475030087" lon="13.816443464241923">
</wpt>
<wpt lat="53.808179475030087" lon="13.831673542717482">
</wpt>
<wpt lat="53.808179475030087" lon="13.846903621193041">
</wpt>
<wpt lat="53.808179475030087" lon="13.8621336996686">
</wpt>
<wpt lat="53.808179475030087" lon="13.87736377814416">
</wpt>
<wpt lat="53.808179475030087" lon="13.892593856619719">
</wpt>
<wpt lat="53.808179475030087" lon="13.907823935095278">
</wpt>
<wpt lat="53.817172691089276" lon="9.370012215799074">
</wpt>
<wpt lat="53.817172691089276" lon="9.79654592033115">
</wpt>
<wpt lat="53.817172691089276" lon="9.811779266921581">
</wpt>
<wpt lat="53.817172691089276" lon="11.639780857773337">
</wpt>
<wpt lat="53.817172691089276" lon="11.655014204363768">
</wpt>
<wpt lat="53.817172691089276" lon="11.670247550954199">
</wpt>
<wpt lat="53.817172691089276" lon="11.9139810964011">
</wpt>
<wpt lat="53.817172691089276" lon="11.929214442991531">
</wpt>
<wpt lat="53.817172691089276" lon="12.888915278188703">
</wpt>
<wpt lat="53.817172691089276" lon="12.904148624779134">
</wpt>
<wpt lat="53.817172691089276" lon="12.919381971369566">
</wpt>
<wpt lat="53.817172691089276" lon="13.254515596359054">
</wpt>
<wpt lat="53.817172691089276" lon="13.802916073614581">
</wpt>
<wpt lat="53.817172691089276" lon="13.818149420205012">
</wpt>
<wpt lat="53.817172691089276" lon="13.833382766795443">
</wpt>
<wpt lat="53.817172691089276" lon="13.848616113385875">
</wpt>
<wpt lat="53.817172691089276" lon="13.863849459976306">
</wpt>
<wpt lat="53.817172691089276" lon="13.879082806566737">
</wpt>
<wpt lat="53.817172691089276" lon="13.894316153157169">
</wpt>
<wpt lat="53.826165907148464" lon="9.690733237390852">
</wpt>
<wpt lat="53.826165907148464" lon="9.70596985387448">
</wpt>
<wpt lat="53.826165907148464" lon="9.721206470358108">
</wpt>
<wpt lat="53.826165907148464" lon="9.736443086841737">
</wpt>
<wpt lat="53.826165907148464" lon="9.751679703325365">
</wpt>
<wpt lat="53.826165907148464" lon="9.766916319808994">
</wpt>
<wpt lat="53.826165907148464" lon="9.782152936292622">
</wpt>
<wpt lat="53.826165907148464" lon="9.79738955277625">
</wpt>
<wpt lat="53.826165907148464" lon="11.625783530811658">
</wpt>
<wpt lat="53.826165907148464" lon="11.641020147295286">
</wpt>
<wpt lat="53.826165907148464" lon="11.656256763778915">
</wpt>
<wpt lat="53.826165907148464" lon="11.671493380262543">
</wpt>
<wpt lat="53.826165907148464" lon="11.686729996746172">
</wpt>
<wpt lat="53.826165907148464" lon="11.732439846197057">
</wpt>
<wpt lat="53.826165907148464" lon="11.900042627516969">
</wpt>
<wpt lat="53.826165907148464" lon="12.875186082469186">
</wpt>
<wpt lat="53.826165907148464" lon="13.377994426428923">
</wpt>
<wpt lat="53.826165907148464" lon="13.804619687970519">
</wpt>
<wpt lat="53.826165907148464" lon="13.819856304454147">
</wpt>
<wpt lat="53.826165907148464" lon="13.835092920937775">
</wpt>
<wpt lat="53.826165907148464" lon="13.850329537421404">
</wpt>
<wpt lat="53.826165907148464" lon="13.865566153905032">
</wpt>
<wpt lat="53.835159123207653" lon="8.960039795761558">
</wpt>
<wpt lat="53.835159123207653" lon="8.97527968391802">
</wpt>
<wpt lat="53.835159123207653" lon="8.990519572074481">
</wpt>
<wpt lat="53.835159123207653" lon="9.722034203584633">
</wpt>
<wpt lat="53.835159123207653" lon="9.737274091741094">
</wpt>
<wpt lat="53.835159123207653" lon="9.752513979897556">
</wpt>
<wpt lat="53.835159123207653" lon="9.767753868054017">
</wpt>
<wpt lat="53.835159123207653" lon="9.782993756210479">
</wpt>
<wpt lat="53.835159123207653" lon="9.79823364436694">
</wpt>
<wpt lat="53.835159123207653" lon="11.687979775768165">
</wpt>
<wpt lat="53.835159123207653" lon="11.703219663924626">
</wpt>
<wpt lat="53.835159123207653" lon="11.718459552081088">
</wpt>
<wpt lat="53.835159123207653" lon="11.870858433645703">
</wpt>
<wpt lat="53.835159123207653" lon="11.886098321802164">
</wpt>
<wpt lat="53.835159123207653" lon="13.37960736113539">
</wpt>
<wpt lat="53.844152339266842" lon="8.991190630097933">
</wpt>
<wpt lat="53.844152339266842" lon="9.006433791708167">
</wpt>
<wpt lat="53.844152339266842" lon="9.021676953318401">
</wpt>
<wpt lat="53.844152339266842" lon="9.036920114928636">
</wpt>
<wpt lat="53.844152339266842" lon="9.05216327653887">
</wpt>
<wpt lat="53.844152339266842" lon="9.097892761369573">
</wpt>
<wpt lat="53.844152339266842" lon="9.235081215861683">
</wpt>
<wpt lat="53.844152339266842" lon="9.250324377471918">
</wpt>
<wpt lat="53.844152339266842" lon="9.265567539082152">
</wpt>
<wpt lat="53.844152339266842" lon="11.689230235109425">
</wpt>
<wpt lat="53.844152339266842" lon="11.70447339671966">
</wpt>
<wpt lat="53.844152339266842" lon="11.719716558329894">
</wpt>
<wpt lat="53.844152339266842" lon="11.887391336042473">
</wpt>
<wpt lat="53.844152339266842" lon="12.862953679097476">
</wpt>
<wpt lat="53.844152339266842" lon="13.365978012235212">
</wpt>
<wpt lat="53.844152339266842" lon="13.381221173845447">
</wpt>
<wpt lat="53.85314555532603" lon="9.052847800867829">
</wpt>
<wpt lat="53.85314555532603" lon="9.068094237714087">
</wpt>
<wpt lat="53.85314555532603" lon="9.083340674560345">
</wpt>
<wpt lat="53.85314555532603" lon="9.251051479869185">
</wpt>
<wpt lat="53.85314555532603" lon="9.266297916715443">
</wpt>
<wpt lat="53.85314555532603" lon="9.281544353561701">
</wpt>
<wpt lat="53.85314555532603" lon="11.720974248963005">
</wpt>
<wpt lat="53.85314555532603" lon="11.888685054271845">
</wpt>
<wpt lat="53.85314555532603" lon="13.382835865205143">
</wpt>
<wpt lat="53.85314555532603" lon="13.779243223207855">
</wpt>
<wpt lat="53.85314555532603" lon="13.794489660054113">
</wpt>
<wpt lat="53.862138771385219" lon="9.251778978216889">
</wpt>
<wpt lat="53.862138771385219" lon="9.267028692082731">
</wpt>
<wpt lat="53.862138771385219" lon="9.282278405948572">
</wpt>
<wpt lat="53.862138771385219" lon="11.722232624483267">
</wpt>
<wpt lat="53.862138771385219" lon="12.438969176177833">
</wpt>
<wpt lat="53.862138771385219" lon="13.231954297201609">
</wpt>
<wpt lat="53.862138771385219" lon="13.765694282506074">
</wpt>
<wpt lat="53.862138771385219" lon="13.780943996371915">
</wpt>
<wpt lat="53.871131987444407" lon="9.267759865476776">
</wpt>
<wpt lat="53.871131987444407" lon="9.283012858147076">
</wpt>
<wpt lat="53.871131987444407" lon="11.006601029890977">
</wpt>
<wpt lat="53.871131987444407" lon="11.738744678065377">
</wpt>
<wpt lat="53.871131987444407" lon="12.425129348228877">
</wpt>
<wpt lat="53.871131987444407" lon="12.943731099019077">
</wpt>
<wpt lat="53.871131987444407" lon="13.614862776512277">
</wpt>
<wpt lat="53.871131987444407" lon="13.630115769182577">
</wpt>
<wpt lat="53.871131987444407" lon="13.752139710544977">
</wpt>
<wpt lat="53.871131987444407" lon="13.767392703215277">
</wpt>
<wpt lat="53.871131987444407" lon="13.782645695885577">
</wpt>
<wpt lat="53.880125203503596" lon="9.039647338276142">
</wpt>
<wpt lat="53.880125203503596" lon="10.961937769155034">
</wpt>
<wpt lat="53.880125203503596" lon="10.977194042415977">
</wpt>
<wpt lat="53.880125203503596" lon="11.007706588937864">
</wpt>
<wpt lat="53.880125203503596" lon="12.426540002205618">
</wpt>
<wpt lat="53.880125203503596" lon="12.9452532930777">
</wpt>
<wpt lat="53.880125203503596" lon="12.960509566338644">
</wpt>
<wpt lat="53.880125203503596" lon="12.975765839599587">
</wpt>
<wpt lat="53.880125203503596" lon="13.570760496776387">
</wpt>
<wpt lat="53.880125203503596" lon="13.616529316559218">
</wpt>
<wpt lat="53.880125203503596" lon="13.631785589820161">
</wpt>
<wpt lat="53.889118419562784" lon="9.025070517291029">
</wpt>
<wpt lat="53.889118419562784" lon="9.6507122984936">
</wpt>
<wpt lat="53.889118419562784" lon="11.115629639845961">
</wpt>
<wpt lat="53.889118419562784" lon="12.794180760145542">
</wpt>
<wpt lat="53.889118419562784" lon="12.9620358721755">
</wpt>
<wpt lat="53.898111635621973" lon="10.124674805887061">
</wpt>
<wpt lat="53.898111635621973" lon="11.116759393280104">
</wpt>
<wpt lat="53.898111635621973" lon="12.444626456406176">
</wpt>
<wpt lat="53.898111635621973" lon="12.459889296212223">
</wpt>
<wpt lat="53.898111635621973" lon="12.795671771945253">
</wpt>
<wpt lat="53.898111635621973" lon="12.963563009811768">
</wpt>
<wpt lat="53.898111635621973" lon="13.711442160308062">
</wpt>
<wpt lat="53.898111635621973" lon="13.833544878756436">
</wpt>
<wpt lat="53.898111635621973" lon="13.848807718562483">
</wpt>
<wpt lat="53.898111635621973" lon="13.86407055836853">
</wpt>
<wpt lat="53.907104851681162" lon="9.637075563495776">
</wpt>
<wpt lat="53.907104851681162" lon="10.125591587916281">
</wpt>
<wpt lat="53.907104851681162" lon="10.904164001836461">
</wpt>
<wpt lat="53.907104851681162" lon="10.919430127599602">
</wpt>
<wpt lat="53.907104851681162" lon="11.102623636757292">
</wpt>
<wpt lat="53.907104851681162" lon="11.621671912704079">
</wpt>
<wpt lat="53.907104851681162" lon="11.636938038467219">
</wpt>
<wpt lat="53.907104851681162" lon="11.65220416423036">
</wpt>
<wpt lat="53.907104851681162" lon="12.446042703913681">
</wpt>
<wpt lat="53.907104851681162" lon="12.461308829676822">
</wpt>
<wpt lat="53.907104851681162" lon="12.476574955439963">
</wpt>
<wpt lat="53.907104851681162" lon="12.491841081203104">
</wpt>
<wpt lat="53.907104851681162" lon="12.659768464597652">
</wpt>
<wpt lat="53.907104851681162" lon="12.675034590360793">
</wpt>
<wpt lat="53.907104851681162" lon="12.781897470702779">
</wpt>
<wpt lat="53.907104851681162" lon="13.835260148359493">
</wpt>
<wpt lat="53.907104851681162" lon="13.850526274122634">
</wpt>
<wpt lat="53.907104851681162" lon="13.865792399885775">
</wpt>
<wpt lat="53.907104851681162" lon="13.881058525648916">
</wpt>
<wpt lat="53.91609806774035" lon="10.889979545344593">
</wpt>
<wpt lat="53.91609806774035" lon="10.905248958856278">
</wpt>
<wpt lat="53.91609806774035" lon="10.920518372367964">
</wpt>
<wpt lat="53.91609806774035" lon="11.622911393905488">
</wpt>
<wpt lat="53.91609806774035" lon="11.638180807417173">
</wpt>
<wpt lat="53.91609806774035" lon="12.447459723536495">
</wpt>
<wpt lat="53.91609806774035" lon="12.477998550559866">
</wpt>
<wpt lat="53.91609806774035" lon="12.600153858653348">
</wpt>
<wpt lat="53.91609806774035" lon="12.615423272165033">
</wpt>
<wpt lat="53.91609806774035" lon="12.630692685676719">
</wpt>
<wpt lat="53.91609806774035" lon="12.645962099188404">
</wpt>
<wpt lat="53.91609806774035" lon="13.867515180123229">
</wpt>
<wpt lat="53.91609806774035" lon="13.882784593634915">
</wpt>
<wpt lat="53.91609806774035" lon="13.8980540071466">
</wpt>
<wpt lat="53.925091283799539" lon="10.891061804437779">
</wpt>
<wpt lat="53.925091283799539" lon="11.639424254034877">
</wpt>
<wpt lat="53.925091283799539" lon="12.601604546374002">
</wpt>
<wpt lat="53.925091283799539" lon="12.616877249427004">
</wpt>
<wpt lat="53.925091283799539" lon="12.632149952480006">
</wpt>
<wpt lat="53.925091283799539" lon="12.723786170798018">
</wpt>
<wpt lat="53.925091283799539" lon="12.800149686063028">
</wpt>
<wpt lat="53.925091283799539" lon="12.922331310487044">
</wpt>
<wpt lat="53.925091283799539" lon="12.937604013540046">
</wpt>
<wpt lat="53.925091283799539" lon="12.952876716593048">
</wpt>
<wpt lat="53.925091283799539" lon="13.899784305879171">
</wpt>
<wpt lat="53.934084499858727" lon="10.113068939978531">
</wpt>
<wpt lat="53.934084499858727" lon="10.128344934366943">
</wpt>
<wpt lat="53.934084499858727" lon="11.717048350761836">
</wpt>
<wpt lat="53.934084499858727" lon="12.603056025289757">
</wpt>
<wpt lat="53.934084499858727" lon="12.618332019678169">
</wpt>
<wpt lat="53.934084499858727" lon="12.786367957950706">
</wpt>
<wpt lat="53.934084499858727" lon="12.801643952339118">
</wpt>
<wpt lat="53.934084499858727" lon="12.816919946727531">
</wpt>
<wpt lat="53.934084499858727" lon="12.832195941115943">
</wpt>
<wpt lat="53.934084499858727" lon="12.93912790183483">
</wpt>
<wpt lat="53.934084499858727" lon="12.954403896223242">
</wpt>
<wpt lat="53.934084499858727" lon="12.969679890611655">
</wpt>
<wpt lat="53.943077715917916" lon="10.129263717866973">
</wpt>
<wpt lat="53.943077715917916" lon="10.144543005386209">
</wpt>
<wpt lat="53.943077715917916" lon="11.107138119098106">
</wpt>
<wpt lat="53.943077715917916" lon="12.039174657771531">
</wpt>
<wpt lat="53.943077715917916" lon="12.589229008464043">
</wpt>
<wpt lat="53.943077715917916" lon="12.60450829598328">
</wpt>
<wpt lat="53.943077715917916" lon="12.619787583502516">
</wpt>
<wpt lat="53.943077715917916" lon="12.742021883656408">
</wpt>
<wpt lat="53.943077715917916" lon="12.757301171175644">
</wpt>
<wpt lat="53.943077715917916" lon="12.772580458694881">
</wpt>
<wpt lat="53.943077715917916" lon="12.787859746214117">
</wpt>
<wpt lat="53.943077715917916" lon="12.803139033733354">
</wpt>
<wpt lat="53.943077715917916" lon="12.81841832125259">
</wpt>
<wpt lat="53.943077715917916" lon="12.833697608771827">
</wpt>
<wpt lat="53.943077715917916" lon="12.940652621406482">
</wpt>
<wpt lat="53.943077715917916" lon="12.955931908925718">
</wpt>
<wpt lat="53.943077715917916" lon="12.971211196444955">
</wpt>
<wpt lat="53.943077715917916" lon="12.986490483964191">
</wpt>
<wpt lat="53.943077715917916" lon="13.781013434964487">
</wpt>
<wpt lat="53.952070931977104" lon="10.145465585103791">
</wpt>
<wpt lat="53.952070931977104" lon="11.123550861698943">
</wpt>
<wpt lat="53.952070931977104" lon="12.040505808506898">
</wpt>
<wpt lat="53.952070931977104" lon="12.514265864357675">
</wpt>
<wpt lat="53.952070931977104" lon="12.590678776591671">
</wpt>
<wpt lat="53.952070931977104" lon="12.605961359038471">
</wpt>
<wpt lat="53.952070931977104" lon="12.62124394148527">
</wpt>
<wpt lat="53.952070931977104" lon="12.758787183506463">
</wpt>
<wpt lat="53.952070931977104" lon="12.774069765953262">
</wpt>
<wpt lat="53.952070931977104" lon="12.789352348400062">
</wpt>
<wpt lat="53.952070931977104" lon="12.942178172868054">
</wpt>
<wpt lat="53.952070931977104" lon="12.957460755314854">
</wpt>
<wpt lat="53.952070931977104" lon="12.972743337761653">
</wpt>
<wpt lat="53.952070931977104" lon="12.988025920208452">
</wpt>
<wpt lat="53.952070931977104" lon="13.201982074463642">
</wpt>
<wpt lat="53.952070931977104" lon="13.217264656910441">
</wpt>
<wpt lat="53.952070931977104" lon="13.23254723935724">
</wpt>
<wpt lat="53.952070931977104" lon="13.782720207442013">
</wpt>
<wpt lat="53.961064148036293" lon="9.213950038761286">
</wpt>
<wpt lat="53.961064148036293" lon="9.290379434623416">
</wpt>
<wpt lat="53.961064148036293" lon="9.305665313795842">
</wpt>
<wpt lat="53.961064148036293" lon="9.320951192968268">
</wpt>
<wpt lat="53.961064148036293" lon="9.336237072140694">
</wpt>
<wpt lat="53.961064148036293" lon="10.14638866827927">
</wpt>
<wpt lat="53.961064148036293" lon="12.026551806487664">
</wpt>
<wpt lat="53.961064148036293" lon="12.04183768566009">
</wpt>
<wpt lat="53.961064148036293" lon="12.515699940005295">
</wpt>
<wpt lat="53.961064148036293" lon="12.592129335867424">
</wpt>
<wpt lat="53.961064148036293" lon="12.60741521503985">
</wpt>
<wpt lat="53.961064148036293" lon="12.622701094212276">
</wpt>
<wpt lat="53.961064148036293" lon="12.637986973384702">
</wpt>
<wpt lat="53.961064148036293" lon="12.76027400676411">
</wpt>
<wpt lat="53.961064148036293" lon="12.775559885936536">
</wpt>
<wpt lat="53.961064148036293" lon="12.851989281798666">
</wpt>
<wpt lat="53.961064148036293" lon="12.928418677660796">
</wpt>
<wpt lat="53.961064148036293" lon="13.234136261109315">
</wpt>
<wpt lat="53.961064148036293" lon="13.249422140281741">
</wpt>
<wpt lat="53.961064148036293" lon="13.799713790489076">
</wpt>
<wpt lat="53.970057364095481" lon="9.306407481924396">
</wpt>
<wpt lat="53.970057364095481" lon="10.132023077586251">
</wpt>
<wpt lat="53.970057364095481" lon="10.147312255283692">
</wpt>
<wpt lat="53.970057364095481" lon="10.162601432981134">
</wpt>
<wpt lat="53.970057364095481" lon="11.798543446607402">
</wpt>
<wpt lat="53.970057364095481" lon="12.027881112069029">
</wpt>
<wpt lat="53.970057364095481" lon="12.04317028976647">
</wpt>
<wpt lat="53.970057364095481" lon="12.058459467463912">
</wpt>
<wpt lat="53.970057364095481" lon="12.517134798387165">
</wpt>
<wpt lat="53.970057364095481" lon="12.532423976084607">
</wpt>
<wpt lat="53.970057364095481" lon="12.578291509176932">
</wpt>
<wpt lat="53.970057364095481" lon="12.593580686874374">
</wpt>
<wpt lat="53.970057364095481" lon="12.608869864571815">
</wpt>
<wpt lat="53.970057364095481" lon="12.624159042269257">
</wpt>
<wpt lat="53.970057364095481" lon="12.639448219966699">
</wpt>
<wpt lat="53.970057364095481" lon="12.853496707730883">
</wpt>
<wpt lat="53.970057364095481" lon="12.868785885428325">
</wpt>
<wpt lat="53.970057364095481" lon="12.914653418520651">
</wpt>
<wpt lat="53.970057364095481" lon="13.235726150166927">
</wpt>
<wpt lat="53.970057364095481" lon="13.251015327864369">
</wpt>
<wpt lat="53.97905058015467" lon="10.117651390443116">
</wpt>
<wpt lat="53.97905058015467" lon="10.132943868466294">
</wpt>
<wpt lat="53.97905058015467" lon="10.148236346489471">
</wpt>
<wpt lat="53.97905058015467" lon="10.163528824512648">
</wpt>
<wpt lat="53.97905058015467" lon="12.564447874151456">
</wpt>
<wpt lat="53.97905058015467" lon="12.579740352174634">
</wpt>
<wpt lat="53.97905058015467" lon="12.595032830197811">
</wpt>
<wpt lat="53.97905058015467" lon="12.610325308220988">
</wpt>
<wpt lat="53.97905058015467" lon="12.625617786244165">
</wpt>
<wpt lat="53.97905058015467" lon="12.640910264267342">
</wpt>
<wpt lat="53.97905058015467" lon="12.855004956591822">
</wpt>
<wpt lat="53.97905058015467" lon="12.870297434614999">
</wpt>
<wpt lat="53.97905058015467" lon="12.885589912638176">
</wpt>
<wpt lat="53.97905058015467" lon="12.900882390661353">
</wpt>
<wpt lat="53.97905058015467" lon="13.818431072051981">
</wpt>
<wpt lat="53.988043796213859" lon="10.118569381966109">
</wpt>
<wpt lat="53.988043796213859" lon="10.133865162117067">
</wpt>
<wpt lat="53.988043796213859" lon="12.581189986270223">
</wpt>
<wpt lat="53.988043796213859" lon="12.59648576642118">
</wpt>
<wpt lat="53.988043796213859" lon="12.611781546572137">
</wpt>
<wpt lat="53.988043796213859" lon="12.627077326723095">
</wpt>
<wpt lat="53.988043796213859" lon="12.642373106874052">
</wpt>
<wpt lat="53.988043796213859" lon="12.795330908383624">
</wpt>
<wpt lat="53.988043796213859" lon="12.841218248836496">
</wpt>
<wpt lat="53.988043796213859" lon="12.856514028987453">
</wpt>
<wpt lat="53.988043796213859" lon="12.87180980913841">
</wpt>
<wpt lat="53.988043796213859" lon="12.887105589289368">
</wpt>
<wpt lat="53.988043796213859" lon="12.902401369440325">
</wpt>
<wpt lat="53.997037012273047" lon="10.119487874828279">
</wpt>
<wpt lat="53.997037012273047" lon="10.333675051977904">
</wpt>
<wpt lat="53.997037012273047" lon="10.34897413606002">
</wpt>
<wpt lat="53.997037012273047" lon="10.364273220142136">
</wpt>
<wpt lat="53.997037012273047" lon="12.383752318981463">
</wpt>
<wpt lat="53.997037012273047" lon="12.399051403063579">
</wpt>
<wpt lat="53.997037012273047" lon="12.414350487145695">
</wpt>
<wpt lat="53.997037012273047" lon="12.643836748377437">
</wpt>
<wpt lat="53.997037012273047" lon="12.766229421034366">
</wpt>
<wpt lat="53.997037012273047" lon="12.781528505116482">
</wpt>
<wpt lat="53.997037012273047" lon="12.796827589198598">
</wpt>
<wpt lat="53.997037012273047" lon="12.812126673280714">
</wpt>
<wpt lat="53.997037012273047" lon="12.82742575736283">
</wpt>
<wpt lat="53.997037012273047" lon="12.842724841444946">
</wpt>
<wpt lat="53.997037012273047" lon="12.858023925527062">
</wpt>
<wpt lat="53.997037012273047" lon="12.873323009609178">
</wpt>
<wpt lat="53.997037012273047" lon="12.888622093691295">
</wpt>
<wpt lat="53.997037012273047" lon="12.903921177773411">
</wpt>
<wpt lat="53.997037012273047" lon="13.194603775333617">
</wpt>
<wpt lat="54.006030228332236" lon="10.334640326851011">
</wpt>
<wpt lat="54.006030228332236" lon="10.349942716668993">
</wpt>
<wpt lat="54.006030228332236" lon="10.365245106486976">
</wpt>
<wpt lat="54.006030228332236" lon="11.145666987204082">
</wpt>
<wpt lat="54.006030228332236" lon="11.834274529013294">
</wpt>
<wpt lat="54.006030228332236" lon="12.645301189366366">
</wpt>
<wpt lat="54.006030228332236" lon="12.660603579184349">
</wpt>
<wpt lat="54.006030228332236" lon="12.737115528274261">
</wpt>
<wpt lat="54.006030228332236" lon="12.752417918092243">
</wpt>
<wpt lat="54.006030228332236" lon="12.767720307910226">
</wpt>
<wpt lat="54.006030228332236" lon="12.783022697728208">
</wpt>
<wpt lat="54.006030228332236" lon="12.798325087546191">
</wpt>
<wpt lat="54.006030228332236" lon="12.813627477364173">
</wpt>
<wpt lat="54.006030228332236" lon="12.828929867182156">
</wpt>
<wpt lat="54.006030228332236" lon="12.844232257000138">
</wpt>
<wpt lat="54.006030228332236" lon="12.859534646818121">
</wpt>
<wpt lat="54.006030228332236" lon="12.874837036636103">
</wpt>
<wpt lat="54.006030228332236" lon="12.890139426454086">
</wpt>
<wpt lat="54.006030228332236" lon="12.905441816272068">
</wpt>
<wpt lat="54.015023444391424" lon="11.83556447035795">
</wpt>
<wpt lat="54.015023444391424" lon="12.662072127792127">
</wpt>
<wpt lat="54.015023444391424" lon="12.677377825152019">
</wpt>
<wpt lat="54.015023444391424" lon="12.692683522511912">
</wpt>
<wpt lat="54.015023444391424" lon="12.707989219871804">
</wpt>
<wpt lat="54.015023444391424" lon="12.723294917231696">
</wpt>
<wpt lat="54.015023444391424" lon="12.738600614591588">
</wpt>
<wpt lat="54.015023444391424" lon="12.75390631195148">
</wpt>
<wpt lat="54.015023444391424" lon="12.769212009311373">
</wpt>
<wpt lat="54.015023444391424" lon="12.784517706671265">
</wpt>
<wpt lat="54.015023444391424" lon="12.799823404031157">
</wpt>
<wpt lat="54.015023444391424" lon="12.815129101391049">
</wpt>
<wpt lat="54.015023444391424" lon="12.830434798750941">
</wpt>
<wpt lat="54.015023444391424" lon="12.906963285550402">
</wpt>
<wpt lat="54.015023444391424" lon="12.922268982910294">
</wpt>
<wpt lat="54.024016660450613" lon="9.157778942473152">
</wpt>
<wpt lat="54.024016660450613" lon="10.443735506044058">
</wpt>
<wpt lat="54.024016660450613" lon="11.821546109870029">
</wpt>
<wpt lat="54.024016660450613" lon="12.663541478874789">
</wpt>
<wpt lat="54.024016660450613" lon="12.678850485583967">
</wpt>
<wpt lat="54.024016660450613" lon="12.694159492293144">
</wpt>
<wpt lat="54.024016660450613" lon="12.709468499002321">
</wpt>
<wpt lat="54.024016660450613" lon="12.724777505711499">
</wpt>
<wpt lat="54.024016660450613" lon="12.740086512420676">
</wpt>
<wpt lat="54.024016660450613" lon="12.755395519129854">
</wpt>
<wpt lat="54.024016660450613" lon="12.770704525839031">
</wpt>
<wpt lat="54.024016660450613" lon="12.786013532548209">
</wpt>
<wpt lat="54.024016660450613" lon="12.801322539257386">
</wpt>
<wpt lat="54.024016660450613" lon="12.816631545966564">
</wpt>
<wpt lat="54.024016660450613" lon="12.831940552675741">
</wpt>
<wpt lat="54.024016660450613" lon="12.923794592930806">
</wpt>
<wpt lat="54.024016660450613" lon="12.939103599639983">
</wpt>
<wpt lat="54.033009876509801" lon="9.158490841442438">
</wpt>
<wpt lat="54.033009876509801" lon="11.746272560994866">
</wpt>
<wpt lat="54.033009876509801" lon="11.792209514596388">
</wpt>
<wpt lat="54.033009876509801" lon="11.807521832463562">
</wpt>
<wpt lat="54.033009876509801" lon="11.822834150330737">
</wpt>
<wpt lat="54.033009876509801" lon="12.695636268759662">
</wpt>
<wpt lat="54.033009876509801" lon="12.710948586626836">
</wpt>
<wpt lat="54.033009876509801" lon="12.72626090449401">
</wpt>
<wpt lat="54.033009876509801" lon="12.741573222361184">
</wpt>
<wpt lat="54.033009876509801" lon="12.756885540228359">
</wpt>
<wpt lat="54.033009876509801" lon="12.772197858095533">
</wpt>
<wpt lat="54.033009876509801" lon="12.787510175962707">
</wpt>
<wpt lat="54.033009876509801" lon="12.802822493829881">
</wpt>
<wpt lat="54.033009876509801" lon="12.818134811697055">
</wpt>
<wpt lat="54.033009876509801" lon="12.833447129564229">
</wpt>
<wpt lat="54.033009876509801" lon="12.925321036767274">
</wpt>
<wpt lat="54.033009876509801" lon="12.940633354634448">
</wpt>
<wpt lat="54.033009876509801" lon="12.955945672501622">
</wpt>
<wpt lat="54.033009876509801" lon="12.971257990368796">
</wpt>
<wpt lat="54.033009876509801" lon="13.400002890649672">
</wpt>
<wpt lat="54.04200309256899" lon="8.960099928714635">
</wpt>
<wpt lat="54.04200309256899" lon="8.975415559549857">
</wpt>
<wpt lat="54.04200309256899" lon="10.506978643072015">
</wpt>
<wpt lat="54.04200309256899" lon="11.747544740724964">
</wpt>
<wpt lat="54.04200309256899" lon="11.80880726406585">
</wpt>
<wpt lat="54.04200309256899" lon="12.712429483343923">
</wpt>
<wpt lat="54.04200309256899" lon="12.727745114179145">
</wpt>
<wpt lat="54.04200309256899" lon="12.743060745014366">
</wpt>
<wpt lat="54.04200309256899" lon="12.758376375849588">
</wpt>
<wpt lat="54.04200309256899" lon="12.77369200668481">
</wpt>
<wpt lat="54.04200309256899" lon="12.789007637520031">
</wpt>
<wpt lat="54.04200309256899" lon="12.804323268355253">
</wpt>
<wpt lat="54.04200309256899" lon="12.819638899190474">
</wpt>
<wpt lat="54.04200309256899" lon="12.834954530025696">
</wpt>
<wpt lat="54.04200309256899" lon="12.926848315037025">
</wpt>
<wpt lat="54.04200309256899" lon="12.942163945872247">
</wpt>
<wpt lat="54.04200309256899" lon="12.957479576707469">
</wpt>
<wpt lat="54.04200309256899" lon="12.97279520754269">
</wpt>
<wpt lat="54.04200309256899" lon="12.988110838377912">
</wpt>
<wpt lat="54.04200309256899" lon="13.003426469213133">
</wpt>
<wpt lat="54.050996308628179" lon="10.33947461947905">
</wpt>
<wpt lat="54.050996308628179" lon="10.354793565093704">
</wpt>
<wpt lat="54.050996308628179" lon="10.431388293166973">
</wpt>
<wpt lat="54.050996308628179" lon="12.729230135365052">
</wpt>
<wpt lat="54.050996308628179" lon="12.744549080979706">
</wpt>
<wpt lat="54.050996308628179" lon="12.821143809052975">
</wpt>
<wpt lat="54.050996308628179" lon="12.943695373970206">
</wpt>
<wpt lat="54.050996308628179" lon="12.95901431958486">
</wpt>
<wpt lat="54.050996308628179" lon="12.974333265199514">
</wpt>
<wpt lat="54.050996308628179" lon="12.989652210814167">
</wpt>
<wpt lat="54.050996308628179" lon="13.004971156428821">
</wpt>
<wpt lat="54.059989524687367" lon="10.34044306439017">
</wpt>
<wpt lat="54.059989524687367" lon="10.355765326596986">
</wpt>
<wpt lat="54.059989524687367" lon="10.371087588803801">
</wpt>
<wpt lat="54.059989524687367" lon="10.417054375424248">
</wpt>
<wpt lat="54.059989524687367" lon="10.432376637631064">
</wpt>
<wpt lat="54.059989524687367" lon="10.44769889983788">
</wpt>
<wpt lat="54.059989524687367" lon="11.596868565349054">
</wpt>
<wpt lat="54.059989524687367" lon="11.612190827555869">
</wpt>
<wpt lat="54.059989524687367" lon="11.627513089762685">
</wpt>
<wpt lat="54.059989524687367" lon="12.991194426169278">
</wpt>
<wpt lat="54.068982740746556" lon="10.433365522687405">
</wpt>
<wpt lat="54.068982740746556" lon="10.448691103300449">
</wpt>
<wpt lat="54.068982740746556" lon="10.464016683913494">
</wpt>
<wpt lat="54.077975956805744" lon="8.962780468606431">
</wpt>
<wpt lat="54.077975956805744" lon="11.538035808833561">
</wpt>
<wpt lat="54.077975956805744" lon="11.553364709668246">
</wpt>
<wpt lat="54.086969172864933" lon="8.963451520362193">
</wpt>
<wpt lat="54.086969172864933" lon="9.469414875173859">
</wpt>
<wpt lat="54.086969172864933" lon="9.48474709804694">
</wpt>
<wpt lat="54.086969172864933" lon="11.554597185912845">
</wpt>
<wpt lat="54.095962388924121" lon="12.905358448875127">
</wpt>
<wpt lat="54.095962388924121" lon="13.196733836737065">
</wpt>
<wpt lat="54.095962388924121" lon="13.212069383466641">
</wpt>
<wpt lat="54.095962388924121" lon="13.227404930196217">
</wpt>
<wpt lat="54.095962388924121" lon="13.242740476925793">
</wpt>
<wpt lat="54.095962388924121" lon="13.258076023655368">
</wpt>
<wpt lat="54.10495560498331" lon="13.198323509836795">
</wpt>
<wpt lat="54.10495560498331" lon="13.213662382242312">
</wpt>
<wpt lat="54.10495560498331" lon="13.229001254647828">
</wpt>
<wpt lat="54.10495560498331" lon="13.244340127053345">
</wpt>
<wpt lat="54.10495560498331" lon="13.259678999458862">
</wpt>
<wpt lat="54.10495560498331" lon="13.689167426813325">
</wpt>
<wpt lat="54.113948821042499" lon="10.346264871457345">
</wpt>
<wpt lat="54.113948821042499" lon="13.199914053276144">
</wpt>
<wpt lat="54.113948821042499" lon="13.215256253178396">
</wpt>
<wpt lat="54.113948821042499" lon="13.230598453080647">
</wpt>
<wpt lat="54.113948821042499" lon="13.245940652982899">
</wpt>
<wpt lat="54.113948821042499" lon="13.706206650050447">
</wpt>
<wpt lat="54.122942037101687" lon="8.935448344225941">
</wpt>
<wpt lat="54.122942037101687" lon="10.055671977368364">
</wpt>
<wpt lat="54.122942037101687" lon="10.071017506589493">
</wpt>
<wpt lat="54.122942037101687" lon="10.347237032569817">
</wpt>
<wpt lat="54.122942037101687" lon="10.362582561790946">
</wpt>
<wpt lat="54.122942037101687" lon="10.377928091012075">
</wpt>
<wpt lat="54.122942037101687" lon="10.393273620233204">
</wpt>
<wpt lat="54.131935253160876" lon="10.424954027960267">
</wpt>
<wpt lat="54.140928469220064" lon="9.689038639349491">
</wpt>
<wpt lat="54.140928469220064" lon="10.149604439271101">
</wpt>
<wpt lat="54.140928469220064" lon="10.164956632601822">
</wpt>
<wpt lat="54.140928469220064" lon="10.272421985916864">
</wpt>
<wpt lat="54.149921685279253" lon="9.551669249793367">
</wpt>
<wpt lat="54.149921685279253" lon="9.567024777917506">
</wpt>
<wpt lat="54.149921685279253" lon="10.150534846634809">
</wpt>
<wpt lat="54.149921685279253" lon="10.273379071627925">
</wpt>
<wpt lat="54.149921685279253" lon="12.945240965228205">
</wpt>
<wpt lat="54.149921685279253" lon="12.960596493352345">
</wpt>
<wpt lat="54.149921685279253" lon="12.975952021476484">
</wpt>
<wpt lat="54.149921685279253" lon="12.991307549600624">
</wpt>
<wpt lat="54.149921685279253" lon="13.0987962464696">
</wpt>
<wpt lat="54.149921685279253" lon="13.11415177459374">
</wpt>
<wpt lat="54.149921685279253" lon="13.375195752704112">
</wpt>
<wpt lat="54.158914901338441" lon="9.53711117408133">
</wpt>
<wpt lat="54.158914901338441" lon="9.629264362551991">
</wpt>
<wpt lat="54.158914901338441" lon="9.644623227297101">
</wpt>
<wpt lat="54.158914901338441" lon="12.823908229534906">
</wpt>
<wpt lat="54.158914901338441" lon="12.839267094280016">
</wpt>
<wpt lat="54.158914901338441" lon="12.931420282750677">
</wpt>
<wpt lat="54.158914901338441" lon="12.946779147495787">
</wpt>
<wpt lat="54.158914901338441" lon="12.962138012240898">
</wpt>
<wpt lat="54.158914901338441" lon="12.977496876986008">
</wpt>
<wpt lat="54.158914901338441" lon="13.100367794946889">
</wpt>
<wpt lat="54.158914901338441" lon="13.115726659691999">
</wpt>
<wpt lat="54.158914901338441" lon="13.392186225103982">
</wpt>
<wpt lat="54.158914901338441" lon="13.714722384751296">
</wpt>
<wpt lat="54.158914901338441" lon="13.806875573221957">
</wpt>
<wpt lat="54.16790811739763" lon="12.856144953721783">
</wpt>
<wpt lat="54.16790811739763" lon="12.932955969696748">
</wpt>
<wpt lat="54.16790811739763" lon="12.94831817289174">
</wpt>
<wpt lat="54.16790811739763" lon="12.963680376086733">
</wpt>
<wpt lat="54.16790811739763" lon="12.979042579281726">
</wpt>
<wpt lat="54.16790811739763" lon="12.994404782476719">
</wpt>
<wpt lat="54.16790811739763" lon="13.117302408036663">
</wpt>
<wpt lat="54.16790811739763" lon="13.393822065546535">
</wpt>
<wpt lat="54.16790811739763" lon="13.701066129446394">
</wpt>
<wpt lat="54.16790811739763" lon="13.793239348616352">
</wpt>
<wpt lat="54.16790811739763" lon="13.808601551811345">
</wpt>
<wpt lat="54.176901333456819" lon="12.949858042040312">
</wpt>
<wpt lat="54.176901333456819" lon="12.965223585515453">
</wpt>
<wpt lat="54.176901333456819" lon="12.980589128990594">
</wpt>
<wpt lat="54.185894549516007" lon="12.966767641156025">
</wpt>
<wpt lat="54.185894549516007" lon="12.982136526742943">
</wpt>
<wpt lat="54.194887765575196" lon="12.96831254363606">
</wpt>
<wpt lat="54.194887765575196" lon="12.98368477316774">
</wpt>
<wpt lat="54.203880981634384" lon="10.463639517926154">
</wpt>
<wpt lat="54.203880981634384" lon="12.969858293584894">
</wpt>
<wpt lat="54.212874197693573" lon="9.588041847997701">
</wpt>
<wpt lat="54.212874197693573" lon="12.802236739450155">
</wpt>
<wpt lat="54.221867413752761" lon="9.588852415356602">
</wpt>
<wpt lat="54.221867413752761" lon="10.450259668496944">
</wpt>
<wpt lat="54.221867413752761" lon="10.46564194087445">
</wpt>
<wpt lat="54.221867413752761" lon="12.788365069877873">
</wpt>
<wpt lat="54.221867413752761" lon="12.803747342255379">
</wpt>
<wpt lat="54.23086062981195" lon="10.374330234678094">
</wpt>
<wpt lat="54.23086062981195" lon="12.789873150529431">
</wpt>
<wpt lat="54.23086062981195" lon="12.805258774197274">
</wpt>
<wpt lat="54.23086062981195" lon="12.928343763540017">
</wpt>
<wpt lat="54.23086062981195" lon="12.94372938720786">
</wpt>
<wpt lat="54.239853845871139" lon="12.852937966286555">
</wpt>
<wpt lat="54.239853845871139" lon="12.868326943084544">
</wpt>
<wpt lat="54.239853845871139" lon="12.883715919882532">
</wpt>
<wpt lat="54.239853845871139" lon="12.89910489668052">
</wpt>
<wpt lat="54.239853845871139" lon="12.914493873478508">
</wpt>
<wpt lat="54.239853845871139" lon="12.929882850276496">
</wpt>
<wpt lat="54.239853845871139" lon="12.945271827074484">
</wpt>
<wpt lat="54.248847061930327" lon="12.86985345503569">
</wpt>
<wpt lat="54.248847061930327" lon="12.885245786804999">
</wpt>
<wpt lat="54.248847061930327" lon="12.900638118574308">
</wpt>
<wpt lat="54.248847061930327" lon="12.916030450343618">
</wpt>
<wpt lat="54.248847061930327" lon="12.931422782112927">
</wpt>
<wpt lat="54.248847061930327" lon="12.946815113882236">
</wpt>
<wpt lat="54.257840277989516" lon="12.87138080534524">
</wpt>
<wpt lat="54.257840277989516" lon="12.886776493928416">
</wpt>
<wpt lat="54.257840277989516" lon="12.902172182511592">
</wpt>
<wpt lat="54.257840277989516" lon="12.917567871094768">
</wpt>
<wpt lat="54.257840277989516" lon="12.932963559677944">
</wpt>
<wpt lat="54.257840277989516" lon="12.94835924826112">
</wpt>
<wpt lat="54.257840277989516" lon="12.963754936844296">
</wpt>
<wpt lat="54.257840277989516" lon="12.979150625427472">
</wpt>
<wpt lat="54.257840277989516" lon="12.994546314010648">
</wpt>
<wpt lat="54.266833494048704" lon="12.90370708911952">
</wpt>
<wpt lat="54.266833494048704" lon="12.919106136360481">
</wpt>
<wpt lat="54.266833494048704" lon="12.934505183601443">
</wpt>
<wpt lat="54.266833494048704" lon="12.949904230842405">
</wpt>
<wpt lat="54.266833494048704" lon="12.965303278083367">
</wpt>
<wpt lat="54.266833494048704" lon="12.980702325324328">
</wpt>
<wpt lat="54.275826710107893" lon="9.547517950824552">
</wpt>
<wpt lat="54.275826710107893" lon="9.562920358568588">
</wpt>
<wpt lat="54.275826710107893" lon="12.966852470000497">
</wpt>
<wpt lat="54.284819926167081" lon="8.885873438379873">
</wpt>
<wpt lat="54.284819926167081" lon="8.901279208473648">
</wpt>
<wpt lat="54.284819926167081" lon="9.548321552412192">
</wpt>
<wpt lat="54.284819926167081" lon="12.429200559948091">
</wpt>
<wpt lat="54.284819926167081" lon="12.444606330041866">
</wpt>
<wpt lat="54.284819926167081" lon="13.69247370763763">
</wpt>
<wpt lat="54.29381314222627" lon="8.886532821144336">
</wpt>
<wpt lat="54.29381314222627" lon="9.549125595681076">
</wpt>
<wpt lat="54.29381314222627" lon="12.446042842492872">
</wpt>
<wpt lat="54.29381314222627" lon="12.677179856866154">
</wpt>
<wpt lat="54.29381314222627" lon="13.663364451525489">
</wpt>
<wpt lat="54.29381314222627" lon="13.678773585817041">
</wpt>
<wpt lat="54.29381314222627" lon="13.694182720108593">
</wpt>
<wpt lat="54.29381314222627" lon="13.709591854400145">
</wpt>
<wpt lat="54.29381314222627" lon="13.725000988691697">
</wpt>
<wpt lat="54.302806358285459" lon="13.665067671405584">
</wpt>
<wpt lat="54.302806358285459" lon="13.68048017174433">
</wpt>
<wpt lat="54.302806358285459" lon="13.695892672083076">
</wpt>
<wpt lat="54.302806358285459" lon="13.711305172421822">
</wpt>
<wpt lat="54.302806358285459" lon="13.726717672760568">
</wpt>
<wpt lat="54.302806358285459" lon="13.742130173099314">
</wpt>
<wpt lat="54.311799574344647" lon="12.68015626063683">
</wpt>
<wpt lat="54.311799574344647" lon="13.682187696024599">
</wpt>
<wpt lat="54.311799574344647" lon="13.697603564261334">
</wpt>
<wpt lat="54.311799574344647" lon="13.713019432498069">
</wpt>
<wpt lat="54.320792790403836" lon="9.474444188933862">
</wpt>
<wpt lat="54.320792790403836" lon="9.48986342692076">
</wpt>
<wpt lat="54.320792790403836" lon="9.505282664907657">
</wpt>
<wpt lat="54.320792790403836" lon="9.520701902894555">
</wpt>
<wpt lat="54.320792790403836" lon="10.384179230160807">
</wpt>
<wpt lat="54.320792790403836" lon="12.666226452221618">
</wpt>
<wpt lat="54.320792790403836" lon="12.681645690208516">
</wpt>
<wpt lat="54.320792790403836" lon="12.974611211959566">
</wpt>
<wpt lat="54.320792790403836" lon="13.622219207409255">
</wpt>
<wpt lat="54.320792790403836" lon="13.637638445396153">
</wpt>
<wpt lat="54.320792790403836" lon="13.65305768338305">
</wpt>
<wpt lat="54.329786006463024" lon="9.506078363384807">
</wpt>
<wpt lat="54.329786006463024" lon="9.521500972975421">
</wpt>
<wpt lat="54.329786006463024" lon="10.385167110049782">
</wpt>
<wpt lat="54.329786006463024" lon="12.636868110279366">
</wpt>
<wpt lat="54.329786006463024" lon="12.652290719869979">
</wpt>
<wpt lat="54.329786006463024" lon="12.667713329460593">
</wpt>
<wpt lat="54.329786006463024" lon="12.683135939051207">
</wpt>
<wpt lat="54.329786006463024" lon="12.945320302091638">
</wpt>
<wpt lat="54.329786006463024" lon="12.960742911682251">
</wpt>
<wpt lat="54.329786006463024" lon="12.976165521272865">
</wpt>
<wpt lat="54.329786006463024" lon="13.654760343259863">
</wpt>
<wpt lat="54.338779222522213" lon="9.522300482676361">
</wpt>
<wpt lat="54.338779222522213" lon="9.537726465725628">
</wpt>
<wpt lat="54.338779222522213" lon="12.653775041677632">
</wpt>
<wpt lat="54.338779222522213" lon="12.885164787416642">
</wpt>
<wpt lat="54.338779222522213" lon="12.900590770465909">
</wpt>
<wpt lat="54.338779222522213" lon="12.916016753515176">
</wpt>
<wpt lat="54.338779222522213" lon="12.931442736564444">
</wpt>
<wpt lat="54.338779222522213" lon="12.946868719613711">
</wpt>
<wpt lat="54.347772438581401" lon="8.936784814484241">
</wpt>
<wpt lat="54.347772438581401" lon="8.952214172848484">
</wpt>
<wpt lat="54.347772438581401" lon="8.967643531212726">
</wpt>
<wpt lat="54.347772438581401" lon="8.983072889576968">
</wpt>
<wpt lat="54.347772438581401" lon="9.600247224146665">
</wpt>
<wpt lat="54.347772438581401" lon="10.834595893286059">
</wpt>
<wpt lat="54.347772438581401" lon="12.655260180266664">
</wpt>
<wpt lat="54.347772438581401" lon="12.8867005557303">
</wpt>
<wpt lat="54.347772438581401" lon="12.902129914094543">
</wpt>
<wpt lat="54.347772438581401" lon="12.917559272458785">
</wpt>
<wpt lat="54.347772438581401" lon="12.932988630823028">
</wpt>
<wpt lat="54.35676565464059" lon="8.659667632183112">
</wpt>
<wpt lat="54.35676565464059" lon="8.906591400773873">
</wpt>
<wpt lat="54.35676565464059" lon="8.983755078458486">
</wpt>
<wpt lat="54.35676565464059" lon="8.999187813995409">
</wpt>
<wpt lat="54.35676565464059" lon="9.014620549532331">
</wpt>
<wpt lat="54.35676565464059" lon="9.030053285069254">
</wpt>
<wpt lat="54.35676565464059" lon="9.153515169364635">
</wpt>
<wpt lat="54.35676565464059" lon="9.338707995807706">
</wpt>
<wpt lat="54.35676565464059" lon="12.87280443376298">
</wpt>
<wpt lat="54.35676565464059" lon="12.888237169299902">
</wpt>
<wpt lat="54.35676565464059" lon="12.903669904836825">
</wpt>
<wpt lat="54.35676565464059" lon="12.919102640373747">
</wpt>
<wpt lat="54.35676565464059" lon="12.93453537591067">
</wpt>
<wpt lat="54.35676565464059" lon="13.582710268461419">
</wpt>
<wpt lat="54.35676565464059" lon="13.598143003998342">
</wpt>
<wpt lat="54.365758870699779" lon="8.675715351502728">
</wpt>
<wpt lat="54.365758870699779" lon="9.354904392525395">
</wpt>
<wpt lat="54.365758870699779" lon="9.740807256742819">
</wpt>
<wpt lat="54.365758870699779" lon="12.858902399619609">
</wpt>
<wpt lat="54.365758870699779" lon="12.874338514188306">
</wpt>
<wpt lat="54.365758870699779" lon="12.889774628757003">
</wpt>
<wpt lat="54.365758870699779" lon="12.9052107433257">
</wpt>
<wpt lat="54.374752086758967" lon="8.645451682971082">
</wpt>
<wpt lat="54.374752086758967" lon="8.660891178432033">
</wpt>
<wpt lat="54.374752086758967" lon="9.355668474174834">
</wpt>
<wpt lat="54.374752086758967" lon="9.371107969635785">
</wpt>
<wpt lat="54.374752086758967" lon="9.726216365237661">
</wpt>
<wpt lat="54.374752086758967" lon="12.891312934732644">
</wpt>
<wpt lat="54.383745302818156" lon="8.630617700498277">
</wpt>
<wpt lat="54.383745302818156" lon="8.646060578713351">
</wpt>
<wpt lat="54.383745302818156" lon="8.661503456928425">
</wpt>
<wpt lat="54.383745302818156" lon="8.86226087372439">
</wpt>
<wpt lat="54.383745302818156" lon="9.356432976606763">
</wpt>
<wpt lat="54.383745302818156" lon="9.371875854821837">
</wpt>
<wpt lat="54.383745302818156" lon="9.387318733036912">
</wpt>
<wpt lat="54.383745302818156" lon="9.711619175553469">
</wpt>
<wpt lat="54.392738518877344" lon="8.832024963832204">
</wpt>
<wpt lat="54.392738518877344" lon="8.847471226664663">
</wpt>
<wpt lat="54.392738518877344" lon="8.862917489497121">
</wpt>
<wpt lat="54.392738518877344" lon="9.357197900135802">
</wpt>
<wpt lat="54.392738518877344" lon="9.37264416296826">
</wpt>
<wpt lat="54.392738518877344" lon="9.388090425800719">
</wpt>
<wpt lat="54.392738518877344" lon="9.697015682449894">
</wpt>
<wpt lat="54.392738518877344" lon="12.631805620617058">
</wpt>
<wpt lat="54.392738518877344" lon="12.786268248941646">
</wpt>
<wpt lat="54.392738518877344" lon="13.651258967559336">
</wpt>
<wpt lat="54.401731734936533" lon="8.786326220440037">
</wpt>
<wpt lat="54.401731734936533" lon="8.801775869754534">
</wpt>
<wpt lat="54.401731734936533" lon="8.817225519069032">
</wpt>
<wpt lat="54.401731734936533" lon="8.832675168383529">
</wpt>
<wpt lat="54.401731734936533" lon="8.848124817698027">
</wpt>
<wpt lat="54.401731734936533" lon="8.863574467012524">
</wpt>
<wpt lat="54.401731734936533" lon="8.879024116327022">
</wpt>
<wpt lat="54.401731734936533" lon="9.249815699874963">
</wpt>
<wpt lat="54.401731734936533" lon="9.265265349189461">
</wpt>
<wpt lat="54.401731734936533" lon="9.342513595761949">
</wpt>
<wpt lat="54.401731734936533" lon="9.682405880680895">
</wpt>
<wpt lat="54.401731734936533" lon="9.697855529995392">
</wpt>
<wpt lat="54.401731734936533" lon="13.05042943124136">
</wpt>
<wpt lat="54.401731734936533" lon="13.652965754506765">
</wpt>
<wpt lat="54.410724950995721" lon="8.87968484420338">
</wpt>
<wpt lat="54.410724950995721" lon="9.126933446804683">
</wpt>
<wpt lat="54.410724950995721" lon="9.250557748105335">
</wpt>
<wpt lat="54.410724950995721" lon="9.266010785767916">
</wpt>
<wpt lat="54.410724950995721" lon="9.281463823430498">
</wpt>
<wpt lat="54.410724950995721" lon="9.296916861093079">
</wpt>
<wpt lat="54.410724950995721" lon="9.683242802657615">
</wpt>
<wpt lat="54.410724950995721" lon="11.305811757228666">
</wpt>
<wpt lat="54.410724950995721" lon="13.021098937775205">
</wpt>
<wpt lat="54.410724950995721" lon="13.036551975437787">
</wpt>
<wpt lat="54.41971816705491" lon="9.25130020530562">
</wpt>
<wpt lat="54.41971816705491" lon="12.75990933363623">
</wpt>
<wpt lat="54.41971816705491" lon="12.775365761514339">
</wpt>
<wpt lat="54.41971816705491" lon="12.790822189392447">
</wpt>
<wpt lat="54.41971816705491" lon="12.991755751807856">
</wpt>
<wpt lat="54.41971816705491" lon="13.007212179685965">
</wpt>
<wpt lat="54.428711383114099" lon="8.479052073657746">
</wpt>
<wpt lat="54.428711383114099" lon="8.494511893620217">
</wpt>
<wpt lat="54.428711383114099" lon="12.514065083862715">
</wpt>
<wpt lat="54.428711383114099" lon="12.776882023224724">
</wpt>
<wpt lat="54.428711383114099" lon="12.792341843187195">
</wpt>
<wpt lat="54.428711383114099" lon="12.807801663149666">
</wpt>
<wpt lat="54.428711383114099" lon="12.823261483112137">
</wpt>
<wpt lat="54.428711383114099" lon="12.838721303074609">
</wpt>
<wpt lat="54.428711383114099" lon="12.85418112303708">
</wpt>
<wpt lat="54.428711383114099" lon="12.869640942999551">
</wpt>
<wpt lat="54.428711383114099" lon="13.163377522286503">
</wpt>
<wpt lat="54.437704599173287" lon="8.479625651985151">
</wpt>
<wpt lat="54.437704599173287" lon="8.495088865902222">
</wpt>
<wpt lat="54.437704599173287" lon="8.510552079819293">
</wpt>
<wpt lat="54.437704599173287" lon="9.283712775672852">
</wpt>
<wpt lat="54.437704599173287" lon="11.077445590053108">
</wpt>
<wpt lat="54.437704599173287" lon="12.500061270423656">
</wpt>
<wpt lat="54.437704599173287" lon="12.515524484340727">
</wpt>
<wpt lat="54.437704599173287" lon="12.762935907013865">
</wpt>
<wpt lat="54.437704599173287" lon="12.778399120930937">
</wpt>
<wpt lat="54.437704599173287" lon="12.793862334848008">
</wpt>
<wpt lat="54.437704599173287" lon="12.809325548765079">
</wpt>
<wpt lat="54.437704599173287" lon="12.82478876268215">
</wpt>
<wpt lat="54.437704599173287" lon="12.840251976599221">
</wpt>
<wpt lat="54.437704599173287" lon="12.855715190516293">
</wpt>
<wpt lat="54.437704599173287" lon="12.871178404433364">
</wpt>
<wpt lat="54.437704599173287" lon="12.886641618350435">
</wpt>
<wpt lat="54.437704599173287" lon="12.902104832267506">
</wpt>
<wpt lat="54.437704599173287" lon="12.917568046184577">
</wpt>
<wpt lat="54.437704599173287" lon="12.933031260101648">
</wpt>
<wpt lat="54.437704599173287" lon="12.94849447401872">
</wpt>
<wpt lat="54.437704599173287" lon="13.180442682774787">
</wpt>
<wpt lat="54.446697815232476" lon="8.48019954661892">
</wpt>
<wpt lat="54.446697815232476" lon="8.495666156362226">
</wpt>
<wpt lat="54.446697815232476" lon="12.764450445514818">
</wpt>
<wpt lat="54.446697815232476" lon="12.779917055258124">
</wpt>
<wpt lat="54.446697815232476" lon="12.795383665001431">
</wpt>
<wpt lat="54.446697815232476" lon="12.810850274744737">
</wpt>
<wpt lat="54.446697815232476" lon="12.826316884488044">
</wpt>
<wpt lat="54.446697815232476" lon="12.84178349423135">
</wpt>
<wpt lat="54.446697815232476" lon="12.857250103974657">
</wpt>
<wpt lat="54.446697815232476" lon="12.872716713717963">
</wpt>
<wpt lat="54.455691031291664" lon="8.480773757795792">
</wpt>
<wpt lat="54.455691031291664" lon="8.49624376523837">
</wpt>
<wpt lat="54.455691031291664" lon="12.750495811947498">
</wpt>
<wpt lat="54.455691031291664" lon="12.765965819390077">
</wpt>
<wpt lat="54.455691031291664" lon="12.781435826832656">
</wpt>
<wpt lat="54.464684247350853" lon="8.48134828575275">
</wpt>
<wpt lat="54.464684247350853" lon="12.628221366118252">
</wpt>
<wpt lat="54.464684247350853" lon="12.643694773134541">
</wpt>
<wpt lat="54.473677463410041" lon="12.614230991106089">
</wpt>
<wpt lat="54.491663895528418" lon="8.947582282619717">
</wpt>
<wpt lat="54.491663895528418" lon="13.221060574092458">
</wpt>
<wpt lat="54.54562319188355" lon="13.370320976543338">
</wpt>
<wpt lat="54.554616407942738" lon="13.371975479976944">
</wpt>
<wpt lat="54.563609624001927" lon="8.472178142332906">
</wpt>
<wpt lat="54.563609624001927" lon="8.487689068775364">
</wpt>
<wpt lat="54.572602840061116" lon="8.472753068044685">
</wpt>
<wpt lat="54.572602840061116" lon="8.488267416664">
</wpt>
<wpt lat="54.572602840061116" lon="8.519296113902628">
</wpt>
<wpt lat="54.572602840061116" lon="8.534810462521943">
</wpt>
<wpt lat="54.572602840061116" lon="8.550324811141257">
</wpt>
<wpt lat="54.572602840061116" lon="13.173600699696928">
</wpt>
<wpt lat="54.572602840061116" lon="13.3597728831287">
</wpt>
<wpt lat="54.581596056120304" lon="13.190731209192021">
</wpt>
<wpt lat="54.590589272179493" lon="13.192348264139467">
</wpt>
<wpt lat="54.662535000653001" lon="13.329706368885153">
</wpt>
<wpt lat="54.662535000653001" lon="13.345255043611997">
</wpt>
<wpt lat="54.67152821671219" lon="9.80102830414075">
</wpt>
<wpt lat="54.67152821671219" lon="9.816580421943678">
</wpt>
<wpt lat="54.698507864889756" lon="8.340773399602817">
</wpt>
<wpt lat="54.698507864889756" lon="8.356335858090885">
</wpt>
<wpt lat="54.707501080948944" lon="8.35688797310026">
</wpt>
<wpt lat="54.725487513067321" lon="8.482575653316728">
</wpt>
<wpt lat="54.725487513067321" lon="8.498148469705518">
</wpt>
<wpt lat="54.725487513067321" lon="8.513721286094308">
</wpt>
<wpt lat="54.73448072912651" lon="8.483156339604042">
</wpt>
<wpt lat="54.73448072912651" lon="8.498732612458827">
</wpt>
<wpt lat="54.73448072912651" lon="8.514308885313612">
</wpt>
<wpt lat="54.743473945185698" lon="8.514896810698486">
</wpt>
<wpt lat="54.752467161244887" lon="9.96472187609562">
</wpt>
<wpt lat="54.815419673659207" lon="9.25316296070902">
</wpt>
<wpt lat="54.824412889718396" lon="9.25391719142409">
</wpt>
<wpt lat="54.842399321836773" lon="8.802507796745884">
</wpt>
<wpt lat="54.842399321836773" lon="8.81812569726049">
</wpt>
<wpt lat="54.851392537895961" lon="8.787540940752024">
</wpt>
<wpt lat="54.851392537895961" lon="8.803162322788131">
</wpt>
<wpt lat="54.851392537895961" lon="8.818783704824238">
</wpt>
<wpt lat="54.851392537895961" lon="8.834405086860345">
</wpt>
<wpt lat="54.86038575395515" lon="8.78819234759859">
</wpt>
<wpt lat="54.86038575395515" lon="8.803817213093771">
</wpt>
<wpt lat="54.86038575395515" lon="8.819442078588951">
</wpt>
<wpt lat="54.86038575395515" lon="8.835066944084131">
</wpt>
<wpt lat="54.869378970014338" lon="8.788844117045599">
</wpt>
<wpt lat="54.869378970014338" lon="8.804472467938892">
</wpt>
<wpt lat="54.869378970014338" lon="8.820100818832184">
</wpt>
<wpt lat="54.869378970014338" lon="9.054526082231574">
</wpt>
<wpt lat="54.878372186073527" lon="8.773864411135849">
</wpt>
<wpt lat="54.878372186073527" lon="8.789496249367762">
</wpt>
<wpt lat="54.878372186073527" lon="9.055237499310286">
</wpt>
<wpt lat="54.887365402132716" lon="8.774513417327698">
</wpt>
<wpt lat="54.896358618191904" lon="8.743885147528742">
</wpt>
<wpt lat="54.896358618191904" lon="8.759523966265311">
</wpt>
<wpt lat="54.896358618191904" lon="8.77516278500188">
</wpt>
<wpt lat="54.905351834251093" lon="8.7132432668103">
</wpt>
<wpt lat="54.905351834251093" lon="8.728885578715852">
</wpt>
<wpt lat="54.905351834251093" lon="8.744527890621404">
</wpt>
<wpt lat="54.905351834251093" lon="8.760170202526956">
</wpt>
<wpt lat="55.04924329119811" lon="8.425192837507396">
</wpt>
<wpt lat="55.04924329119811" lon="8.440891305835661">
</wpt>
</gpx>
